------------------------------
  Elements     Atomic Weight  
------------------------------
  1.	C         12.01099968
  2.	H          1.00800002
  3.	O         15.99899960
  4.	N         14.00699997
  5.	AR        39.94800186
------------------------------


----------------------------------------------------------------------------------------------------------------------
                                                Molecular        Temperature        Elements
  Species                  Phase  Charge         weight         Low      High       C       H       O       N      AR
----------------------------------------------------------------------------------------------------------------------
    1. N2                    G      0           28.014000    200.00   6000.00       0       0       0       2       0
    2. AR                    G      0           39.948002    200.00   6000.00       0       0       0       0       1
    3. O                     G      0           15.999000    200.00   6000.00       0       0       1       0       0
    4. O2                    G      0           31.997999    200.00   6000.00       0       0       2       0       0
    5. H                     G      0            1.008000    200.00   6000.00       0       1       0       0       0
    6. H2                    G      0            2.016000    200.00   6000.00       0       2       0       0       0
    7. OH                    G      0           17.007000    200.00   6000.00       0       1       1       0       0
    8. HO2                   G      0           33.005999    200.00   6000.00       0       1       2       0       0
    9. H2O                   G      0           18.015000    200.00   6000.00       0       2       1       0       0
   10. H2O2                  G      0           34.013999    200.00   6000.00       0       2       2       0       0
   11. CO                    G      0           28.009999    200.00   6000.00       1       0       1       0       0
   12. CO2                   G      0           44.008999    200.00   6000.00       1       0       2       0       0
   13. CH                    G      0           13.019000    200.00   3500.00       1       1       0       0       0
   14. CH2                   G      0           14.027000    200.00   3500.00       1       2       0       0       0
   15. CH2S                  G      0           14.027000    200.00   3500.00       1       2       0       0       0
   16. CH3                   G      0           15.035000    200.00   6000.00       1       3       0       0       0
   17. CH4                   G      0           16.043000    200.00   6000.00       1       4       0       0       0
   18. CH2OH                 G      0           31.033999    200.00   6000.00       1       3       1       0       0
   19. CH3OH                 G      0           32.041999    200.00   6000.00       1       4       1       0       0
   20. HCO                   G      0           29.017999    200.00   6000.00       1       1       1       0       0
   21. C2H                   G      0           25.029999    300.00   4000.00       2       1       0       0       0
   22. C2H2                  G      0           26.037999    200.00   3500.00       2       2       0       0       0
   23. C2H3                  G      0           27.045999    200.00   6000.00       2       3       0       0       0
   24. C2H4                  G      0           28.053999    200.00   3500.00       2       4       0       0       0
   25. C2H5                  G      0           29.061999    200.00   3500.00       2       5       0       0       0
   26. C2H6                  G      0           30.069999    200.00   3500.00       2       6       0       0       0
   27. HCCO                  G      0           41.028999    200.00   6000.00       2       1       1       0       0
   28. HCCOH                 G      0           42.036999    200.00   6000.00       2       2       1       0       0
   29. CH2CO                 G      0           42.036999    200.00   6000.00       2       2       1       0       0
   30. CH3HCO                G      0           44.052999    200.00   6000.00       2       4       1       0       0
   31. C3H2                  G      0           38.048999    150.00   4000.00       3       2       0       0       0
   32. H2CCCH                G      0           39.056999    200.00   6000.00       3       3       0       0       0
   33. C3H4                  G      0           40.064999    200.00   6000.00       3       4       0       0       0
   34. C3H4P                 G      0           40.064999    300.00   4000.00       3       4       0       0       0
   35. CH2CHCH2              G      0           41.072999    300.00   4000.00       3       5       0       0       0
   36. H2CCCCH               G      0           51.067999    300.00   4000.00       4       3       0       0       0
   37. CH2CHCCH              G      0           52.075999    300.00   4000.00       4       4       0       0       0
   38. CH2CHCHCH             G      0           53.083999    300.00   4000.00       4       5       0       0       0
   39. CH2CHCCH2             G      0           53.083999    300.00   4000.00       4       5       0       0       0
   40. CH2CHCHCH2            G      0           54.091999    300.00   3000.00       4       6       0       0       0
   41. CH3CCCH2              G      0           53.083999    300.00   4000.00       4       5       0       0       0
   42. CH2O                  G      0           30.025999    200.00   6000.00       1       2       1       0       0
   43. C5H5                  G      0           65.094998    200.00   6000.00       5       5       0       0       0
   44. C5H6                  G      0           66.102998    200.00   6000.00       5       6       0       0       0
   45. A1-                   G      0           77.105998    200.00   6000.00       6       5       0       0       0
   46. A1                    G      0           78.113998    300.00   3000.00       6       6       0       0       0
   47. C6H5CH2               G      0           91.132998    200.00   6000.00       7       7       0       0       0
   48. C6H5CH3               G      0           92.140998    300.00   3000.00       7       8       0       0       0
   49. C6H5O                 G      0           93.104998    200.00   6000.00       6       5       1       0       0
   50. C6H5OH                G      0           94.112998    300.00   5000.00       6       6       1       0       0
   51. C6H5C3H2              G      0          115.154997    300.00   5000.00       9       7       0       0       0
   52. P2-                   G      0          153.203996    300.00   3000.00      12       9       0       0       0
   53. P2                    G      0          154.211996    300.00   3000.00      12      10       0       0       0
   54. A1C2H                 G      0          102.135998    200.00   6000.00       8       6       0       0       0
   55. A1C2HP2               G      0          126.157997    300.00   3000.00      10       6       0       0       0
   56. A2-1                  G      0          127.165997    300.00   3000.00      10       7       0       0       0
   57. A2                    G      0          128.173997    300.00   3000.00      10       8       0       0       0
   58. A2C2HA                G      0          152.195996    300.00   3000.00      12       8       0       0       0
   59. A2C2HP2               G      0          176.217996    300.00   3000.00      14       8       0       0       0
   60. A2R5                  G      0          152.195996    300.00   3000.00      12       8       0       0       0
   61. A2R5-                 G      0          151.187996    300.00   3000.00      12       7       0       0       0
   62. IND                   G      0          115.154997    200.00   6000.00       9       7       0       0       0
   63. A3-4                  G      0          177.225996    300.00   3000.00      14       9       0       0       0
   64. A3                    G      0          178.233996    300.00   3000.00      14      10       0       0       0
   65. A3C2H                 G      0          202.255995    300.00   3000.00      16      10       0       0       0
   66. A4-                   G      0          201.247995    300.00   3000.00      16       9       0       0       0
   67. A4                    G      0          202.255995    300.00   3000.00      16      10       0       0       0
   68. BINI-01               G      0          290.279992    300.00   3000.00      24       2       0       0       0
   69. BINI-02               G      0          578.543985    300.00   3000.00      48       2       0       0       0
   70. BINI-03               G      0         1155.071969    300.00   3000.00      96       2       0       0       0
   71. BINI-04               G      0         2308.127939    300.00   3000.00     192       2       0       0       0
   72. BINI-05               G      0         4614.239877    300.00   3000.00     384       2       0       0       0
   73. BINI-06               G      0         9226.463754    300.00   3000.00     768       2       0       0       0
   74. BINI-07               G      0        19375.758483    300.00   3000.00    1613       2       0       0       0
   75. BINI-08               G      0        42617.042863    300.00   3000.00    3548       2       0       0       0
   76. BINI-09               G      0        98023.784385    300.00   3000.00    8161       2       0       0       0
   77. BINI-10               G      0       235249.455724    300.00   3000.00   19586       2       0       0       0
   78. BINI-11               G      0       588120.615310    300.00   3000.00   48965       2       0       0       0
   79. BINI-12               G      0      1529098.363206    300.00   3000.00  127308       2       0       0       0
   80. BINI-13               G      0      4128566.957856    300.00   3000.00  343732       2       0       0       0
   81. BINI-14               G      0     11559964.635598    300.00   3000.00  962448       2       0       0       0
   82. BINI-15               G      0     33523903.221635    300.00   3000.00 2791100       2       0       0       0
   83. BINI-16               G      0    100571717.643905    300.00   3000.00 8373301       2       0       0       0
   84. BINI-17               G      0    311772307.250406    300.00   3000.0025957232       2       0       0       0
   85. BINI-18               G      0    997671361.950698    300.00   3000.0083063141       2       0       0       0
   86. BINI-19               G      0   3292315498.208203    300.00   3000.00274108366       2       0       0       0
   87. BINI-20               G      0  11193872672.254093    300.00   3000.00931968443       2       0       0       0
   88. BINJ-01               G      0          289.271992    300.00   3000.00      24       1       0       0       0
   89. BINJ-02               G      0          577.535985    300.00   3000.00      48       1       0       0       0
   90. BINJ-03               G      0         1154.063969    300.00   3000.00      96       1       0       0       0
   91. BINJ-04               G      0         2307.119938    300.00   3000.00     192       1       0       0       0
   92. BINJ-05               G      0         4613.231877    300.00   3000.00     384       1       0       0       0
   93. BINJ-06               G      0         9225.455754    300.00   3000.00     768       1       0       0       0
   94. BINJ-07               G      0        19374.750483    300.00   3000.00    1613       1       0       0       0
   95. BINJ-08               G      0        42616.034863    300.00   3000.00    3548       1       0       0       0
   96. BINJ-09               G      0        98022.776385    300.00   3000.00    8161       1       0       0       0
   97. BINJ-10               G      0       235248.447724    300.00   3000.00   19586       1       0       0       0
   98. BINJ-11               G      0       588119.607310    300.00   3000.00   48965       1       0       0       0
   99. BINJ-12               G      0      1529097.355206    300.00   3000.00  127308       1       0       0       0
  100. BINJ-13               G      0      4128565.949856    300.00   3000.00  343732       1       0       0       0
  101. BINJ-14               G      0     11559963.627598    300.00   3000.00  962448       1       0       0       0
  102. BINJ-15               G      0     33523902.213635    300.00   3000.00 2791100       1       0       0       0
  103. BINJ-16               G      0    100571716.635905    300.00   3000.00 8373301       1       0       0       0
  104. BINJ-17               G      0    311772306.242406    300.00   3000.0025957232       1       0       0       0
  105. BINJ-18               G      0    997671360.942698    300.00   3000.0083063141       1       0       0       0
  106. BINJ-19               G      0   3292315497.200203    300.00   3000.00274108366       1       0       0       0
  107. BINJ-20               G      0  11193872671.246092    300.00   3000.00931968443       1       0       0       0
----------------------------------------------------------------------------------------------------------------------

----------------------------------------------------------------------------------------------------------------------
                                                Molecular        Temperature        Elements
  Species                  Phase  Charge         weight         Low      High       C       H       O       N      AR
----------------------------------------------------------------------------------------------------------------------
    2. AR                    G      0           39.948002    200.00   6000.00       0       0       0       0       1
    5. H                     G      0            1.008000    200.00   6000.00       0       1       0       0       0
    1. N2                    G      0           28.014000    200.00   6000.00       0       0       0       2       0
    3. O                     G      0           15.999000    200.00   6000.00       0       0       1       0       0
    8. HO2                   G      0           33.005999    200.00   6000.00       0       1       2       0       0
    4. O2                    G      0           31.997999    200.00   6000.00       0       0       2       0       0
    7. OH                    G      0           17.007000    200.00   6000.00       0       1       1       0       0
   10. H2O2                  G      0           34.013999    200.00   6000.00       0       2       2       0       0
    9. H2O                   G      0           18.015000    200.00   6000.00       0       2       1       0       0
    6. H2                    G      0            2.016000    200.00   6000.00       0       2       0       0       0
   13. CH                    G      0           13.019000    200.00   3500.00       1       1       0       0       0
   20. HCO                   G      0           29.017999    200.00   6000.00       1       1       1       0       0
   42. CH2O                  G      0           30.025999    200.00   6000.00       1       2       1       0       0
   14. CH2                   G      0           14.027000    200.00   3500.00       1       2       0       0       0
   15. CH2S                  G      0           14.027000    200.00   3500.00       1       2       0       0       0
   19. CH3OH                 G      0           32.041999    200.00   6000.00       1       4       1       0       0
   17. CH4                   G      0           16.043000    200.00   6000.00       1       4       0       0       0
   16. CH3                   G      0           15.035000    200.00   6000.00       1       3       0       0       0
   18. CH2OH                 G      0           31.033999    200.00   6000.00       1       3       1       0       0
   11. CO                    G      0           28.009999    200.00   6000.00       1       0       1       0       0
   12. CO2                   G      0           44.008999    200.00   6000.00       1       0       2       0       0
   22. C2H2                  G      0           26.037999    200.00   3500.00       2       2       0       0       0
   25. C2H5                  G      0           29.061999    200.00   3500.00       2       5       0       0       0
   24. C2H4                  G      0           28.053999    200.00   3500.00       2       4       0       0       0
   29. CH2CO                 G      0           42.036999    200.00   6000.00       2       2       1       0       0
   30. CH3HCO                G      0           44.052999    200.00   6000.00       2       4       1       0       0
   28. HCCOH                 G      0           42.036999    200.00   6000.00       2       2       1       0       0
   23. C2H3                  G      0           27.045999    200.00   6000.00       2       3       0       0       0
   21. C2H                   G      0           25.029999    300.00   4000.00       2       1       0       0       0
   26. C2H6                  G      0           30.069999    200.00   3500.00       2       6       0       0       0
   27. HCCO                  G      0           41.028999    200.00   6000.00       2       1       1       0       0
   31. C3H2                  G      0           38.048999    150.00   4000.00       3       2       0       0       0
   32. H2CCCH                G      0           39.056999    200.00   6000.00       3       3       0       0       0
   34. C3H4P                 G      0           40.064999    300.00   4000.00       3       4       0       0       0
   33. C3H4                  G      0           40.064999    200.00   6000.00       3       4       0       0       0
   35. CH2CHCH2              G      0           41.072999    300.00   4000.00       3       5       0       0       0
   36. H2CCCCH               G      0           51.067999    300.00   4000.00       4       3       0       0       0
   38. CH2CHCHCH             G      0           53.083999    300.00   4000.00       4       5       0       0       0
   40. CH2CHCHCH2            G      0           54.091999    300.00   3000.00       4       6       0       0       0
   37. CH2CHCCH              G      0           52.075999    300.00   4000.00       4       4       0       0       0
   41. CH3CCCH2              G      0           53.083999    300.00   4000.00       4       5       0       0       0
   39. CH2CHCCH2             G      0           53.083999    300.00   4000.00       4       5       0       0       0
   44. C5H6                  G      0           66.102998    200.00   6000.00       5       6       0       0       0
   43. C5H5                  G      0           65.094998    200.00   6000.00       5       5       0       0       0
   49. C6H5O                 G      0           93.104998    200.00   6000.00       6       5       1       0       0
   50. C6H5OH                G      0           94.112998    300.00   5000.00       6       6       1       0       0
   45. A1-                   G      0           77.105998    200.00   6000.00       6       5       0       0       0
   46. A1                    G      0           78.113998    300.00   3000.00       6       6       0       0       0
   48. C6H5CH3               G      0           92.140998    300.00   3000.00       7       8       0       0       0
   47. C6H5CH2               G      0           91.132998    200.00   6000.00       7       7       0       0       0
   54. A1C2H                 G      0          102.135998    200.00   6000.00       8       6       0       0       0
   51. C6H5C3H2              G      0          115.154997    300.00   5000.00       9       7       0       0       0
   62. IND                   G      0          115.154997    200.00   6000.00       9       7       0       0       0
   57. A2                    G      0          128.173997    300.00   3000.00      10       8       0       0       0
   56. A2-1                  G      0          127.165997    300.00   3000.00      10       7       0       0       0
   55. A1C2HP2               G      0          126.157997    300.00   3000.00      10       6       0       0       0
   52. P2-                   G      0          153.203996    300.00   3000.00      12       9       0       0       0
   61. A2R5-                 G      0          151.187996    300.00   3000.00      12       7       0       0       0
   58. A2C2HA                G      0          152.195996    300.00   3000.00      12       8       0       0       0
   60. A2R5                  G      0          152.195996    300.00   3000.00      12       8       0       0       0
   53. P2                    G      0          154.211996    300.00   3000.00      12      10       0       0       0
   63. A3-4                  G      0          177.225996    300.00   3000.00      14       9       0       0       0
   59. A2C2HP2               G      0          176.217996    300.00   3000.00      14       8       0       0       0
   64. A3                    G      0          178.233996    300.00   3000.00      14      10       0       0       0
   66. A4-                   G      0          201.247995    300.00   3000.00      16       9       0       0       0
   65. A3C2H                 G      0          202.255995    300.00   3000.00      16      10       0       0       0
   67. A4                    G      0          202.255995    300.00   3000.00      16      10       0       0       0
   68. BINI-01               G      0          290.279992    300.00   3000.00      24       2       0       0       0
   88. BINJ-01               G      0          289.271992    300.00   3000.00      24       1       0       0       0
   69. BINI-02               G      0          578.543985    300.00   3000.00      48       2       0       0       0
   89. BINJ-02               G      0          577.535985    300.00   3000.00      48       1       0       0       0
   70. BINI-03               G      0         1155.071969    300.00   3000.00      96       2       0       0       0
   90. BINJ-03               G      0         1154.063969    300.00   3000.00      96       1       0       0       0
   71. BINI-04               G      0         2308.127939    300.00   3000.00     192       2       0       0       0
   91. BINJ-04               G      0         2307.119938    300.00   3000.00     192       1       0       0       0
   92. BINJ-05               G      0         4613.231877    300.00   3000.00     384       1       0       0       0
   72. BINI-05               G      0         4614.239877    300.00   3000.00     384       2       0       0       0
   93. BINJ-06               G      0         9225.455754    300.00   3000.00     768       1       0       0       0
   73. BINI-06               G      0         9226.463754    300.00   3000.00     768       2       0       0       0
   94. BINJ-07               G      0        19374.750483    300.00   3000.00    1613       1       0       0       0
   74. BINI-07               G      0        19375.758483    300.00   3000.00    1613       2       0       0       0
   75. BINI-08               G      0        42617.042863    300.00   3000.00    3548       2       0       0       0
   95. BINJ-08               G      0        42616.034863    300.00   3000.00    3548       1       0       0       0
   96. BINJ-09               G      0        98022.776385    300.00   3000.00    8161       1       0       0       0
   76. BINI-09               G      0        98023.784385    300.00   3000.00    8161       2       0       0       0
   97. BINJ-10               G      0       235248.447724    300.00   3000.00   19586       1       0       0       0
   77. BINI-10               G      0       235249.455724    300.00   3000.00   19586       2       0       0       0
   78. BINI-11               G      0       588120.615310    300.00   3000.00   48965       2       0       0       0
   98. BINJ-11               G      0       588119.607310    300.00   3000.00   48965       1       0       0       0
   79. BINI-12               G      0      1529098.363206    300.00   3000.00  127308       2       0       0       0
   99. BINJ-12               G      0      1529097.355206    300.00   3000.00  127308       1       0       0       0
   80. BINI-13               G      0      4128566.957856    300.00   3000.00  343732       2       0       0       0
  100. BINJ-13               G      0      4128565.949856    300.00   3000.00  343732       1       0       0       0
  101. BINJ-14               G      0     11559963.627598    300.00   3000.00  962448       1       0       0       0
   81. BINI-14               G      0     11559964.635598    300.00   3000.00  962448       2       0       0       0
   82. BINI-15               G      0     33523903.221635    300.00   3000.00 2791100       2       0       0       0
  102. BINJ-15               G      0     33523902.213635    300.00   3000.00 2791100       1       0       0       0
   83. BINI-16               G      0    100571717.643905    300.00   3000.00 8373301       2       0       0       0
  103. BINJ-16               G      0    100571716.635905    300.00   3000.00 8373301       1       0       0       0
   84. BINI-17               G      0    311772307.250406    300.00   3000.0025957232       2       0       0       0
  104. BINJ-17               G      0    311772306.242406    300.00   3000.0025957232       1       0       0       0
   85. BINI-18               G      0    997671361.950698    300.00   3000.0083063141       2       0       0       0
  105. BINJ-18               G      0    997671360.942698    300.00   3000.0083063141       1       0       0       0
  106. BINJ-19               G      0   3292315497.200203    300.00   3000.00274108366       1       0       0       0
   86. BINI-19               G      0   3292315498.208203    300.00   3000.00274108366       2       0       0       0
   87. BINI-20               G      0  11193872672.254093    300.00   3000.00931968443       2       0       0       0
  107. BINJ-20               G      0  11193872671.246092    300.00   3000.00931968443       1       0       0       0
----------------------------------------------------------------------------------------------------------------------

------------------------------------------------------------------------------------------------------------------
  Species                  Shape       eps/kb          sigma             mu           alfa        zRot298         
------------------------------------------------------------------------------------------------------------------
    1. N2                    1        97.5300         3.6210         0.0000         1.7600         4.0000
    2. AR                    0       136.5000         3.3300         0.0000         0.0000         0.0000
    3. O                     0        80.0000         2.7500         0.0000         0.0000         0.0000
    4. O2                    1       107.4000         3.4580         0.0000         1.6000         3.8000
    5. H                     0       145.0000         2.0500         0.0000         0.0000         0.0000
    6. H2                    1        38.0000         2.9200         0.0000         0.7900       280.0000
    7. OH                    1        80.0000         2.7500         0.0000         0.0000         0.0000
    8. HO2                   2       107.4000         3.4580         0.0000         0.0000         1.0000
    9. H2O                   2       572.4000         2.6050         1.8440         0.0000         4.0000
   10. H2O2                  2       107.4000         3.4580         0.0000         0.0000         3.8000
   11. CO                    1        98.1000         3.6500         0.0000         1.9500         1.8000
   12. CO2                   1       244.0000         3.7630         0.0000         2.6500         2.1000
   13. CH                    1        80.0000         2.7500         0.0000         0.0000         0.0000
   14. CH2                   1       144.0000         3.8000         0.0000         0.0000         0.0000
   15. CH2s                  1       144.0000         3.8000         0.0000         0.0000         0.0000
   16. CH3                   1       144.0000         3.8000         0.0000         0.0000         0.0000
   17. CH4                   2       141.4000         3.7460         0.0000         2.6000        13.0000
   18. CH2OH                 2       417.0000         3.6900         1.7000         0.0000         2.0000
   19. CH3OH                 2       481.8000         3.6260         0.0000         0.0000         1.0000
   20. HCO                   2       498.0000         3.5900         0.0000         0.0000         0.0000
   21. C2H                   1       209.0000         4.1000         0.0000         0.0000         2.5000
   22. C2H2                  1       209.0000         4.1000         0.0000         0.0000         2.5000
   23. C2H3                  2       209.0000         4.1000         0.0000         0.0000         1.0000
   24. C2H4                  2       280.8000         3.9710         0.0000         0.0000         1.5000
   25. C2H5                  2       252.3000         4.3020         0.0000         0.0000         1.5000
   26. C2H6                  2       252.3000         4.3020         0.0000         0.0000         1.5000
   27. HCCO                  2       150.0000         2.5000         0.0000         0.0000         1.0000
   28. HCCOH                 2       436.0000         3.9700         0.0000         0.0000         2.0000
   29. CH2CO                 2       436.0000         3.9700         0.0000         0.0000         2.0000
   30. CH3HCO                2       436.0000         3.9700         0.0000         0.0000         2.0000
   31. C3H2                  2       209.0000         4.1000         0.0000         0.0000         1.0000
   32. H2CCCH                2       252.0000         4.7600         0.0000         0.0000         1.0000
   33. C3H4                  1       252.0000         4.7600         0.0000         0.0000         1.0000
   34. C3H4P                 1       252.0000         4.7600         0.0000         0.0000         1.0000
   35. CH2CHCH2              2       260.0000         4.8500         0.0000         0.0000         1.0000
   36. H2CCCCH               2       357.0000         5.1800         0.0000         0.0000         1.0000
   37. CH2CHCCH              2       357.0000         5.1800         0.0000         0.0000         1.0000
   38. CH2CHCHCH             2       357.0000         5.1800         0.0000         0.0000         1.0000
   39. CH2CHCCH2             2       357.0000         5.1800         0.0000         0.0000         1.0000
   40. CH2CHCHCH2            2       357.0000         5.1800         0.0000         0.0000         1.0000
   41. CH3CCCH2              2       357.0000         5.1800         0.0000         0.0000         1.0000
   42. CH2O                  2       498.0000         3.5900         0.0000         0.0000         2.0000
   43. C5H5                  1       357.0000         5.1800         0.0000         0.0000         1.0000
   44. C5H6                  1       357.0000         5.1800         0.0000         0.0000         1.0000
   45. A1-                   2       412.3000         5.3490         0.0000         0.0000         1.0000
   46. A1                    2       412.3000         5.3490         0.0000         0.0000         1.0000
   47. C6H5CH2               2       450.0000         5.5490         0.0000         0.0000         1.0000
   48. C6H5CH3               2       450.0000         5.5490         0.0000         0.0000         1.0000
   49. C6H5O                 2       450.0000         5.5000         0.0000         0.0000         1.0000
   50. C6H5OH                2       450.0000         5.5000         0.0000         0.0000         1.0000
   51. C6H5C3H2              2       450.0000         5.7190         0.0000         0.0000         1.0000
   52. P2-                   2       450.0000         6.4630         0.0000         0.0000         1.0000
   53. P2                    2       450.0000         6.4770         0.0000         0.0000         1.0000
   54. A1C2H                 2       450.0000         5.6460         0.0000         0.0000         1.0000
   55. A1C2HP2               2       450.0000         5.6460         0.0000         0.0000         1.0000
   56. A2-1                  2       523.4000         6.5680         0.0000         0.0000         1.0000
   57. A2                    2       523.4000         6.5680         0.0000         0.0000         1.0000
   58. A2C2HA                2       523.4000         6.5680         0.0000         0.0000         1.0000
   59. A2C2HP2               2       523.4000         6.5680         0.0000         0.0000         1.0000
   60. A2R5                  2       523.4000         6.5680         0.0000         0.0000         1.0000
   61. A2R5-                 2       523.4000         6.5680         0.0000         0.0000         1.0000
   62. IND                   2       523.4000         6.5680         0.0000         0.0000         1.0000
   63. A3-4                  2       523.4000         6.5680         0.0000         0.0000         1.0000
   64. A3                    2       523.4000         6.5680         0.0000         0.0000         1.0000
   65. A3C2H                 2       523.4000         6.5680         0.0000         0.0000         1.0000
   66. A4-                   2       776.2000         7.4070         0.0000         0.0000         1.0000
   67. A4                    2       776.2000         7.4070         0.0000         0.0000         1.0000
   68. BINi-01               2       951.6850         8.4710         0.0000         0.0000         1.0000
   69. BINi-02               2      1371.0300        10.6500         0.0000         0.0000         1.0000
   70. BINi-03               2      1964.0700        13.4100         0.0000         0.0000         1.0000
   71. BINi-04               2      2802.7600        16.8800         0.0000         0.0000         1.0000
   72. BINi-05               2      2802.7600        16.8800         0.0000         0.0000         1.0000
   73. BINi-06               2      2802.7600        16.8800         0.0000         0.0000         1.0000
   74. BINi-07               2      2802.7600        16.8800         0.0000         0.0000         1.0000
   75. BINi-08               2      2802.7600        16.8800         0.0000         0.0000         1.0000
   76. BINi-09               2      2802.7600        16.8800         0.0000         0.0000         1.0000
   77. BINi-10               2      2802.7600        16.8800         0.0000         0.0000         1.0000
   78. BINi-11               2      2802.7600        16.8800         0.0000         0.0000         1.0000
   79. BINi-12               2      2802.7600        16.8800         0.0000         0.0000         1.0000
   80. BINi-13               2      2802.7600        16.8800         0.0000         0.0000         1.0000
   81. BINi-14               2      2802.7600        16.8800         0.0000         0.0000         1.0000
   82. BINi-15               2      2802.7600        16.8800         0.0000         0.0000         1.0000
   83. BINi-16               2      2802.7600        16.8800         0.0000         0.0000         1.0000
   84. BINi-17               2      2802.7600        16.8800         0.0000         0.0000         1.0000
   85. BINi-18               2      2802.7600        16.8800         0.0000         0.0000         1.0000
   86. BINi-19               2      2802.7600        16.8800         0.0000         0.0000         1.0000
   87. BINi-20               2      2802.7600        16.8800         0.0000         0.0000         1.0000
   88. BINj-01               2       951.6850         8.4710         0.0000         0.0000         1.0000
   89. BINj-02               2      1371.0300        10.6500         0.0000         0.0000         1.0000
   90. BINj-03               2      1964.0700        13.4100         0.0000         0.0000         1.0000
   91. BINj-04               2      2802.7600        16.8800         0.0000         0.0000         1.0000
   92. BINj-05               2      2802.7600        16.8800         0.0000         0.0000         1.0000
   93. BINj-06               2      2802.7600        16.8800         0.0000         0.0000         1.0000
   94. BINj-07               2      2802.7600        16.8800         0.0000         0.0000         1.0000
   95. BINj-08               2      2802.7600        16.8800         0.0000         0.0000         1.0000
   96. BINj-09               2      2802.7600        16.8800         0.0000         0.0000         1.0000
   97. BINj-10               2      2802.7600        16.8800         0.0000         0.0000         1.0000
   98. BINj-11               2      2802.7600        16.8800         0.0000         0.0000         1.0000
   99. BINj-12               2      2802.7600        16.8800         0.0000         0.0000         1.0000
  100. BINj-13               2      2802.7600        16.8800         0.0000         0.0000         1.0000
  101. BINj-14               2      2802.7600        16.8800         0.0000         0.0000         1.0000
  102. BINj-15               2      2802.7600        16.8800         0.0000         0.0000         1.0000
  103. BINj-16               2      2802.7600        16.8800         0.0000         0.0000         1.0000
  104. BINj-17               2      2802.7600        16.8800         0.0000         0.0000         1.0000
  105. BINj-18               2      2802.7600        16.8800         0.0000         0.0000         1.0000
  106. BINj-19               2      2802.7600        16.8800         0.0000         0.0000         1.0000
  107. BINj-20               2      2802.7600        16.8800         0.0000         0.0000         1.0000
------------------------------------------------------------------------------------------------------------------


------------------------------------------------------------------------------------------------------------------
  Species                  Shape       eps/kb          sigma             mu           alfa        zRot298         
------------------------------------------------------------------------------------------------------------------
    1. N2                    1        97.5300         3.6210         0.0000         1.7600         4.0000
    2. AR                    0       136.5000         3.3300         0.0000         0.0000         0.0000
    3. O                     0        80.0000         2.7500         0.0000         0.0000         0.0000
    4. O2                    1       107.4000         3.4580         0.0000         1.6000         3.8000
    5. H                     0       145.0000         2.0500         0.0000         0.0000         0.0000
    6. H2                    1        38.0000         2.9200         0.0000         0.7900       280.0000
    7. OH                    1        80.0000         2.7500         0.0000         0.0000         0.0000
    8. HO2                   2       107.4000         3.4580         0.0000         0.0000         1.0000
    9. H2O                   2       572.4000         2.6050         1.8440         0.0000         4.0000
   10. H2O2                  2       107.4000         3.4580         0.0000         0.0000         3.8000
   11. CO                    1        98.1000         3.6500         0.0000         1.9500         1.8000
   12. CO2                   1       244.0000         3.7630         0.0000         2.6500         2.1000
   13. CH                    1        80.0000         2.7500         0.0000         0.0000         0.0000
   14. CH2                   1       144.0000         3.8000         0.0000         0.0000         0.0000
   15. CH2s                  1       144.0000         3.8000         0.0000         0.0000         0.0000
   16. CH3                   1       144.0000         3.8000         0.0000         0.0000         0.0000
   17. CH4                   2       141.4000         3.7460         0.0000         2.6000        13.0000
   18. CH2OH                 2       417.0000         3.6900         1.7000         0.0000         2.0000
   19. CH3OH                 2       481.8000         3.6260         0.0000         0.0000         1.0000
   20. HCO                   2       498.0000         3.5900         0.0000         0.0000         0.0000
   21. C2H                   1       209.0000         4.1000         0.0000         0.0000         2.5000
   22. C2H2                  1       209.0000         4.1000         0.0000         0.0000         2.5000
   23. C2H3                  2       209.0000         4.1000         0.0000         0.0000         1.0000
   24. C2H4                  2       280.8000         3.9710         0.0000         0.0000         1.5000
   25. C2H5                  2       252.3000         4.3020         0.0000         0.0000         1.5000
   26. C2H6                  2       252.3000         4.3020         0.0000         0.0000         1.5000
   27. HCCO                  2       150.0000         2.5000         0.0000         0.0000         1.0000
   28. HCCOH                 2       436.0000         3.9700         0.0000         0.0000         2.0000
   29. CH2CO                 2       436.0000         3.9700         0.0000         0.0000         2.0000
   30. CH3HCO                2       436.0000         3.9700         0.0000         0.0000         2.0000
   31. C3H2                  2       209.0000         4.1000         0.0000         0.0000         1.0000
   32. H2CCCH                2       252.0000         4.7600         0.0000         0.0000         1.0000
   33. C3H4                  1       252.0000         4.7600         0.0000         0.0000         1.0000
   34. C3H4P                 1       252.0000         4.7600         0.0000         0.0000         1.0000
   35. CH2CHCH2              2       260.0000         4.8500         0.0000         0.0000         1.0000
   36. H2CCCCH               2       357.0000         5.1800         0.0000         0.0000         1.0000
   37. CH2CHCCH              2       357.0000         5.1800         0.0000         0.0000         1.0000
   38. CH2CHCHCH             2       357.0000         5.1800         0.0000         0.0000         1.0000
   39. CH2CHCCH2             2       357.0000         5.1800         0.0000         0.0000         1.0000
   40. CH2CHCHCH2            2       357.0000         5.1800         0.0000         0.0000         1.0000
   41. CH3CCCH2              2       357.0000         5.1800         0.0000         0.0000         1.0000
   42. CH2O                  2       498.0000         3.5900         0.0000         0.0000         2.0000
   43. C5H5                  1       357.0000         5.1800         0.0000         0.0000         1.0000
   44. C5H6                  1       357.0000         5.1800         0.0000         0.0000         1.0000
   45. A1-                   2       412.3000         5.3490         0.0000         0.0000         1.0000
   46. A1                    2       412.3000         5.3490         0.0000         0.0000         1.0000
   47. C6H5CH2               2       450.0000         5.5490         0.0000         0.0000         1.0000
   48. C6H5CH3               2       450.0000         5.5490         0.0000         0.0000         1.0000
   49. C6H5O                 2       450.0000         5.5000         0.0000         0.0000         1.0000
   50. C6H5OH                2       450.0000         5.5000         0.0000         0.0000         1.0000
   51. C6H5C3H2              2       450.0000         5.7190         0.0000         0.0000         1.0000
   52. P2-                   2       450.0000         6.4630         0.0000         0.0000         1.0000
   53. P2                    2       450.0000         6.4770         0.0000         0.0000         1.0000
   54. A1C2H                 2       450.0000         5.6460         0.0000         0.0000         1.0000
   55. A1C2HP2               2       450.0000         5.6460         0.0000         0.0000         1.0000
   56. A2-1                  2       523.4000         6.5680         0.0000         0.0000         1.0000
   57. A2                    2       523.4000         6.5680         0.0000         0.0000         1.0000
   58. A2C2HA                2       523.4000         6.5680         0.0000         0.0000         1.0000
   59. A2C2HP2               2       523.4000         6.5680         0.0000         0.0000         1.0000
   60. A2R5                  2       523.4000         6.5680         0.0000         0.0000         1.0000
   61. A2R5-                 2       523.4000         6.5680         0.0000         0.0000         1.0000
   62. IND                   2       523.4000         6.5680         0.0000         0.0000         1.0000
   63. A3-4                  2       523.4000         6.5680         0.0000         0.0000         1.0000
   64. A3                    2       523.4000         6.5680         0.0000         0.0000         1.0000
   65. A3C2H                 2       523.4000         6.5680         0.0000         0.0000         1.0000
   66. A4-                   2       776.2000         7.4070         0.0000         0.0000         1.0000
   67. A4                    2       776.2000         7.4070         0.0000         0.0000         1.0000
   68. BINi-01               2       951.6850         8.4710         0.0000         0.0000         1.0000
   69. BINi-02               2      1371.0300        10.6500         0.0000         0.0000         1.0000
   70. BINi-03               2      1964.0700        13.4100         0.0000         0.0000         1.0000
   71. BINi-04               2      2802.7600        16.8800         0.0000         0.0000         1.0000
   72. BINi-05               2      2802.7600        16.8800         0.0000         0.0000         1.0000
   73. BINi-06               2      2802.7600        16.8800         0.0000         0.0000         1.0000
   74. BINi-07               2      2802.7600        16.8800         0.0000         0.0000         1.0000
   75. BINi-08               2      2802.7600        16.8800         0.0000         0.0000         1.0000
   76. BINi-09               2      2802.7600        16.8800         0.0000         0.0000         1.0000
   77. BINi-10               2      2802.7600        16.8800         0.0000         0.0000         1.0000
   78. BINi-11               2      2802.7600        16.8800         0.0000         0.0000         1.0000
   79. BINi-12               2      2802.7600        16.8800         0.0000         0.0000         1.0000
   80. BINi-13               2      2802.7600        16.8800         0.0000         0.0000         1.0000
   81. BINi-14               2      2802.7600        16.8800         0.0000         0.0000         1.0000
   82. BINi-15               2      2802.7600        16.8800         0.0000         0.0000         1.0000
   83. BINi-16               2      2802.7600        16.8800         0.0000         0.0000         1.0000
   84. BINi-17               2      2802.7600        16.8800         0.0000         0.0000         1.0000
   85. BINi-18               2      2802.7600        16.8800         0.0000         0.0000         1.0000
   86. BINi-19               2      2802.7600        16.8800         0.0000         0.0000         1.0000
   87. BINi-20               2      2802.7600        16.8800         0.0000         0.0000         1.0000
   88. BINj-01               2       951.6850         8.4710         0.0000         0.0000         1.0000
   89. BINj-02               2      1371.0300        10.6500         0.0000         0.0000         1.0000
   90. BINj-03               2      1964.0700        13.4100         0.0000         0.0000         1.0000
   91. BINj-04               2      2802.7600        16.8800         0.0000         0.0000         1.0000
   92. BINj-05               2      2802.7600        16.8800         0.0000         0.0000         1.0000
   93. BINj-06               2      2802.7600        16.8800         0.0000         0.0000         1.0000
   94. BINj-07               2      2802.7600        16.8800         0.0000         0.0000         1.0000
   95. BINj-08               2      2802.7600        16.8800         0.0000         0.0000         1.0000
   96. BINj-09               2      2802.7600        16.8800         0.0000         0.0000         1.0000
   97. BINj-10               2      2802.7600        16.8800         0.0000         0.0000         1.0000
   98. BINj-11               2      2802.7600        16.8800         0.0000         0.0000         1.0000
   99. BINj-12               2      2802.7600        16.8800         0.0000         0.0000         1.0000
  100. BINj-13               2      2802.7600        16.8800         0.0000         0.0000         1.0000
  101. BINj-14               2      2802.7600        16.8800         0.0000         0.0000         1.0000
  102. BINj-15               2      2802.7600        16.8800         0.0000         0.0000         1.0000
  103. BINj-16               2      2802.7600        16.8800         0.0000         0.0000         1.0000
  104. BINj-17               2      2802.7600        16.8800         0.0000         0.0000         1.0000
  105. BINj-18               2      2802.7600        16.8800         0.0000         0.0000         1.0000
  106. BINj-19               2      2802.7600        16.8800         0.0000         0.0000         1.0000
  107. BINj-20               2      2802.7600        16.8800         0.0000         0.0000         1.0000
------------------------------------------------------------------------------------------------------------------


---------------------------------------------------------------------------------------
                                  CHEMICAL REACTIONS                                   

                          Units: [mol, cm3, s] and [cal/mol]                           
---------------------------------------------------------------------------------------


      1. O2 + H  = O + OH 
         k:       8.300000e+13	    0.00      14413.00


      2. O + H2  = H + OH 
         k:       5.000000e+04	    2.67       6290.00


      3. H2 + OH  = H + H2O 
         k:       2.160000e+08	    1.51       3430.00


      4. 2OH  = O + H2O 
         k:       3.570000e+04	    2.40      -2110.00


      5. 2H +M  = H2 +M 
         k:       1.000000e+18	   -1.00          0.00
         Third body efficiencies
         H2                  	enhanced by	   0.000
         H2O                 	enhanced by	   0.000
         CH4                 	enhanced by	   2.000
         CO2                 	enhanced by	   0.000
         C2H6                	enhanced by	   3.000
         AR                  	enhanced by	   0.630


      6. 2H + H2  = 2H2 
         k:       9.000000e+16	   -0.60          0.00


      7. 2H + H2O  = H2 + H2O 
         k:       6.000000e+19	   -1.25          0.00


      8. 2H + CO2  = H2 + CO2 
         k:       5.500000e+20	   -2.00          0.00


      9. H + OH +M  = H2O +M 
         k:       2.200000e+22	   -2.00          0.00
         Third body efficiencies
         H2                  	enhanced by	   0.730
         H2O                 	enhanced by	   3.650
         CH4                 	enhanced by	   2.000
         C2H6                	enhanced by	   3.000
         AR                  	enhanced by	   0.380


     10. O + H +M  = OH +M 
         k:       5.000000e+17	   -1.00          0.00
         Third body efficiencies
         H2                  	enhanced by	   2.000
         H2O                 	enhanced by	   6.000
         CH4                 	enhanced by	   2.000
         CO                  	enhanced by	   1.500
         CO2                 	enhanced by	   2.000
         C2H6                	enhanced by	   3.000
         AR                  	enhanced by	   0.700


     11. 2O +M  = O2 +M 
         k:       1.200000e+17	   -1.00          0.00
         Third body efficiencies
         H2                  	enhanced by	   2.400
         H2O                 	enhanced by	  15.400
         CH4                 	enhanced by	   2.000
         CO                  	enhanced by	   1.750
         CO2                 	enhanced by	   3.600
         C2H6                	enhanced by	   3.000
         AR                  	enhanced by	   0.830


     12. O2 + H +M  = HO2 +M 
         k:       2.800000e+18	   -0.86          0.00
         Third body efficiencies
         O2                  	enhanced by	   0.000
         H2O                 	enhanced by	   0.000
         CO                  	enhanced by	   0.750
         CO2                 	enhanced by	   1.500
         C2H6                	enhanced by	   1.500
         N2                  	enhanced by	   0.000
         AR                  	enhanced by	   0.000


     13. 2O2 + H  = O2 + HO2 
         k:       3.000000e+20	   -1.72          0.00


     14. O2 + H + H2O  = HO2 + H2O 
         k:       9.380000e+18	   -0.76          0.00


     15. N2 + O2 + H  = N2 + HO2 
         k:       3.750000e+20	   -1.72          0.00


     16. AR + O2 + H  = AR + HO2 
         k:       7.000000e+17	   -0.80          0.00


     17. 2OH (+M)  = H2O2 (+M) 
         Fall-off (Troe)
         k0:      2.300000e+18	   -0.90      -1700.00
         kInf:    7.400000e+13	   -0.37          0.00
         Troe Parameters
         a    7.35e-01
         T*** 9.40e+01
         T*   1.76e+03
         T**  5.18e+03
         Third body efficiencies
         H2                  	enhanced by	   2.000
         H2O                 	enhanced by	   6.000
         CH4                 	enhanced by	   2.000
         CO                  	enhanced by	   1.500
         CO2                 	enhanced by	   2.000
         C2H6                	enhanced by	   3.000
         AR                  	enhanced by	   0.700


     18. H + HO2  = O + H2O 
         k:       3.970000e+12	    0.00        671.00


     19. H + HO2  = O2 + H2 
         k:       2.800000e+13	    0.00       1068.00


     20. H + HO2  = 2OH 
         k:       1.340000e+14	    0.00        635.00


     21. O + HO2  = O2 + OH 
         k:       2.000000e+13	    0.00          0.00


     22. OH + HO2  = O2 + H2O 
         k:       2.900000e+13	    0.00       -500.00


     23. 2HO2  = O2 + H2O2 
         k:       1.300000e+11	    0.00      -1630.00


     24. 2HO2  = O2 + H2O2 
         k:       4.200000e+14	    0.00      12000.00


     25. H + H2O2  = H2 + HO2 
         k:       1.210000e+07	    2.00       5200.00


     26. H + H2O2  = OH + H2O 
         k:       1.000000e+13	    0.00       3600.00


     27. O + H2O2  = OH + HO2 
         k:       9.630000e+06	    2.00       4000.00


     28. OH + H2O2  = HO2 + H2O 
         k:       1.750000e+12	    0.00        320.00


     29. OH + H2O2  = HO2 + H2O 
         k:       5.800000e+14	    0.00       9560.00


     30. OH + CO  = H + CO2 
         k:       5.060000e+06	    1.50       -497.00


     31. HO2 + CO  = OH + CO2 
         k:       1.500000e+14	    0.00      23650.00


     32. O + CH  = H + CO 
         k:       3.970000e+13	    0.00          0.00


     33. O2 + CH  = OH + CO 
         k:       3.310000e+13	    0.00          0.00


     34. H + CH2  = H2 + CH 
         k:       6.020000e+12	    0.00      -1789.20


     35. O + CH2  = 2H + CO 
         k:       1.200000e+14	    0.00          0.00


     36. O2 + CH2  = 2H + CO2 
         k:       2.470000e+13	    0.00       1491.00


     37. 2CH2  = H2 + C2H2 
         k:       1.200000e+14	    0.00        795.20


     38. CH2 + CH3  = H + C2H4 
         k:       4.220000e+13	    0.00          0.00


     39. CH2s +M  = CH2 +M 
         k:       1.000000e+13	    0.00          0.00
         Third body efficiencies
         H                   	enhanced by	  12.000
         H2O                 	enhanced by	   3.000
         C2H2                	enhanced by	   4.000


     40. CH2s + CH4  = 2CH3 
         k:       4.000000e+13	    0.00          0.00


     41. CH2s + C2H6  = CH3 + C2H5 
         k:       1.200000e+14	    0.00          0.00


     42. O2 + CH2s  = H + OH + CO 
         k:       7.000000e+13	    0.00          0.00


     43. H2 + CH2s  = H + CH3 
         k:       7.000000e+13	    0.00          0.00


     44. H2O + CH2s  = OH + CH3 
         k:       1.000000e+14	    0.00          0.00


     45. O + CH2s  = 2H + CO 
         k:       3.000000e+13	    0.00          0.00


     46. OH + CH2s  = H + CH2O 
         k:       3.000000e+13	    0.00          0.00


     47. H + CH2s  = H2 + CH 
         k:       3.000000e+13	    0.00          0.00


     48. CO2 + CH2s  = CO + CH2O 
         k:       3.000000e+12	    0.00          0.00


     49. CH2s + CH3  = H + C2H4 
         k:       2.000000e+13	    0.00          0.00


     50. CH2s + CH2CO  = CO + C2H4 
         k:       1.600000e+14	    0.00          0.00


     51. H + CH3  = H2 + CH2 
         k:       6.020000e+13	    0.00      15108.80


     52. O + CH3  = H + CH2O 
         k:       8.430000e+13	    0.00          0.00


     53. O2 + CH3  = O + H + CH2O 
         k:       3.000000e+13	    0.00      28711.48


     54. O2 + CH3  = OH + CH2O 
         k:       3.310000e+11	    0.00       8946.00


     55. OH + CH3  = H2 + CH2O 
         k:       8.000000e+12	    0.00          0.00


     56. OH + CH3  = 2H + CH2O 
         k:       4.560000e+14	    0.00      15493.87


     57. OH + CH3  = H2O + CH2 
         k:       3.610000e+13	    0.00          0.00


     58. CH3 + CH2O  = CH4 + HCO 
         k:       4.090000e+12	    0.00       8846.60


     59. 2CH3  = H + C2H5 
         k:       3.010000e+13	    0.00      13518.40


     60. 2CH3  = H2 + C2H4 
         k:       1.000000e+16	    0.00      32013.50


     61. 2CH3 (+M)  = C2H6 (+M) 
         Fall-off (Troe)
         k0:      3.400000e+41	   -7.03       2762.00
         kInf:    6.770000e+16	   -1.18        654.00
         Troe Parameters
         a    6.19e-01
         T*** 7.32e+01
         T*   1.18e+03
         T**  1.00e+04
         Third body efficiencies
         H2                  	enhanced by	   2.000
         H2O                 	enhanced by	   6.000
         CH4                 	enhanced by	   2.000
         CO                  	enhanced by	   1.500
         CO2                 	enhanced by	   2.000
         C2H6                	enhanced by	   3.000
         AR                  	enhanced by	   0.700


     62. H + CH3 (+M)  = CH4 (+M) 
         Fall-off (Lindemann)
         k0:      8.000000e+26	   -3.00          0.00
         kInf:    6.000000e+16	   -1.00          0.00
         Third body efficiencies
         H2                  	enhanced by	   2.000
         CO                  	enhanced by	   2.000
         CO2                 	enhanced by	   3.000
         H2O                 	enhanced by	   5.000


     63. H + CH4  = H2 + CH3 
         k:       2.200000e+04	    3.00       8041.46


     64. O + CH4  = OH + CH3 
         k:       9.030000e+08	    1.56       8488.76


     65. OH + CH4  = H2O + CH3 
         k:       1.560000e+07	    1.83       2783.20


     66. H + CH3OH  = H2 + CH2OH 
         k:       3.400000e+13	    0.00       2600.00


     67. OH + CH3OH  = H2O + CH2OH 
         k:       4.800000e+13	    0.00       4500.00


     68. H + CH3OH  = H2O + CH3 
         k:       1.300000e+13	    0.00       5300.00


     69. O + CH3OH  = OH + CH2OH 
         k:       1.700000e+12	    0.00       2250.00


     70. CH2OH +M  = H + CH2O +M 
         k:       5.000000e+13	    0.00      21000.00


     71. O2 + CH2OH  = HO2 + CH2O 
         k:       1.000000e+14	    0.00       5000.00


     72. H + CH2OH  = H2 + CH2O 
         k:       2.000000e+13	    0.00          0.00


     73. O + CH2OH  = OH + CH2O 
         k:       1.000000e+13	    0.00          0.00


     74. OH + CH2OH  = H2O + CH2O 
         k:       1.000000e+13	    0.00          0.00


     75. H + CH2O  = H2 + HCO 
         k:       2.290000e+10	    1.05       3280.20


     76. O + CH2O  = OH + HCO 
         k:       4.160000e+11	    0.57       2763.32


     77. OH + CH2O  = H2O + HCO 
         k:       3.430000e+09	    1.18       -447.30


     78. H + HCO  = H2 + CO 
         k:       9.030000e+13	    0.00          0.00


     79. O + HCO  = H + CO2 
         k:       3.010000e+13	    0.00          0.00


     80. O + HCO  = OH + CO 
         k:       3.010000e+13	    0.00          0.00


     81. OH + HCO  = H2O + CO 
         k:       1.020000e+14	    0.00          0.00


     82. O2 + HCO  = HO2 + CO 
         k:       3.010000e+12	    0.00          0.00


     83. HCO +M  = H + CO +M 
         k:       7.000000e+14	   -1.00      16990.66


     84. CH + CH2  = H + C2H2 
         k:       4.000000e+13	    0.00          0.00


     85. O + C2H  = CO + CH 
         k:       1.020000e+13	    0.00          0.00


     86. O2 + C2H  = H + 2CO 
         k:       1.810000e+13	    0.00          0.00


     87. O + C2H2  = OH + C2H 
         k:       3.160000e+15	   -0.60      15000.00


     88. OH + C2H2  = H + HCCOH 
         k:       5.040000e+05	    2.30      13500.00


     89. OH + C2H2  = CO + CH3 
         k:       4.830000e-04	    4.00      -2000.00


     90. O2 + C2H2  = OH + HCCO 
         k:       2.000000e+08	    1.50      30100.00


     91. H + C2H2 (+M)  = C2H3 (+M) 
         Fall-off (Lindemann)
         k0:      2.670000e+27	   -3.50       2410.00
         kInf:    5.540000e+12	    0.00       2410.00
         Third body efficiencies
         H2                  	enhanced by	   2.000
         CO                  	enhanced by	   2.000
         CO2                 	enhanced by	   3.000
         H2O                 	enhanced by	   5.000


     92. H + C2H2  = H2 + C2H 
         k:       6.020000e+13	    0.00      27832.00


     93. O + C2H2  = CO + CH2 
         k:       1.400000e+06	    2.10       1562.00


     94. O + C2H2  = H + HCCO 
         k:       1.430000e+07	    2.00       1900.00


     95. OH + C2H2  = H + CH2CO 
         k:       2.180000e-04	    4.50      -1000.00


     96. OH + C2H2  = H2O + C2H 
         k:       3.370000e+07	    2.00      14000.00


     97. CH + C2H2  = H + C3H2 
         k:       1.000000e+14	    0.00          0.00


     98. C2H2 +M  = H + C2H +M 
         k:       4.200000e+16	    0.00     107000.00


     99. O + C2H4  = CH3 + HCO 
         k:       3.460000e+06	    2.08          0.00


    100. OH + C2H4  = H2O + C2H3 
         k:       2.050000e+13	    0.00       5944.12


    101. H + C2H4  = H2 + C2H3 
         k:       8.150000e+14	    0.00      14910.00


    102. O2 + C2H3  = HO2 + C2H2 
         k:       1.000000e+12	    0.00          0.00


    103. O + C2H3  = H + CH2CO 
         k:       3.000000e+13	    0.00          0.00


    104. O2 + C2H3  => HCO + CH2O 
         k:       5.420000e+12	    0.00          0.00


    105. C2H4 +M  = H2 + C2H2 +M 
         k:       1.500000e+15	    0.00      55800.00


    106. C2H4 +M  = H + C2H3 +M 
         k:       1.400000e+16	    0.00      82360.00


    107. CH2 + C2H3  = CH3 + C2H2 
         k:       3.000000e+13	    0.00          0.00


    108. C2H + C2H3  = 2C2H2 
         k:       3.000000e+13	    0.00          0.00


    109. CH + C2H3  = CH2 + C2H2 
         k:       5.000000e+13	    0.00          0.00


    110. OH + C2H3  = H2O + C2H2 
         k:       1.000000e+12	    0.00          0.00


    111. H + C2H3  = H2 + C2H2 
         k:       3.000000e+13	    0.00          0.00


    112. H + C2H6  = H2 + C2H5 
         k:       1.450000e+09	    1.50       7415.24


    113. O + C2H6  = OH + C2H5 
         k:       1.000000e+09	    1.50       5804.96


    114. OH + C2H6  = H2O + C2H5 
         k:       7.230000e+06	    2.00        864.78


    115. O + C2H5  = H + CH3HCO 
         k:       6.620000e+13	    0.00          0.00


    116. O2 + C2H5  = HO2 + C2H4 
         k:       1.020000e+10	    0.00      -2186.80


    117. C2H5  = H + C2H4 
         k:       3.000000e+42	   -9.50      49561.26


    118. H + HCCO  = CO + CH2s 
         k:       1.000000e+14	    0.00          0.00


    119. O + HCCO  = H + 2CO 
         k:       8.000000e+13	    0.00          0.00


    120. OH + HCCO  => H + CO + HCO 
         k:       1.000000e+14	    0.00          0.00


    121. O2 + HCCO  => OH + 2CO 
         k:       1.630000e+12	    0.00        854.84


    122. C2H2 + HCCO  = CO + H2CCCH 
         k:       1.000000e+11	    0.00       3000.00


    123. 2HCCO  = 2CO + C2H2 
         k:       1.000000e+13	    0.00          0.00


    124. CH + HCCO  = CO + C2H2 
         k:       5.000000e+13	    0.00          0.00


    125. H + CH3HCO  = H2 + CO + CH3 
         k:       4.000000e+13	    0.00       4201.04


    126. OH + CH3HCO  = H2O + CO + CH3 
         k:       1.000000e+13	    0.00          0.00


    127. H + CH2CO  = CO + CH3 
         k:       1.810000e+13	    0.00       3379.60


    128. O + CH2CO  = 2HCO 
         k:       2.290000e+12	    0.00       1351.84


    129. OH + CH2CO  = HCO + CH2O 
         k:       1.020000e+13	    0.00          0.00


    130. CH2CO +M  = CO + CH2 +M 
         k:       1.000000e+16	    0.00      59323.83


    131. O2 + C3H2  => H + CO + HCCO 
         k:       5.000000e+13	    0.00          0.00


    132. OH + C3H2  = HCO + C2H2 
         k:       5.000000e+13	    0.00          0.00


    133. CH2 + C2H2  = H + H2CCCH 
         k:       1.200000e+13	    0.00       6600.00


    134. CH2s + C2H2  = H + H2CCCH 
         k:       1.800000e+14	    0.00          0.00


    135. O2 + H2CCCH  = HCO + CH2CO 
         k:       3.000000e+10	    0.00       2868.00


    136. O + H2CCCH  = C2H + CH2O 
         k:       2.000000e+13	    0.00          0.00


    137. OH + H2CCCH  = H2O + C3H2 
         k:       2.000000e+13	    0.00          0.00


    138. CH2 + C2H3  = H + C3H4 
         k:       3.000000e+13	    0.00          0.00


    139. CH3 + C2H2  = CH2CHCH2 
         k:       1.610000e+40	   -8.58      20331.00


    140. H + CH2CHCH2  = H2 + C3H4 
         k:       1.810000e+13	    0.00          0.00


    141. CH3 + CH2CHCH2  = CH4 + C3H4 
         k:       1.000000e+11	    0.00          0.00


    142. C2H3 + CH2CHCH2  = C2H4 + C3H4 
         k:       1.000000e+12	    0.00          0.00


    143. C3H4 +M  = H + H2CCCH +M 
         k:       2.000000e+18	    0.00      80000.00


    144. O2 + C3H4  = HO2 + H2CCCH 
         k:       4.000000e+13	    0.00      61500.00


    145. OH + C3H4  = H2O + H2CCCH 
         k:       2.000000e+07	    2.00       1000.00


    146. H + C3H4  = CH2CHCH2 
         k:       4.000000e+12	    0.00       2700.00


    147. H + C3H4  = H2 + H2CCCH 
         k:       1.000000e+12	    0.00       1500.00


    148. CH3 + C3H4  = CH4 + H2CCCH 
         k:       5.000000e+07	    2.00       5000.00


    149. H + H2CCCH  = H2 + C3H2 
         k:       5.000000e+13	    0.00       3000.00


    150. H + C3H4P  = H2 + H2CCCH 
         k:       1.000000e+07	    2.00       5000.00


    151. H + C3H4P  = CH3 + C2H2 
         k:       1.000000e+14	    0.00       4000.00


    152. OH + C3H4P  = H2O + H2CCCH 
         k:       8.000000e+06	    2.00       1000.00


    153. 2H2CCCH  = H + A1- 
         k:       3.000000e+12	    0.00          0.00


    154. C3H2 + H2CCCH  = A1- 
         k:       3.000000e+12	    0.00          0.00


    155. C3H2 + C3H4  = A1 
         k:       7.400000e+13	   -0.70        920.00


    156. C3H2 + C3H4P  = A1 
         k:       1.400000e+14	   -0.80       1030.00


    157. H2CCCH + C3H4  = H + A1 
         k:       2.200000e+11	    0.00       2000.00


    158. O2 + A1-  = O + C6H5O 
         k:       2.600000e+13	    0.00       6120.00


    159. O + A1-  => CO + C5H5 
         k:       1.000000e+14	    0.00          0.00


    160. C6H5O  => CO + C5H5 
         k:       1.480000e+12	    0.00      43850.00


    161. OH + A1  = H + C6H5OH 
         k:       1.320000e+13	    0.00      10994.00


    162. H + C6H5OH  = H2 + C6H5O 
         k:       2.280000e+14	    0.00      12404.00


    163. O + C6H5OH  = OH + C6H5O 
         k:       1.280000e+13	    0.00       2891.00


    164. OH + C6H5OH  = H2O + C6H5O 
         k:       1.000000e+13	    0.00          0.00


    165. H + C6H5O  = C6H5OH 
         k:       2.530000e+14	    0.00          0.00


    166. H + C6H5O +M  = C6H5OH +M 
         k:       2.500000e+14	    0.00          0.00


    167. OH + A1-  = H + C6H5O 
         k:       5.000000e+13	    0.00          0.00


    168. O + A1  = C6H5OH 
         k:       2.230000e+13	    0.00       4530.00


    169. H + A1-  = A1 
         k:       1.000000e+14	    0.00          0.00


    170. H + A1  = H2 + A1- 
         k:       2.830000e+13	    0.00      15999.00


    171. OH + A1  = H2O + A1- 
         k:       1.450000e+13	    0.00       4491.00


    172. O + A1  = OH + A1- 
         k:       1.000000e+01	    3.80       1790.00


    173. OH + C6H5CH2  = CH3 + C6H5O 
         k:       2.300000e+49	  -10.90      14130.00


    174. H2CCCH + A1-  = H + C6H5C3H2 
         k:       3.000000e+12	    0.00          0.00


    175. H2CCCH + C6H5C3H2  = H + P2- 
         k:       3.000000e+12	    0.00          0.00


    176. C2H2 + P2-  = H + A3 
         k:       6.640000e+33	   -5.92      22608.00


    177. O + A2-1  => CO + IND 
         k:       9.000000e+13	    0.00          0.00


    178. C5H5 + IND  => H2 + A3 
         k:       2.000000e+13	    0.00      14000.00


    179. C2H3 + C2H4  = H + CH2CHCHCH2 
         k:       3.000000e+12	    0.00       1000.00


    180. H + CH2CHCHCH2  = H2 + CH2CHCCH2 
         k:       3.000000e+07	    2.00       6000.00


    181. OH + CH2CHCHCH2  = H2O + CH2CHCHCH 
         k:       2.000000e+07	    2.00       5000.00


    182. H + CH2CHCCH2  = CH3 + H2CCCH 
         k:       1.000000e+14	    0.00          0.00


    183. H + CH3CCCH2  = CH3 + H2CCCH 
         k:       1.000000e+14	    0.00          0.00


    184. H2CCCH + CH3CCCH2  => H + C6H5CH2 
         k:       1.000000e+13	    0.00          0.00


    185. H + C6H5CH2  = C6H5CH3 
         k:       1.800000e+14	    0.00          0.00


    186. H + C6H5CH3  = CH3 + A1 
         k:       1.200000e+13	    0.00       5148.00


    187. H2CCCH + C6H5CH2  = 2H + A2 
         k:       1.000000e+12	    0.00          0.00


    188. 2C5H5  = 2H + A2 
         k:       3.300000e+12	    0.50      24000.00


    189. C2H + A1  = H + A1C2H 
         k:       1.000000e+14	    0.00          0.00


    190. C2H2 + A1-  = H + A1C2H 
         k:       3.300000e+33	   -5.70      25500.00


    191. H + P2  = H2 + P2- 
         k:       2.500000e+14	    0.00      16000.00


    192. A1- + A1  = H + P2 
         k:       1.100000e+23	   -2.92      15890.00


    193. H + A1C2HP2  = A2-1 
         k:       1.400000e+64	  -14.57      29900.00


    194. C2H + A1C2H  = H + A1C2HP2 
         k:       5.000000e+13	    0.00          0.00


    195. H + A2  = H2 + A2-1 
         k:       2.500000e+14	    0.00      16000.00


    196. OH + A2  = H2O + A2-1 
         k:       1.600000e+08	    1.42       1450.00


    197. C2H + A2  = H + A2C2HA 
         k:       5.000000e+13	    0.00          0.00


    198. C2H2 + A2-1  = H + A2R5 
         k:       9.700000e+30	   -5.26      21600.00


    199. H + A2C2HA  = H + A2R5 
         k:       4.600000e+37	   -7.03      23100.00


    200. C2H + A2C2HA  = H + A2C2HP2 
         k:       5.000000e+13	    0.00          0.00


    201. H + A2R5  = H2 + A2R5- 
         k:       2.500000e+14	    0.00      16000.00


    202. C2H + A3  = H + A3C2H 
         k:       1.000000e+14	    0.00          0.00


    203. C2H2 + A3-4  = H + A3C2H 
         k:       1.200000e+27	   -3.44      30200.00


    204. C2H2 + A3-4  = H + A4 
         k:       6.600000e+25	   -3.36      17800.00


    205. H + A3  = H2 + A3-4 
         k:       2.500000e+14	    0.00      16000.00


    206. OH + A3  = H2O + A3-4 
         k:       1.600000e+08	    1.42       1450.00


    207. H + A2C2HP2  = A3-4 
         k:       6.900000e+63	  -14.57      29900.00


    208. O2 + A4-  => 2CO + A3-4 
         k:       2.100000e+12	    0.00       7470.00


    209. O2 + A2-1  => CO + HCO + A1C2H 
         k:       2.100000e+12	    0.00       7470.00


    210. O2 + A3-4  => CO + HCO + A2C2HA 
         k:       2.100000e+12	    0.00       7470.00


    211. H + A3C2H  = H + A4 
         k:       9.000000e+38	   -7.39      20700.00


    212. H + A4  = H2 + A4- 
         k:       2.500000e+14	    0.00      16000.00


    213. OH + A4  = H2O + A4- 
         k:       1.600000e+08	    1.42       1450.00


    214. C2H2 + H2CCCCH  = A1- 
         k:       3.000000e+11	    0.00      14900.00


    215. O2 + H2CCCCH  = HCCO + CH2CO 
         k:       1.000000e+12	    0.00          0.00


    216. H + CH2CHCHCH2  = H2 + CH2CHCHCH 
         k:       3.000000e+07	    2.00      13000.00


    217. C2H2 + CH2CHCHCH  = H + A1 
         k:       1.600000e+16	   -1.33       5400.00


    218. OH + CH2CHCCH  = H2O + H2CCCCH 
         k:       1.000000e+07	    2.00       2000.00


    219. H + CH2CHCCH  = H2 + H2CCCCH 
         k:       3.000000e+07	    2.00       5000.00


    220. C2H2 + C2H3  = H + CH2CHCCH 
         k:       2.000000e+12	    0.00       5000.00


    221. CH2CHCHCH +M  = H + CH2CHCCH +M 
         k:       1.000000e+14	    0.00      37000.00


    222. CH2CHCCH2 +M  = H + CH2CHCCH +M 
         k:       1.000000e+14	    0.00      50000.00


    223. H + C5H6  => C2H2 + CH2CHCH2 
         k:       1.000000e+13	    0.00      12000.00


    224. O + C5H5  => CO + CH2CHCHCH 
         k:       1.000000e+14	    0.00          0.00


    225. H + C5H5  = C5H6 
         k:       2.000000e+14	    0.00          0.00


    226. H + C5H6  = H2 + C5H5 
         k:       2.190000e+08	    1.77       3000.00


    227. O + C5H6  = OH + C5H5 
         k:       1.810000e+13	    0.00       3080.00


    228. OH + C5H6  = H2O + C5H5 
         k:       3.430000e+09	    1.18       -447.00


    229. O2 + C5H6  = HO2 + C5H5 
         k:       2.000000e+13	    0.00      25000.00


    230. H + C6H5O  => CO + C5H6 
         k:       3.000000e+13	    0.00          0.00


    231. H + C5H5 (+M)  = C5H6 (+M) 
         Fall-off (Troe)
         k0:      4.400000e+80	  -18.28      12994.00
         kInf:    1.000000e+14	    0.00          0.00
         Troe Parameters
         a    6.80e-02
         T*** 4.01e+02
         T*   4.14e+03
         T**  5.50e+03
         Third body efficiencies
         H2                  	enhanced by	   2.000
         H2O                 	enhanced by	   6.000
         CH4                 	enhanced by	   2.000
         CO                  	enhanced by	   1.500
         CO2                 	enhanced by	   2.000
         C2H6                	enhanced by	   3.000


    232. HO2 + C5H5  = OH + CO + CH2CHCHCH 
         k:       3.000000e+13	    0.00          0.00


    233. OH + A4  => CH2CO + A3-4 
         k:       1.300000e+13	    0.00      10600.00


    234. O + A4  => HCCO + A3-4 
         k:       2.200000e+13	    0.00       4530.00


    235. OH + A3C2H  => C2H2 + HCCO + A2C2HA 
         k:       6.500000e+12	    0.00      10600.00


    236. OH + A3C2H  => CH2CO + A3-4 
         k:       2.180000e-04	    4.50      -1000.00


    237. O + A3C2H  => C2H + HCCO + A2C2HA 
         k:       1.100000e+13	    0.00       4530.00


    238. OH + A3  => H + CH2CO + A2C2HA 
         k:       6.500000e+12	    0.00      10600.00


    239. O + A3  => CH2CO + A2C2HA 
         k:       1.100000e+13	    0.00       4530.00


    240. OH + A2  => H + CH2CO + A1C2H 
         k:       1.300000e+13	    0.00      10600.00


    241. O + A2  => CH2CO + A1C2H 
         k:       2.200000e+13	    0.00       4530.00


    242. OH + A1C2H  => C2H2 + C6H5O 
         k:       1.300000e+13	    0.00      10600.00


    243. O + A1C2H  => HCCO + A1- 
         k:       2.040000e+07	    2.00       1900.00


    244. 2A2-1  => 6.1667H2 + 0.833333333300000BINi-01 
         k:       1.360000e+13	    0.50          0.00


    245. A2-1 + A2R5-  => 6.0833H2 + 0.916666666700000BINi-01 
         k:       1.380000e+13	    0.50          0.00


    246. A2-1 + A3-4  => 7H2 + BINi-01 
         k:       2.000000e+13	    0.50          0.00


    247. A2-1 + A4-  => 7H2 + 0.916666666700000BINi-01 + 0.083333333300000BINi-02 
         k:       2.000000e+13	    0.50          0.00


    248. 2A2R5-  => 6H2 + BINi-01 
         k:       1.400000e+13	    0.50          0.00


    249. A2R5- + A3-4  => 7H2 + 0.916666666700000BINi-01 + 0.083333333300000BINi-02 
         k:       2.000000e+13	    0.50          0.00


    250. A2R5- + A4-  => 7H2 + 0.833333333300000BINi-01 + 0.1666666667BINi-02 
         k:       2.000000e+13	    0.50          0.00


    251. 2A3-4  => 8H2 + 0.833333333300000BINi-01 + 0.1666666667BINi-02 
         k:       2.000000e+13	    0.50          0.00


    252. A3-4 + A4-  => 8H2 + 0.75BINi-01 + 0.25BINi-02 
         k:       2.000000e+13	    0.50          0.00


    253. 2A4-  => 8H2 + 0.666666666700000BINi-01 + 0.333333333300000BINi-02 
         k:       2.000000e+13	    0.50          0.00


    254. A2-1 + BINj-01  => 3H2 + 0.583333333300000BINi-01 + 0.416666666700000BINi-02 
         k:       1.865551e+13	    0.50          0.00


    255. A2-1 + BINj-02  => 3H2 + 0.791666666700000BINi-02 + 0.2083333333BINi-03 
         k:       2.808114e+13	    0.50          0.00


    256. A2-1 + BINj-03  => 3H2 + 0.895833333300000BINi-03 + 0.104166666700000BINi-04 
         k:       4.226905e+13	    0.50          0.00


    257. A2-1 + BINj-04  => 3H2 + 0.947916666700000BINi-04 + 0.0520833333BINi-05 
         k:       6.362535e+13	    0.50          0.00


    258. A2-1 + BINj-05  => 3H2 + 0.973958333300000BINi-05 + 0.026041666700000BINi-06 
         k:       9.577185e+13	    0.50          0.00


    259. A2-1 + BINj-06  => 3H2 + 0.988165680500000BINi-06 + 0.011834319500000BINi-07 
         k:       1.441603e+14	    0.50          0.00


    260. A2-1 + BINj-07  => 3H2 + 0.994832041300000BINi-07 + 0.005167958700000BINi-08 
         k:       2.233504e+14	    0.50          0.00


    261. A2-1 + BINj-08  => 3H2 + 0.997832213300000BINi-08 + 0.0021677867BINi-09 
         k:       3.556090e+14	    0.50          0.00


    262. A2-1 + BINj-09  => 3H2 + 0.999124726500000BINi-09 + 0.0008752735BINi-10 
         k:       5.813143e+14	    0.50          0.00


    263. A2-1 + BINj-10  => 3H2 + 0.999659620800000BINi-10 + 0.000340379200000BINi-11 
         k:       9.743846e+14	    0.50          0.00


    264. A2-1 + BINj-11  => 3H2 + 0.999872356200000BINi-11 + 0.000127643800000BINi-12 
         k:       1.673074e+15	    0.50          0.00


    265. A2-1 + BINj-12  => 3H2 + 0.999953794400000BINi-12 + 0.000046205600000BINi-13 
         k:       2.940000e+15	    0.50          0.00


    266. A2-1 + BINj-13  => 3H2 + 0.999983837500000BINi-13 + 0.0000161625BINi-14 
         k:       5.282655e+15	    0.50          0.00


    267. A2-1 + BINj-14  => 3H2 + 0.999994531500000BINi-14 + 0.000005468500000BINi-15 
         k:       9.697840e+15	    0.50          0.00


    268. A2-1 + BINj-15  => 3H2 + 0.999998208600000BINi-15 + 0.0000017914BINi-16 
         k:       1.817565e+16	    0.50          0.00


    269. A2-1 + BINj-16  => 3H2 + 0.999999431300000BINi-16 + 0.000000568700000BINi-17 
         k:       3.475294e+16	    0.50          0.00


    270. A2-1 + BINj-17  => 3H2 + 0.999999824900000BINi-17 + 0.000000175100000BINi-18 
         k:       6.774775e+16	    0.50          0.00


    271. A2-1 + BINj-18  => 3H2 + 0.999999947700000BINi-18 + 0.0000000523BINi-19 
         k:       1.345654e+17	    0.50          0.00


    272. A2-1 + BINj-19  => 3H2 + 0.999999984800000BINi-19 + 0.000000015200000BINi-20 
         k:       2.721802e+17	    0.50          0.00


    273. A2R5- + BINj-01  => 3H2 + 0.5BINi-01 + 0.5BINi-02 
         k:       1.865551e+13	    0.50          0.00


    274. A2R5- + BINj-02  => 3H2 + 0.75BINi-02 + 0.25BINi-03 
         k:       2.808114e+13	    0.50          0.00


    275. A2R5- + BINj-03  => 3H2 + 0.875BINi-03 + 0.125BINi-04 
         k:       4.226905e+13	    0.50          0.00


    276. A2R5- + BINj-04  => 3H2 + 0.9375BINi-04 + 0.0625BINi-05 
         k:       6.362535e+13	    0.50          0.00


    277. A2R5- + BINj-05  => 3H2 + 0.96875BINi-05 + 0.03125BINi-06 
         k:       9.577185e+13	    0.50          0.00


    278. A2R5- + BINj-06  => 3H2 + 0.985798816600000BINi-06 + 0.014201183400000BINi-07 
         k:       1.441603e+14	    0.50          0.00


    279. A2R5- + BINj-07  => 3H2 + 0.993798449600000BINi-07 + 0.0062015504BINi-08 
         k:       2.233504e+14	    0.50          0.00


    280. A2R5- + BINj-08  => 3H2 + 0.997398656000000BINi-08 + 0.002601344BINi-09 
         k:       3.556090e+14	    0.50          0.00


    281. A2R5- + BINj-09  => 3H2 + 0.998949671800000BINi-09 + 0.0010503282BINi-10 
         k:       5.813143e+14	    0.50          0.00


    282. A2R5- + BINj-10  => 3H2 + 0.999591545000000BINi-10 + 0.000408455BINi-11 
         k:       9.743846e+14	    0.50          0.00


    283. A2R5- + BINj-11  => 3H2 + 0.999846827400000BINi-11 + 0.000153172600000BINi-12 
         k:       1.673074e+15	    0.50          0.00


    284. A2R5- + BINj-12  => 3H2 + 0.999944553300000BINi-12 + 0.0000554467BINi-13 
         k:       2.940000e+15	    0.50          0.00


    285. A2R5- + BINj-13  => 3H2 + 0.999980605BINi-13 + 0.000019395000000BINi-14 
         k:       5.282655e+15	    0.50          0.00


    286. A2R5- + BINj-14  => 3H2 + 0.999993437800000BINi-14 + 0.000006562200000BINi-15 
         k:       9.697840e+15	    0.50          0.00


    287. A2R5- + BINj-15  => 3H2 + 0.999997850300000BINi-15 + 0.0000021497BINi-16 
         k:       1.817565e+16	    0.50          0.00


    288. A2R5- + BINj-16  => 3H2 + 0.999999317600000BINi-16 + 0.0000006824BINi-17 
         k:       3.475294e+16	    0.50          0.00


    289. A2R5- + BINj-17  => 3H2 + 0.999999789900000BINi-17 + 0.000000210100000BINi-18 
         k:       6.774775e+16	    0.50          0.00


    290. A2R5- + BINj-18  => 3H2 + 0.999999937200000BINi-18 + 0.000000062800000BINi-19 
         k:       1.345654e+17	    0.50          0.00


    291. A2R5- + BINj-19  => 3H2 + 0.999999981800000BINi-19 + 0.000000018200000BINi-20 
         k:       2.721802e+17	    0.50          0.00


    292. A3-4 + BINj-01  => 4H2 + 0.416666666700000BINi-01 + 0.583333333300000BINi-02 
         k:       1.865551e+13	    0.50          0.00


    293. A3-4 + BINj-02  => 4H2 + 0.708333333300000BINi-02 + 0.291666666700000BINi-03 
         k:       2.808114e+13	    0.50          0.00


    294. A3-4 + BINj-03  => 4H2 + 0.854166666700000BINi-03 + 0.145833333300000BINi-04 
         k:       4.226905e+13	    0.50          0.00


    295. A3-4 + BINj-04  => 4H2 + 0.927083333300000BINi-04 + 0.0729166667BINi-05 
         k:       6.362535e+13	    0.50          0.00


    296. A3-4 + BINj-05  => 4H2 + 0.963541666700000BINi-05 + 0.036458333300000BINi-06 
         k:       9.577185e+13	    0.50          0.00


    297. A3-4 + BINj-06  => 4H2 + 0.983431952700000BINi-06 + 0.016568047300000BINi-07 
         k:       1.441603e+14	    0.50          0.00


    298. A3-4 + BINj-07  => 4H2 + 0.992764857900000BINi-07 + 0.007235142100000BINi-08 
         k:       2.233504e+14	    0.50          0.00


    299. A3-4 + BINj-08  => 4H2 + 0.996965098600000BINi-08 + 0.003034901400000BINi-09 
         k:       3.556090e+14	    0.50          0.00


    300. A3-4 + BINj-09  => 4H2 + 0.998774617100000BINi-09 + 0.0012253829BINi-10 
         k:       5.813143e+14	    0.50          0.00


    301. A3-4 + BINj-10  => 4H2 + 0.999523469100000BINi-10 + 0.000476530900000BINi-11 
         k:       9.743846e+14	    0.50          0.00


    302. A3-4 + BINj-11  => 4H2 + 0.999821298600000BINi-11 + 0.000178701400000BINi-12 
         k:       1.673074e+15	    0.50          0.00


    303. A3-4 + BINj-12  => 4H2 + 0.999935312200000BINi-12 + 0.000064687800000BINi-13 
         k:       2.940000e+15	    0.50          0.00


    304. A3-4 + BINj-13  => 4H2 + 0.999977372500000BINi-13 + 0.0000226275BINi-14 
         k:       5.282655e+15	    0.50          0.00


    305. A3-4 + BINj-14  => 4H2 + 0.999992344100000BINi-14 + 0.000007655900000BINi-15 
         k:       9.697840e+15	    0.50          0.00


    306. A3-4 + BINj-15  => 4H2 + 0.999997492000000BINi-15 + 0.000002508BINi-16 
         k:       1.817565e+16	    0.50          0.00


    307. A3-4 + BINj-16  => 4H2 + 0.999999203800000BINi-16 + 0.0000007962BINi-17 
         k:       3.475294e+16	    0.50          0.00


    308. A3-4 + BINj-17  => 4H2 + 0.999999754800000BINi-17 + 0.0000002452BINi-18 
         k:       6.774775e+16	    0.50          0.00


    309. A3-4 + BINj-18  => 4H2 + 0.999999926700000BINi-18 + 0.000000073300000BINi-19 
         k:       1.345654e+17	    0.50          0.00


    310. A3-4 + BINj-19  => 4H2 + 0.999999978700000BINi-19 + 0.000000021300000BINi-20 
         k:       2.721802e+17	    0.50          0.00


    311. A4- + BINj-01  => 4H2 + 0.333333333300000BINi-01 + 0.666666666700000BINi-02 
         k:       1.865551e+13	    0.50          0.00


    312. A4- + BINj-02  => 4H2 + 0.666666666700000BINi-02 + 0.333333333300000BINi-03 
         k:       2.808114e+13	    0.50          0.00


    313. A4- + BINj-03  => 4H2 + 0.833333333300000BINi-03 + 0.1666666667BINi-04 
         k:       4.226905e+13	    0.50          0.00


    314. A4- + BINj-04  => 4H2 + 0.916666666700000BINi-04 + 0.083333333300000BINi-05 
         k:       6.362535e+13	    0.50          0.00


    315. A4- + BINj-05  => 4H2 + 0.958333333300000BINi-05 + 0.041666666700000BINi-06 
         k:       9.577185e+13	    0.50          0.00


    316. A4- + BINj-06  => 4H2 + 0.981065088800000BINi-06 + 0.018934911200000BINi-07 
         k:       1.441603e+14	    0.50          0.00


    317. A4- + BINj-07  => 4H2 + 0.991731266100000BINi-07 + 0.008268733900000BINi-08 
         k:       2.233504e+14	    0.50          0.00


    318. A4- + BINj-08  => 4H2 + 0.996531541300000BINi-08 + 0.0034684587BINi-09 
         k:       3.556090e+14	    0.50          0.00


    319. A4- + BINj-09  => 4H2 + 0.998599562400000BINi-09 + 0.0014004376BINi-10 
         k:       5.813143e+14	    0.50          0.00


    320. A4- + BINj-10  => 4H2 + 0.999455393300000BINi-10 + 0.000544606700000BINi-11 
         k:       9.743846e+14	    0.50          0.00


    321. A4- + BINj-11  => 4H2 + 0.999795769900000BINi-11 + 0.000204230100000BINi-12 
         k:       1.673074e+15	    0.50          0.00


    322. A4- + BINj-12  => 4H2 + 0.999926071000000BINi-12 + 0.000073929BINi-13 
         k:       2.940000e+15	    0.50          0.00


    323. A4- + BINj-13  => 4H2 + 0.999974140000000BINi-13 + 0.00002586BINi-14 
         k:       5.282655e+15	    0.50          0.00


    324. A4- + BINj-14  => 4H2 + 0.999991250400000BINi-14 + 0.000008749600000BINi-15 
         k:       9.697840e+15	    0.50          0.00


    325. A4- + BINj-15  => 4H2 + 0.999997133700000BINi-15 + 0.0000028663BINi-16 
         k:       1.817565e+16	    0.50          0.00


    326. A4- + BINj-16  => 4H2 + 0.999999090100000BINi-16 + 0.0000009099BINi-17 
         k:       3.475294e+16	    0.50          0.00


    327. A4- + BINj-17  => 4H2 + 0.999999719800000BINi-17 + 0.000000280200000BINi-18 
         k:       6.774775e+16	    0.50          0.00


    328. A4- + BINj-18  => 4H2 + 0.999999916300000BINi-18 + 0.000000083700000BINi-19 
         k:       1.345654e+17	    0.50          0.00


    329. A4- + BINj-19  => 4H2 + 0.999999975700000BINi-19 + 0.000000024300000BINi-20 
         k:       2.721802e+17	    0.50          0.00


    330. 2BINj-01  => BINi-02 
         k:       2.433122e+13	    0.50          0.00


    331. BINj-01 + BINj-02  => 0.5BINi-02 + 0.5BINi-03 
         k:       2.804115e+13	    0.50          0.00


    332. 2BINj-02  => BINi-03 
         k:       3.101162e+13	    0.50          0.00


    333. BINj-01 + BINj-03  => 0.75BINi-03 + 0.25BINi-04 
         k:       3.353072e+13	    0.50          0.00


    334. BINj-02 + BINj-03  => 0.5BINi-03 + 0.5BINi-04 
         k:       3.574015e+13	    0.50          0.00


    335. 2BINj-03  => BINi-04 
         k:       3.952619e+13	    0.50          0.00


    336. BINj-01 + BINj-04  => 0.875BINi-04 + 0.125BINi-05 
         k:       4.118967e+13	    0.50          0.00


    337. BINj-02 + BINj-04  => 0.75BINi-04 + 0.25BINi-05 
         k:       4.273694e+13	    0.50          0.00


    338. BINj-03 + BINj-04  => 0.5BINi-04 + 0.5BINi-05 
         k:       4.555299e+13	    0.50          0.00


    339. 2BINj-04  => BINi-05 
         k:       5.037852e+13	    0.50          0.00


    340. BINj-01 + BINj-05  => 0.9375BINi-05 + 0.0625BINi-06 
         k:       5.145891e+13	    0.50          0.00


    341. BINj-02 + BINj-05  => 0.875BINi-05 + 0.125BINi-06 
         k:       5.249873e+13	    0.50          0.00


    342. BINj-03 + BINj-05  => 0.75BINi-05 + 0.25BINi-06 
         k:       5.447082e+13	    0.50          0.00


    343. BINj-04 + BINj-05  => 0.5BINi-05 + 0.5BINi-06 
         k:       5.806004e+13	    0.50          0.00


    344. 2BINj-05  => BINi-06 
         k:       6.421048e+13	    0.50          0.00


    345. BINj-01 + BINj-06  => 0.971597633100000BINi-06 + 0.0284023669BINi-07 
         k:       6.490577e+13	    0.50          0.00


    346. BINj-02 + BINj-06  => 0.943195266300000BINi-06 + 0.056804733700000BINi-07 
         k:       6.558749e+13	    0.50          0.00


    347. BINj-03 + BINj-06  => 0.886390532500000BINi-06 + 0.1136094675BINi-07 
         k:       6.691281e+13	    0.50          0.00


    348. BINj-04 + BINj-06  => 0.772781065100000BINi-06 + 0.227218934900000BINi-07 
         k:       6.942636e+13	    0.50          0.00


    349. BINj-05 + BINj-06  => 0.545562130200000BINi-06 + 0.454437869800000BINi-07 
         k:       7.400105e+13	    0.50          0.00


    350. 2BINj-06  => 0.091124260400000BINi-06 + 0.908875739600000BINi-07 
         k:       8.184015e+13	    0.50          0.00


    351. BINj-01 + BINj-07  => 0.987596899200000BINi-07 + 0.0124031008BINi-08 
         k:       8.368479e+13	    0.50          0.00


    352. BINj-02 + BINj-07  => 0.975193798400000BINi-07 + 0.0248062016BINi-08 
         k:       8.411217e+13	    0.50          0.00


    353. BINj-03 + BINj-07  => 0.950387596900000BINi-07 + 0.049612403100000BINi-08 
         k:       8.495505e+13	    0.50          0.00


    354. BINj-04 + BINj-07  => 0.900775193800000BINi-07 + 0.099224806200000BINi-08 
         k:       8.659574e+13	    0.50          0.00


    355. BINj-05 + BINj-07  => 0.801550387600000BINi-07 + 0.198449612400000BINi-08 
         k:       8.971433e+13	    0.50          0.00


    356. BINj-06 + BINj-07  => 0.603100775200000BINi-07 + 0.396899224800000BINi-08 
         k:       9.541030e+13	    0.50          0.00


    357. 2BINj-07  => 0.166408268700000BINi-07 + 0.833591731300000BINi-08 
         k:       1.061114e+14	    0.50          0.00


    358. BINj-01 + BINj-08  => 0.994797311900000BINi-08 + 0.0052026881BINi-09 
         k:       1.099635e+14	    0.50          0.00


    359. BINj-02 + BINj-08  => 0.989594623900000BINi-08 + 0.010405376100000BINi-09 
         k:       1.102215e+14	    0.50          0.00


    360. BINj-03 + BINj-08  => 0.979189247800000BINi-08 + 0.020810752200000BINi-09 
         k:       1.107342e+14	    0.50          0.00


    361. BINj-04 + BINj-08  => 0.958378495600000BINi-08 + 0.041621504400000BINi-09 
         k:       1.117467e+14	    0.50          0.00


    362. BINj-05 + BINj-08  => 0.916756991100000BINi-08 + 0.0832430089BINi-09 
         k:       1.137219e+14	    0.50          0.00


    363. BINj-06 + BINj-08  => 0.833513982200000BINi-08 + 0.1664860178BINi-09 
         k:       1.174919e+14	    0.50          0.00


    364. BINj-07 + BINj-08  => 0.650336006900000BINi-08 + 0.349663993100000BINi-09 
         k:       1.250796e+14	    0.50          0.00


    365. 2BINj-08  => 0.230869282500000BINi-08 + 0.769130717500000BINi-09 
         k:       1.398248e+14	    0.50          0.00


    366. BINj-01 + BINj-09  => 0.997899343500000BINi-09 + 0.002100656500000BINi-10 
         k:       1.469894e+14	    0.50          0.00


    367. BINj-02 + BINj-09  => 0.995798687100000BINi-09 + 0.004201312900000BINi-10 
         k:       1.471401e+14	    0.50          0.00


    368. BINj-03 + BINj-09  => 0.991597374200000BINi-09 + 0.008402625800000BINi-10 
         k:       1.474407e+14	    0.50          0.00


    369. BINj-04 + BINj-09  => 0.983194748400000BINi-09 + 0.016805251600000BINi-10 
         k:       1.480384e+14	    0.50          0.00


    370. BINj-05 + BINj-09  => 0.966389496700000BINi-09 + 0.033610503300000BINi-10 
         k:       1.492206e+14	    0.50          0.00


    371. BINj-06 + BINj-09  => 0.932778993400000BINi-09 + 0.067221006600000BINi-10 
         k:       1.515341e+14	    0.50          0.00


    372. BINj-07 + BINj-09  => 0.858818380700000BINi-09 + 0.1411816193BINi-10 
         k:       1.564065e+14	    0.50          0.00


    373. BINj-08 + BINj-09  => 0.689452954000000BINi-09 + 0.310547046BINi-10 
         k:       1.666140e+14	    0.50          0.00


    374. 2BINj-09  => 0.285689277900000BINi-09 + 0.714310722100000BINi-10 
         k:       1.871545e+14	    0.50          0.00


    375. BINj-01 + BINj-10  => 0.99918309BINi-10 + 0.00081691BINi-11 
         k:       1.995706e+14	    0.50          0.00


    376. BINj-02 + BINj-10  => 0.998366179900000BINi-10 + 0.001633820100000BINi-11 
         k:       1.996561e+14	    0.50          0.00


    377. BINj-03 + BINj-10  => 0.996732359800000BINi-10 + 0.003267640200000BINi-11 
         k:       1.998268e+14	    0.50          0.00


    378. BINj-04 + BINj-10  => 0.993464719700000BINi-10 + 0.006535280300000BINi-11 
         k:       2.001674e+14	    0.50          0.00


    379. BINj-05 + BINj-10  => 0.986929439400000BINi-10 + 0.013070560600000BINi-11 
         k:       2.008454e+14	    0.50          0.00


    380. BINj-06 + BINj-10  => 0.973858878800000BINi-10 + 0.026141121200000BINi-11 
         k:       2.021887e+14	    0.50          0.00


    381. BINj-07 + BINj-10  => 0.945096837900000BINi-10 + 0.054903162100000BINi-11 
         k:       2.050878e+14	    0.50          0.00


    382. BINj-08 + BINj-10  => 0.879233466100000BINi-10 + 0.1207665339BINi-11 
         k:       2.114547e+14	    0.50          0.00


    383. BINj-09 + BINj-10  => 0.722216549200000BINi-10 + 0.277783450800000BINi-11 
         k:       2.253487e+14	    0.50          0.00


    384. 2BINj-10  => 0.333333333300000BINi-10 + 0.666666666700000BINi-11 
         k:       2.542559e+14	    0.50          0.00


    385. BINj-01 + BINj-11  => 0.999693654800000BINi-11 + 0.000306345200000BINi-12 
         k:       2.749565e+14	    0.50          0.00


    386. BINj-02 + BINj-11  => 0.999387309700000BINi-11 + 0.0006126903BINi-12 
         k:       2.750036e+14	    0.50          0.00


    387. BINj-03 + BINj-11  => 0.998774619300000BINi-11 + 0.001225380700000BINi-12 
         k:       2.750979e+14	    0.50          0.00


    388. BINj-04 + BINj-11  => 0.997549238600000BINi-11 + 0.002450761400000BINi-12 
         k:       2.752862e+14	    0.50          0.00


    389. BINj-05 + BINj-11  => 0.995098477200000BINi-11 + 0.004901522800000BINi-12 
         k:       2.756620e+14	    0.50          0.00


    390. BINj-06 + BINj-11  => 0.990196954400000BINi-11 + 0.009803045600000BINi-12 
         k:       2.764109e+14	    0.50          0.00


    391. BINj-07 + BINj-11  => 0.979411051400000BINi-11 + 0.0205889486BINi-12 
         k:       2.780456e+14	    0.50          0.00


    392. BINj-08 + BINj-11  => 0.954711971700000BINi-11 + 0.0452880283BINi-12 
         k:       2.817234e+14	    0.50          0.00


    393. BINj-09 + BINj-11  => 0.895829876300000BINi-11 + 0.104170123700000BINi-12 
         k:       2.901492e+14	    0.50          0.00


    394. BINj-10 + BINj-11  => 0.749996808900000BINi-11 + 0.250003191100000BINi-12 
         k:       3.092675e+14	    0.50          0.00


    395. 2BINj-11  => 0.374992022300000BINi-11 + 0.625007977700000BINi-12 
         k:       3.503886e+14	    0.50          0.00


    396. BINj-01 + BINj-12  => 0.999889106600000BINi-12 + 0.0001108934BINi-13 
         k:       3.841118e+14	    0.50          0.00


    397. BINj-02 + BINj-12  => 0.999778213100000BINi-12 + 0.0002217869BINi-13 
         k:       3.841371e+14	    0.50          0.00


    398. BINj-03 + BINj-12  => 0.999556426300000BINi-12 + 0.0004435737BINi-13 
         k:       3.841878e+14	    0.50          0.00


    399. BINj-04 + BINj-12  => 0.999112852500000BINi-12 + 0.0008871475BINi-13 
         k:       3.842891e+14	    0.50          0.00


    400. BINj-05 + BINj-12  => 0.998225705100000BINi-12 + 0.001774294900000BINi-13 
         k:       3.844915e+14	    0.50          0.00


    401. BINj-06 + BINj-12  => 0.996451410200000BINi-12 + 0.003548589800000BINi-13 
         k:       3.848958e+14	    0.50          0.00


    402. BINj-07 + BINj-12  => 0.992547037300000BINi-12 + 0.0074529627BINi-13 
         k:       3.857827e+14	    0.50          0.00


    403. BINj-08 + BINj-12  => 0.983606254400000BINi-12 + 0.016393745600000BINi-13 
         k:       3.877995e+14	    0.50          0.00


    404. BINj-09 + BINj-12  => 0.962291612800000BINi-12 + 0.037708387200000BINi-13 
         k:       3.925305e+14	    0.50          0.00


    405. BINj-10 + BINj-12  => 0.909501718800000BINi-12 + 0.090498281200000BINi-13 
         k:       4.038136e+14	    0.50          0.00


    406. BINj-11 + BINj-12  => 0.773754297100000BINi-12 + 0.226245702900000BINi-13 
         k:       4.304221e+14	    0.50          0.00


    407. 2BINj-12  => 0.411765793100000BINi-12 + 0.588234206900000BINi-13 
         k:       4.895415e+14	    0.50          0.00


    408. BINj-01 + BINj-13  => 0.99996121BINi-13 + 0.000038790000000BINi-14 
         k:       5.437723e+14	    0.50          0.00


    409. BINj-02 + BINj-13  => 0.99992242BINi-13 + 0.000077580000000BINi-14 
         k:       5.437856e+14	    0.50          0.00


    410. BINj-03 + BINj-13  => 0.99984484BINi-13 + 0.000155160000000BINi-14 
         k:       5.438122e+14	    0.50          0.00


    411. BINj-04 + BINj-13  => 0.999689679900000BINi-13 + 0.000310320100000BINi-14 
         k:       5.438653e+14	    0.50          0.00


    412. BINj-05 + BINj-13  => 0.999379359800000BINi-13 + 0.000620640200000BINi-14 
         k:       5.439716e+14	    0.50          0.00


    413. BINj-06 + BINj-13  => 0.998758719700000BINi-13 + 0.0012412803BINi-14 
         k:       5.441839e+14	    0.50          0.00


    414. BINj-07 + BINj-13  => 0.997392988100000BINi-13 + 0.0026070119BINi-14 
         k:       5.446507e+14	    0.50          0.00


    415. BINj-08 + BINj-13  => 0.994265543500000BINi-13 + 0.0057344565BINi-14 
         k:       5.457169e+14	    0.50          0.00


    416. BINj-09 + BINj-13  => 0.986809780300000BINi-13 + 0.013190219700000BINi-14 
         k:       5.482431e+14	    0.50          0.00


    417. BINj-10 + BINj-13  => 0.968344119100000BINi-13 + 0.0316558809BINi-14 
         k:       5.544085e+14	    0.50          0.00


    418. BINj-11 + BINj-13  => 0.920860297800000BINi-13 + 0.0791397022BINi-14 
         k:       5.697045e+14	    0.50          0.00


    419. BINj-12 + BINj-13  => 0.794238390500000BINi-13 + 0.205761609500000BINi-14 
         k:       6.071552e+14	    0.50          0.00


    420. 2BINj-13  => 0.444443007800000BINi-13 + 0.555556992200000BINi-14 
         k:       6.930538e+14	    0.50          0.00


    421. BINj-01 + BINj-14  => 0.999986875600000BINi-14 + 0.000013124400000BINi-15 
         k:       7.796781e+14	    0.50          0.00


    422. BINj-02 + BINj-14  => 0.999973751200000BINi-14 + 0.000026248800000BINi-15 
         k:       7.796849e+14	    0.50          0.00


    423. BINj-03 + BINj-14  => 0.999947502300000BINi-14 + 0.000052497700000BINi-15 
         k:       7.796985e+14	    0.50          0.00


    424. BINj-04 + BINj-14  => 0.999895004600000BINi-14 + 0.000104995400000BINi-15 
         k:       7.797257e+14	    0.50          0.00


    425. BINj-05 + BINj-14  => 0.999790009300000BINi-14 + 0.0002099907BINi-15 
         k:       7.797801e+14	    0.50          0.00


    426. BINj-06 + BINj-14  => 0.999580018500000BINi-14 + 0.000419981500000BINi-15 
         k:       7.798890e+14	    0.50          0.00


    427. BINj-07 + BINj-14  => 0.999117929500000BINi-14 + 0.0008820705BINi-15 
         k:       7.801284e+14	    0.50          0.00


    428. BINj-08 + BINj-14  => 0.998059773000000BINi-14 + 0.001940227000000BINi-15 
         k:       7.806760e+14	    0.50          0.00


    429. BINj-09 + BINj-14  => 0.995537149800000BINi-14 + 0.0044628502BINi-15 
         k:       7.819788e+14	    0.50          0.00


    430. BINj-10 + BINj-14  => 0.989289378200000BINi-14 + 0.010710621800000BINi-15 
         k:       7.851882e+14	    0.50          0.00


    431. BINj-11 + BINj-14  => 0.973223445500000BINi-14 + 0.026776554500000BINi-15 
         k:       7.933311e+14	    0.50          0.00


    432. BINj-12 + BINj-14  => 0.930381505100000BINi-14 + 0.069618494900000BINi-15 
         k:       8.143193e+14	    0.50          0.00


    433. BINj-13 + BINj-14  => 0.812029844900000BINi-14 + 0.187970155100000BINi-15 
         k:       8.676220e+14	    0.50          0.00


    434. 2BINj-14  => 0.473684440800000BINi-14 + 0.526315559200000BINi-15 
         k:       9.937383e+14	    0.50          0.00


    435. BINj-01 + BINj-15  => 0.999995700600000BINi-15 + 0.0000042994BINi-16 
         k:       1.131754e+15	    0.50          0.00


    436. BINj-02 + BINj-15  => 0.999991401200000BINi-15 + 0.0000085988BINi-16 
         k:       1.131758e+15	    0.50          0.00


    437. BINj-03 + BINj-15  => 0.999982802500000BINi-15 + 0.000017197500000BINi-16 
         k:       1.131765e+15	    0.50          0.00


    438. BINj-04 + BINj-15  => 0.999965605BINi-15 + 0.000034395000000BINi-16 
         k:       1.131778e+15	    0.50          0.00


    439. BINj-05 + BINj-15  => 0.999931209900000BINi-15 + 0.000068790100000BINi-16 
         k:       1.131805e+15	    0.50          0.00


    440. BINj-06 + BINj-15  => 0.999862419900000BINi-15 + 0.000137580100000BINi-16 
         k:       1.131860e+15	    0.50          0.00


    441. BINj-07 + BINj-15  => 0.999711045900000BINi-15 + 0.0002889541BINi-16 
         k:       1.131980e+15	    0.50          0.00


    442. BINj-08 + BINj-15  => 0.999364408400000BINi-15 + 0.000635591600000BINi-16 
         k:       1.132254e+15	    0.50          0.00


    443. BINj-09 + BINj-15  => 0.998538031900000BINi-15 + 0.001461968100000BINi-16 
         k:       1.132908e+15	    0.50          0.00


    444. BINj-10 + BINj-15  => 0.996491348100000BINi-15 + 0.0035086519BINi-16 
         k:       1.134524e+15	    0.50          0.00


    445. BINj-11 + BINj-15  => 0.991228370300000BINi-15 + 0.0087716297BINi-16 
         k:       1.138661e+15	    0.50          0.00


    446. BINj-12 + BINj-15  => 0.977193942000000BINi-15 + 0.022806058000000BINi-16 
         k:       1.149557e+15	    0.50          0.00


    447. BINj-13 + BINj-15  => 0.938423571600000BINi-15 + 0.0615764284BINi-16 
         k:       1.178703e+15	    0.50          0.00


    448. BINj-14 + BINj-15  => 0.827586287200000BINi-15 + 0.172413712800000BINi-16 
         k:       1.255406e+15	    0.50          0.00


    449. 2BINj-15  => 0.500000089600000BINi-15 + 0.499999910400000BINi-16 
         k:       1.442485e+15	    0.50          0.00


    450. BINj-01 + BINj-16  => 0.999998635100000BINi-16 + 0.0000013649BINi-17 
         k:       1.662432e+15	    0.50          0.00


    451. BINj-02 + BINj-16  => 0.999997270200000BINi-16 + 0.0000027298BINi-17 
         k:       1.662433e+15	    0.50          0.00


    452. BINj-03 + BINj-16  => 0.999994540500000BINi-16 + 0.000005459500000BINi-17 
         k:       1.662437e+15	    0.50          0.00


    453. BINj-04 + BINj-16  => 0.999989080900000BINi-16 + 0.0000109191BINi-17 
         k:       1.662443e+15	    0.50          0.00


    454. BINj-05 + BINj-16  => 0.999978161900000BINi-16 + 0.000021838100000BINi-17 
         k:       1.662457e+15	    0.50          0.00


    455. BINj-06 + BINj-16  => 0.999956323800000BINi-16 + 0.000043676200000BINi-17 
         k:       1.662483e+15	    0.50          0.00


    456. BINj-07 + BINj-16  => 0.999908268500000BINi-16 + 0.0000917315BINi-17 
         k:       1.662542e+15	    0.50          0.00


    457. BINj-08 + BINj-16  => 0.999798224900000BINi-16 + 0.000201775100000BINi-17 
         k:       1.662676e+15	    0.50          0.00


    458. BINj-09 + BINj-16  => 0.999535883100000BINi-16 + 0.000464116900000BINi-17 
         k:       1.662997e+15	    0.50          0.00


    459. BINj-10 + BINj-16  => 0.998886142100000BINi-16 + 0.001113857900000BINi-17 
         k:       1.663790e+15	    0.50          0.00


    460. BINj-11 + BINj-16  => 0.997215355300000BINi-16 + 0.002784644700000BINi-17 
         k:       1.665826e+15	    0.50          0.00


    461. BINj-12 + BINj-16  => 0.992759980700000BINi-16 + 0.007240019300000BINi-17 
         k:       1.671233e+15	    0.50          0.00


    462. BINj-13 + BINj-16  => 0.980451925100000BINi-16 + 0.019548074900000BINi-17 
         k:       1.686004e+15	    0.50          0.00


    463. BINj-14 + BINj-16  => 0.945265481300000BINi-16 + 0.054734518700000BINi-17 
         k:       1.726958e+15	    0.50          0.00


    464. BINj-15 + BINj-16  => 0.841269850300000BINi-16 + 0.1587301497BINi-17 
         k:       1.838535e+15	    0.50          0.00


    465. 2BINj-16  => 0.523809494000000BINi-16 + 0.476190506000000BINi-17 
         k:       2.118868e+15	    0.50          0.00


    466. BINj-01 + BINj-17  => 0.999999579700000BINi-17 + 0.0000004203BINi-18 
         k:       2.470131e+15	    0.50          0.00


    467. BINj-02 + BINj-17  => 0.999999159500000BINi-17 + 0.000000840500000BINi-18 
         k:       2.470132e+15	    0.50          0.00


    468. BINj-03 + BINj-17  => 0.999998318900000BINi-17 + 0.0000016811BINi-18 
         k:       2.470134e+15	    0.50          0.00


    469. BINj-04 + BINj-17  => 0.999996637800000BINi-17 + 0.0000033622BINi-18 
         k:       2.470137e+15	    0.50          0.00


    470. BINj-05 + BINj-17  => 0.999993275700000BINi-17 + 0.000006724300000BINi-18 
         k:       2.470143e+15	    0.50          0.00


    471. BINj-06 + BINj-17  => 0.999986551300000BINi-17 + 0.0000134487BINi-18 
         k:       2.470156e+15	    0.50          0.00


    472. BINj-07 + BINj-17  => 0.999971754200000BINi-17 + 0.0000282458BINi-18 
         k:       2.470184e+15	    0.50          0.00


    473. BINj-08 + BINj-17  => 0.999937869800000BINi-17 + 0.0000621302BINi-18 
         k:       2.470249e+15	    0.50          0.00


    474. BINj-09 + BINj-17  => 0.999857090100000BINi-17 + 0.0001429099BINi-18 
         k:       2.470402e+15	    0.50          0.00


    475. BINj-10 + BINj-17  => 0.999657023200000BINi-17 + 0.0003429768BINi-18 
         k:       2.470783e+15	    0.50          0.00


    476. BINj-11 + BINj-17  => 0.999142558100000BINi-17 + 0.0008574419BINi-18 
         k:       2.471760e+15	    0.50          0.00


    477. BINj-12 + BINj-17  => 0.997770668500000BINi-17 + 0.0022293315BINi-18 
         k:       2.474364e+15	    0.50          0.00


    478. BINj-13 + BINj-17  => 0.993980798000000BINi-17 + 0.006019202000000BINi-18 
         k:       2.481530e+15	    0.50          0.00


    479. BINj-14 + BINj-17  => 0.983146262500000BINi-17 + 0.016853737500000BINi-18 
         k:       2.501808e+15	    0.50          0.00


    480. BINj-15 + BINj-17  => 0.951124147200000BINi-17 + 0.048875852800000BINi-18 
         k:       2.560023e+15	    0.50          0.00


    481. BINj-16 + BINj-17  => 0.853372424200000BINi-17 + 0.146627575800000BINi-18 
         k:       2.724066e+15	    0.50          0.00


    482. 2BINj-17  => 0.545454534300000BINi-17 + 0.454545465700000BINi-18 
         k:       3.148331e+15	    0.50          0.00


    483. BINj-01 + BINj-18  => 0.999999874400000BINi-18 + 0.000000125600000BINi-19 
         k:       3.711269e+15	    0.50          0.00


    484. BINj-02 + BINj-18  => 0.999999748800000BINi-18 + 0.000000251200000BINi-19 
         k:       3.711270e+15	    0.50          0.00


    485. BINj-03 + BINj-18  => 0.999999497500000BINi-18 + 0.000000502500000BINi-19 
         k:       3.711270e+15	    0.50          0.00


    486. BINj-04 + BINj-18  => 0.999998995BINi-18 + 0.000001005000000BINi-19 
         k:       3.711272e+15	    0.50          0.00


    487. BINj-05 + BINj-18  => 0.99999799BINi-18 + 0.000002010000000BINi-19 
         k:       3.711275e+15	    0.50          0.00


    488. BINj-06 + BINj-18  => 0.999995980000000BINi-18 + 0.000004020000000BINi-19 
         k:       3.711281e+15	    0.50          0.00


    489. BINj-07 + BINj-18  => 0.999991557000000BINi-18 + 0.000008443BINi-19 
         k:       3.711294e+15	    0.50          0.00


    490. BINj-08 + BINj-18  => 0.999981428500000BINi-18 + 0.000018571500000BINi-19 
         k:       3.711324e+15	    0.50          0.00


    491. BINj-09 + BINj-18  => 0.999957282400000BINi-18 + 0.000042717600000BINi-19 
         k:       3.711396e+15	    0.50          0.00


    492. BINj-10 + BINj-18  => 0.999897479800000BINi-18 + 0.000102520200000BINi-19 
         k:       3.711575e+15	    0.50          0.00


    493. BINj-11 + BINj-18  => 0.999743699400000BINi-18 + 0.0002563006BINi-19 
         k:       3.712034e+15	    0.50          0.00


    494. BINj-12 + BINj-18  => 0.999333623800000BINi-18 + 0.0006663762BINi-19 
         k:       3.713259e+15	    0.50          0.00


    495. BINj-13 + BINj-18  => 0.998200782BINi-18 + 0.001799218000000BINi-19 
         k:       3.716637e+15	    0.50          0.00


    496. BINj-14 + BINj-18  => 0.994962198100000BINi-18 + 0.005037801900000BINi-19 
         k:       3.726263e+15	    0.50          0.00


    497. BINj-15 + BINj-18  => 0.985390370300000BINi-18 + 0.014609629700000BINi-19 
         k:       3.754448e+15	    0.50          0.00


    498. BINj-16 + BINj-18  => 0.956171105600000BINi-18 + 0.043828894400000BINi-19 
         k:       3.838144e+15	    0.50          0.00


    499. BINj-17 + BINj-18  => 0.864130433BINi-18 + 0.135869567BINi-19 
         k:       4.081851e+15	    0.50          0.00


    500. 2BINj-18  => 0.565217392900000BINi-18 + 0.434782607100000BINi-19 
         k:       4.730237e+15	    0.50          0.00


    501. BINj-01 + BINj-19  => 0.999999963500000BINi-19 + 0.0000000365BINi-20 
         k:       5.636406e+15	    0.50          0.00


    502. BINj-02 + BINj-19  => 0.999999927000000BINi-19 + 0.000000073BINi-20 
         k:       5.636407e+15	    0.50          0.00


    503. BINj-03 + BINj-19  => 0.999999854100000BINi-19 + 0.0000001459BINi-20 
         k:       5.636407e+15	    0.50          0.00


    504. BINj-04 + BINj-19  => 0.999999708100000BINi-19 + 0.000000291900000BINi-20 
         k:       5.636408e+15	    0.50          0.00


    505. BINj-05 + BINj-19  => 0.999999416300000BINi-19 + 0.000000583700000BINi-20 
         k:       5.636409e+15	    0.50          0.00


    506. BINj-06 + BINj-19  => 0.999998832600000BINi-19 + 0.000001167400000BINi-20 
         k:       5.636412e+15	    0.50          0.00


    507. BINj-07 + BINj-19  => 0.999997548100000BINi-19 + 0.0000024519BINi-20 
         k:       5.636418e+15	    0.50          0.00


    508. BINj-08 + BINj-19  => 0.999994606800000BINi-19 + 0.000005393200000BINi-20 
         k:       5.636432e+15	    0.50          0.00


    509. BINj-09 + BINj-19  => 0.999987594600000BINi-19 + 0.000012405400000BINi-20 
         k:       5.636465e+15	    0.50          0.00


    510. BINj-10 + BINj-19  => 0.999970227700000BINi-19 + 0.0000297723BINi-20 
         k:       5.636547e+15	    0.50          0.00


    511. BINj-11 + BINj-19  => 0.999925569300000BINi-19 + 0.0000744307BINi-20 
         k:       5.636759e+15	    0.50          0.00


    512. BINj-12 + BINj-19  => 0.999806481600000BINi-19 + 0.000193518400000BINi-20 
         k:       5.637322e+15	    0.50          0.00


    513. BINj-13 + BINj-19  => 0.999477499800000BINi-19 + 0.0005225002BINi-20 
         k:       5.638879e+15	    0.50          0.00


    514. BINj-14 + BINj-19  => 0.998537002000000BINi-19 + 0.001462998BINi-20 
         k:       5.643325e+15	    0.50          0.00


    515. BINj-15 + BINj-19  => 0.995757304500000BINi-19 + 0.0042426955BINi-20 
         k:       5.656428e+15	    0.50          0.00


    516. BINj-16 + BINj-19  => 0.987271911900000BINi-19 + 0.012728088100000BINi-20 
         k:       5.696080e+15	    0.50          0.00


    517. BINj-17 + BINj-19  => 0.960542928600000BINi-19 + 0.039457071400000BINi-20 
         k:       5.817751e+15	    0.50          0.00


    518. BINj-18 + BINj-19  => 0.873737373800000BINi-19 + 0.126262626200000BINi-20 
         k:       6.183529e+15	    0.50          0.00


    519. 2BINj-19  => 0.583333332400000BINi-19 + 0.416666667600000BINi-20 
         k:       7.183942e+15	    0.50          0.00


    520. BINi-01  => H + BINj-01 
         k:       7.626412e+15	    0.00     113100.00


    521. BINi-02  => H + BINj-02 
         k:       1.327835e+16	    0.00     113100.00


    522. BINi-03  => H + BINj-03 
         k:       2.311896e+16	    0.00     113100.00


    523. BINi-04  => H + BINj-04 
         k:       4.025244e+16	    0.00     113100.00


    524. BINi-05  => H + BINj-05 
         k:       7.008357e+16	    0.00     113100.00


    525. BINi-06  => H + BINj-06 
         k:       1.220226e+17	    0.00     113100.00


    526. BINi-07  => H + BINj-07 
         k:       2.209321e+17	    0.00     113100.00


    527. BINi-08  => H + BINj-08 
         k:       4.150861e+17	    0.00     113100.00


    528. BINi-09  => H + BINj-09 
         k:       8.082504e+17	    0.00     113100.00


    529. BINi-10  => H + BINj-10 
         k:       1.628200e+18	    0.00     113100.00


    530. BINi-11  => H + BINj-11 
         k:       3.388909e+18	    0.00     113100.00


    531. BINi-12  => H + BINj-12 
         k:       7.278398e+18	    0.00     113100.00


    532. BINi-13  => H + BINj-13 
         k:       1.611118e+19	    0.00     113100.00


    533. BINi-14  => H + BINj-14 
         k:       3.671581e+19	    0.00     113100.00


    534. BINi-15  => H + BINj-15 
         k:       8.605410e+19	    0.00     113100.00


    535. BINi-16  => H + BINj-16 
         k:       2.072376e+20	    0.00     113100.00


    536. BINi-17  => H + BINj-17 
         k:       5.123396e+20	    0.00     113100.00


    537. BINi-18  => H + BINj-18 
         k:       1.299206e+21	    0.00     113100.00


    538. BINi-19  => H + BINj-19 
         k:       3.376674e+21	    0.00     113100.00


    539. BINi-20  => H + BINj-20 
         k:       8.988189e+21	    0.00     113100.00


    540. H + BINj-01  => BINi-01 
         k:       7.830000e+13	    0.00          0.00


    541. H + BINj-02  => BINi-02 
         k:       7.830000e+13	    0.00          0.00


    542. H + BINj-03  => BINi-03 
         k:       7.830000e+13	    0.00          0.00


    543. H + BINj-04  => BINi-04 
         k:       7.830000e+13	    0.00          0.00


    544. H + BINj-05  => BINi-05 
         k:       7.830000e+13	    0.00          0.00


    545. H + BINj-06  => BINi-06 
         k:       7.830000e+13	    0.00          0.00


    546. H + BINj-07  => BINi-07 
         k:       7.830000e+13	    0.00          0.00


    547. H + BINj-08  => BINi-08 
         k:       7.830000e+13	    0.00          0.00


    548. H + BINj-09  => BINi-09 
         k:       7.830000e+13	    0.00          0.00


    549. H + BINj-10  => BINi-10 
         k:       7.830000e+13	    0.00          0.00


    550. H + BINj-11  => BINi-11 
         k:       7.830000e+13	    0.00          0.00


    551. H + BINj-12  => BINi-12 
         k:       7.830000e+13	    0.00          0.00


    552. H + BINj-13  => BINi-13 
         k:       7.830000e+13	    0.00          0.00


    553. H + BINj-14  => BINi-14 
         k:       7.830000e+13	    0.00          0.00


    554. H + BINj-15  => BINi-15 
         k:       7.830000e+13	    0.00          0.00


    555. H + BINj-16  => BINi-16 
         k:       7.830000e+13	    0.00          0.00


    556. H + BINj-17  => BINi-17 
         k:       7.830000e+13	    0.00          0.00


    557. H + BINj-18  => BINi-18 
         k:       7.830000e+13	    0.00          0.00


    558. H + BINj-19  => BINi-19 
         k:       7.830000e+13	    0.00          0.00


    559. H + BINj-20  => BINi-20 
         k:       7.830000e+13	    0.00          0.00


    560. H + BINi-01  => H2 + BINj-01 
         k:       1.561572e+14	    0.00      16000.00


    561. H + BINi-02  => H2 + BINj-02 
         k:       2.158455e+14	    0.00      16000.00


    562. H + BINi-03  => H2 + BINj-03 
         k:       2.983485e+14	    0.00      16000.00


    563. H + BINi-04  => H2 + BINj-04 
         k:       4.123870e+14	    0.00      16000.00


    564. H + BINi-05  => H2 + BINj-05 
         k:       5.700146e+14	    0.00      16000.00


    565. H + BINi-06  => H2 + BINj-06 
         k:       7.878925e+14	    0.00      16000.00


    566. H + BINi-07  => H2 + BINj-07 
         k:       1.114214e+15	    0.00      16000.00


    567. H + BINi-08  => H2 + BINj-08 
         k:       1.610073e+15	    0.00      16000.00


    568. H + BINi-09  => H2 + BINj-09 
         k:       2.375677e+15	    0.00      16000.00


    569. H + BINi-10  => H2 + BINj-10 
         k:       3.575542e+15	    0.00      16000.00


    570. H + BINi-11  => H2 + BINj-11 
         k:       5.485041e+15	    0.00      16000.00


    571. H + BINi-12  => H2 + BINj-12 
         k:       8.569804e+15	    0.00      16000.00


    572. H + BINi-13  => H2 + BINj-13 
         k:       1.362756e+16	    0.00      16000.00


    573. H + BINi-14  => H2 + BINj-14 
         k:       2.204146e+16	    0.00      16000.00


    574. H + BINi-15  => H2 + BINj-15 
         k:       3.623935e+16	    0.00      16000.00


    575. H + BINi-16  => H2 + BINj-16 
         k:       6.053353e+16	    0.00      16000.00


    576. H + BINi-17  => H2 + BINj-17 
         k:       1.026743e+17	    0.00      16000.00


    577. H + BINi-18  => H2 + BINj-18 
         k:       1.767531e+17	    0.00      16000.00


    578. H + BINi-19  => H2 + BINj-19 
         k:       3.086832e+17	    0.00      16000.00


    579. H + BINi-20  => H2 + BINj-20 
         k:       5.466554e+17	    0.00      16000.00


    580. OH + BINi-01  => H2O + BINj-01 
         k:       1.561572e+14	    0.00       4560.00


    581. OH + BINi-02  => H2O + BINj-02 
         k:       2.158455e+14	    0.00       4560.00


    582. OH + BINi-03  => H2O + BINj-03 
         k:       2.983485e+14	    0.00       4560.00


    583. OH + BINi-04  => H2O + BINj-04 
         k:       4.123870e+14	    0.00       4560.00


    584. OH + BINi-05  => H2O + BINj-05 
         k:       5.700146e+14	    0.00       4560.00


    585. OH + BINi-06  => H2O + BINj-06 
         k:       7.878925e+14	    0.00       4560.00


    586. OH + BINi-07  => H2O + BINj-07 
         k:       1.114214e+15	    0.00       4560.00


    587. OH + BINi-08  => H2O + BINj-08 
         k:       1.610073e+15	    0.00       4560.00


    588. OH + BINi-09  => H2O + BINj-09 
         k:       2.375677e+15	    0.00       4560.00


    589. OH + BINi-10  => H2O + BINj-10 
         k:       3.575542e+15	    0.00       4560.00


    590. OH + BINi-11  => H2O + BINj-11 
         k:       5.485041e+15	    0.00       4560.00


    591. OH + BINi-12  => H2O + BINj-12 
         k:       8.569804e+15	    0.00       4560.00


    592. OH + BINi-13  => H2O + BINj-13 
         k:       1.362756e+16	    0.00       4560.00


    593. OH + BINi-14  => H2O + BINj-14 
         k:       2.204146e+16	    0.00       4560.00


    594. OH + BINi-15  => H2O + BINj-15 
         k:       3.623935e+16	    0.00       4560.00


    595. OH + BINi-16  => H2O + BINj-16 
         k:       6.053353e+16	    0.00       4560.00


    596. OH + BINi-17  => H2O + BINj-17 
         k:       1.026743e+17	    0.00       4560.00


    597. OH + BINi-18  => H2O + BINj-18 
         k:       1.767531e+17	    0.00       4560.00


    598. OH + BINi-19  => H2O + BINj-19 
         k:       3.086832e+17	    0.00       4560.00


    599. OH + BINi-20  => H2O + BINj-20 
         k:       5.466554e+17	    0.00       4560.00


    600. OH + BINi-10  => H2O + BINj-10 
         k:       6.451654e+16	    0.00       4560.00


    601. OH + BINi-11  => H2O + BINj-11 
         k:       1.188768e+17	    0.00       4560.00


    602. OH + BINi-12  => H2O + BINj-12 
         k:       2.248444e+17	    0.00       4560.00


    603. OH + BINi-13  => H2O + BINj-13 
         k:       4.361160e+17	    0.00       4560.00


    604. OH + BINi-14  => H2O + BINj-14 
         k:       8.666743e+17	    0.00       4560.00


    605. OH + BINi-15  => H2O + BINj-15 
         k:       1.763094e+18	    0.00       4560.00


    606. OH + BINi-16  => H2O + BINj-16 
         k:       3.668727e+18	    0.00       4560.00


    607. OH + BINi-17  => H2O + BINj-17 
         k:       7.802856e+18	    0.00       4560.00


    608. OH + BINi-18  => H2O + BINj-18 
         k:       1.695074e+19	    0.00       4560.00


    609. OH + BINi-19  => H2O + BINj-19 
         k:       3.758698e+19	    0.00       4560.00


    610. OH + BINi-20  => H2O + BINj-20 
         k:       8.502250e+19	    0.00       4560.00


    611. H2 + BINj-01  => H + BINi-01 
         k:       1.073423e+12	    0.00      16000.00


    612. H2 + BINj-02  => H + BINi-02 
         k:       5.007695e+11	    0.00      16000.00


    613. H2 + BINj-03  => H + BINi-03 
         k:       2.336172e+11	    0.00      16000.00


    614. H2 + BINj-04  => H + BINi-04 
         k:       1.089863e+11	    0.00      16000.00


    615. H2 + BINj-05  => H + BINi-05 
         k:       5.084391e+10	    0.00      16000.00


    616. H2 + BINj-06  => H + BINi-06 
         k:       2.371952e+10	    0.00      16000.00


    617. H2 + BINj-07  => H + BINi-07 
         k:       1.048589e+10	    0.00      16000.00


    618. H2 + BINj-08  => H + BINi-08 
         k:       4.405765e+09	    0.00      16000.00


    619. H2 + BINj-09  => H + BINi-09 
         k:       1.762323e+09	    0.00      16000.00


    620. H2 + BINj-10  => H + BINi-10 
         k:       6.727643e+08	    0.00      16000.00


    621. H2 + BINj-11  => H + BINi-11 
         k:       2.455438e+08	    0.00      16000.00


    622. H2 + BINj-12  => H + BINi-12 
         k:       8.583452e+07	    0.00      16000.00


    623. H2 + BINj-13  => H + BINi-13 
         k:       2.878467e+07	    0.00      16000.00


    624. H2 + BINj-14  => H + BINi-14 
         k:       9.274452e+06	    0.00      16000.00


    625. H2 + BINj-15  => H + BINi-15 
         k:       2.875083e+06	    0.00      16000.00


    626. H2 + BINj-16  => H + BINi-16 
         k:       8.586514e+05	    0.00      16000.00


    627. H2 + BINj-17  => H + BINi-17 
         k:       2.473541e+05	    0.00      16000.00


    628. H2 + BINj-18  => H + BINi-18 
         k:       6.881040e+04	    0.00      16000.00


    629. H2 + BINj-19  => H + BINi-19 
         k:       1.850499e+04	    0.00      16000.00


    630. H2 + BINj-20  => H + BINi-20 
         k:       4.815728e+03	    0.00      16000.00


    631. OH + BINi-01  => 0.041667H2 + HCO + 0.958333333300000BINi-01 
         k:       1.150670e+13	    0.50      10600.00


    632. OH + BINi-02  => HCO + 0.041666666700000BINi-01 + 0.958333333300000BINi-02 
         k:       1.542717e+13	    0.50      10600.00


    633. OH + BINi-03  => HCO + 0.020833333300000BINi-02 + 0.979166666700000BINi-03 
         k:       2.068340e+13	    0.50      10600.00


    634. OH + BINi-04  => HCO + 0.010416666700000BINi-03 + 0.989583333300000BINi-04 
         k:       2.773050e+13	    0.50      10600.00


    635. OH + BINi-05  => HCO + 0.005208333300000BINi-04 + 0.994791666700000BINi-05 
         k:       3.717863e+13	    0.50      10600.00


    636. OH + BINi-06  => HCO + 0.002604166700000BINi-05 + 0.997395833300000BINi-06 
         k:       4.984586e+13	    0.50      10600.00


    637. OH + BINi-07  => HCO + 0.001183432BINi-06 + 0.998816568BINi-07 
         k:       6.822611e+13	    0.50      10600.00


    638. OH + BINi-08  => HCO + 0.0005167959BINi-07 + 0.999483204100000BINi-08 
         k:       9.522793e+13	    0.50      10600.00


    639. OH + BINi-09  => HCO + 0.0002167787BINi-08 + 0.999783221300000BINi-09 
         k:       1.354530e+14	    0.50      10600.00


    640. OH + BINi-10  => HCO + 0.000087527400000BINi-09 + 0.999912472600000BINi-10 
         k:       1.961617e+14	    0.50      10600.00


    641. OH + BINi-11  => HCO + 0.0000340379BINi-10 + 0.999965962100000BINi-11 
         k:       2.890300e+14	    0.50      10600.00


    642. OH + BINi-12  => HCO + 0.000012764400000BINi-11 + 0.999987235600000BINi-12 
         k:       4.329874e+14	    0.50      10600.00


    643. OH + BINi-13  => HCO + 0.000004620600000BINi-12 + 0.999995379400000BINi-13 
         k:       6.590863e+14	    0.50      10600.00


    644. OH + BINi-14  => HCO + 0.000001616300000BINi-13 + 0.999998383700000BINi-14 
         k:       1.018802e+15	    0.50      10600.00


    645. OH + BINi-15  => HCO + 0.0000005469BINi-14 + 0.999999453100000BINi-15 
         k:       1.598395e+15	    0.50      10600.00


    646. OH + BINi-16  => HCO + 0.0000001791BINi-15 + 0.999999820900000BINi-16 
         k:       2.543938e+15	    0.50      10600.00


    647. OH + BINi-17  => HCO + 0.0000000569BINi-16 + 0.999999943100000BINi-17 
         k:       4.105372e+15	    0.50      10600.00


    648. OH + BINi-18  => HCO + 0.000000017500000BINi-17 + 0.999999982500000BINi-18 
         k:       6.714768e+15	    0.50      10600.00


    649. OH + BINi-19  => HCO + 0.0000000052BINi-18 + 0.999999994800000BINi-19 
         k:       1.112660e+16	    0.50      10600.00


    650. OH + BINi-20  => HCO + 0.0000000015BINi-19 + 0.999999998500000BINi-20 
         k:       1.867145e+16	    0.50      10600.00


    651. O2 + BINj-01  => 2CO + 0.916666666700000BINi-01 
         k:       3.581536e+12	    0.00       8000.00


    652. O2 + BINj-02  => 2CO + 0.083333333300000BINi-01 + 0.916666666700000BINi-02 
         k:       5.686648e+12	    0.00       8000.00


    653. O2 + BINj-03  => 2CO + 0.041666666700000BINi-02 + 0.958333333300000BINi-03 
         k:       9.029077e+12	    0.00       8000.00


    654. O2 + BINj-04  => 2CO + 0.020833333300000BINi-03 + 0.979166666700000BINi-04 
         k:       1.433608e+13	    0.00       8000.00


    655. O2 + BINj-05  => 2CO + 0.010416666700000BINi-04 + 0.989583333300000BINi-05 
         k:       2.276236e+13	    0.00       8000.00


    656. O2 + BINj-06  => 2CO + 0.005208333300000BINi-05 + 0.994791666700000BINi-06 
         k:       3.614135e+13	    0.00       8000.00


    657. O2 + BINj-07  => 2CO + 0.002366863900000BINi-06 + 0.997633136100000BINi-07 
         k:       5.928715e+13	    0.00       8000.00


    658. O2 + BINj-08  => 2CO + 0.001033591700000BINi-07 + 0.998966408300000BINi-08 
         k:       1.003015e+14	    0.00       8000.00


    659. O2 + BINj-09  => 2CO + 0.000433557300000BINi-08 + 0.999566442700000BINi-09 
         k:       1.748241e+14	    0.00       8000.00


    660. O2 + BINj-10  => 2CO + 0.0001750547BINi-09 + 0.999824945300000BINi-10 
         k:       3.134702e+14	    0.00       8000.00


    661. O2 + BINj-11  => 2CO + 0.0000680758BINi-10 + 0.999931924200000BINi-11 
         k:       5.775934e+14	    0.00       8000.00


    662. O2 + BINj-12  => 2CO + 0.000025528800000BINi-11 + 0.999974471200000BINi-12 
         k:       1.092464e+15	    0.00       8000.00


    663. O2 + BINj-13  => 2CO + 0.000009241100000BINi-12 + 0.999990758900000BINi-13 
         k:       2.118982e+15	    0.00       8000.00


    664. O2 + BINj-14  => 2CO + 0.0000032325BINi-13 + 0.999996767500000BINi-14 
         k:       4.210960e+15	    0.00       8000.00


    665. O2 + BINj-15  => 2CO + 0.000001093700000BINi-14 + 0.999998906300000BINi-15 
         k:       8.566445e+15	    0.00       8000.00


    666. O2 + BINj-16  => 2CO + 0.000000358300000BINi-15 + 0.999999641700000BINi-16 
         k:       1.782545e+16	    0.00       8000.00


    667. O2 + BINj-17  => 2CO + 0.000000113700000BINi-16 + 0.999999886300000BINi-17 
         k:       3.791218e+16	    0.00       8000.00


    668. O2 + BINj-18  => 2CO + 0.000000035000000BINi-17 + 0.999999965BINi-18 
         k:       8.235952e+16	    0.00       8000.00


    669. O2 + BINj-19  => 2CO + 0.000000010500000BINi-18 + 0.999999989500000BINi-19 
         k:       1.826260e+17	    0.00       8000.00


    670. O2 + BINj-20  => 2CO + 0.000000003BINi-19 + 0.999999997000000BINi-20 
         k:       4.131037e+17	    0.00       8000.00


    671. O2 + BINj-03  => 2CO + 0.083333333300000BINi-01 + 1.916666666700000BINi-02 
         k:       1.733583e+11	    0.00       8000.00


    672. O2 + BINj-04  => 2CO + 0.041666666700000BINi-02 + 1.958333333300000BINi-03 
         k:       5.505054e+11	    0.00       8000.00


    673. O2 + BINj-05  => 2CO + 0.020833333300000BINi-03 + 1.979166666700000BINi-04 
         k:       1.748150e+12	    0.00       8000.00


    674. O2 + BINj-06  => 2CO + 0.010416666700000BINi-04 + 1.989583333300000BINi-05 
         k:       5.551312e+12	    0.00       8000.00


    675. O2 + BINj-07  => 2CO + 1.911242603600000BINi-06 + 0.088757396400000BINi-07 
         k:       1.912603e+13	    0.00       8000.00


    676. O2 + BINj-08  => 2CO + 1.834625323000000BINi-07 + 0.165374677000000BINi-08 
         k:       7.117396e+13	    0.00       8000.00


    677. O2 + BINj-09  => 2CO + 1.769564274900000BINi-08 + 0.230435725100000BINi-09 
         k:       2.853479e+14	    0.00       8000.00


    678. O2 + BINj-10  => 2CO + 1.714485776800000BINi-09 + 0.285514223200000BINi-10 
         k:       1.227925e+15	    0.00       8000.00


    679. O2 + BINj-11  => 2CO + 1.666734742500000BINi-10 + 0.333265257500000BINi-11 
         k:       5.656373e+15	    0.00       8000.00


    680. O2 + BINj-12  => 2CO + 1.625033506500000BINi-11 + 0.374966493500000BINi-12 
         k:       2.781589e+16	    0.00       8000.00


    681. O2 + BINj-13  => 2CO + 1.588243448000000BINi-12 + 0.411756552BINi-13 
         k:       1.456724e+17	    0.00       8000.00


    682. O2 + BINj-14  => 2CO + 1.555560224700000BINi-13 + 0.444439775300000BINi-14 
         k:       8.105660e+17	    0.00       8000.00


    683. O2 + BINj-15  => 2CO + 1.526316652900000BINi-14 + 0.473683347100000BINi-15 
         k:       4.781961e+18	    0.00       8000.00


    684. O2 + BINj-16  => 2CO + 1.500000268700000BINi-15 + 0.499999731300000BINi-16 
         k:       2.985158e+19	    0.00       8000.00


    685. O2 + BINj-17  => 2CO + 1.476190619700000BINi-16 + 0.523809380300000BINi-17 
         k:       1.968191e+20	    0.00       8000.00


    686. O2 + BINj-18  => 2CO + 1.454545500700000BINi-17 + 0.545454499300000BINi-18 
         k:       1.368208e+21	    0.00       8000.00


    687. O2 + BINj-19  => 2CO + 1.434782617600000BINi-18 + 0.565217382400000BINi-19 
         k:       1.001186e+22	    0.00       8000.00


    688. O2 + BINj-20  => 2CO + 1.416666670600000BINi-19 + 0.583333329400000BINi-20 
         k:       7.699992e+22	    0.00       8000.00


    689. O2 + BINj-10  => 2CO + 1.714485776800000BINi-09 + 0.285514223200000BINi-10 
         k:       6.139627e+05	    0.00       8000.00


    690. O2 + BINj-11  => 2CO + 1.666734742500000BINi-10 + 0.333265257500000BINi-11 
         k:       2.828186e+06	    0.00       8000.00


    691. O2 + BINj-12  => 2CO + 1.625033506500000BINi-11 + 0.374966493500000BINi-12 
         k:       1.390794e+07	    0.00       8000.00


    692. O2 + BINj-13  => 2CO + 1.588243448000000BINi-12 + 0.411756552BINi-13 
         k:       7.283618e+07	    0.00       8000.00


    693. O2 + BINj-14  => 2CO + 1.555560224700000BINi-13 + 0.444439775300000BINi-14 
         k:       4.052830e+08	    0.00       8000.00


    694. O2 + BINj-15  => 2CO + 1.526316652900000BINi-14 + 0.473683347100000BINi-15 
         k:       2.390981e+09	    0.00       8000.00


    695. O2 + BINj-16  => 2CO + 1.500000268700000BINi-15 + 0.499999731300000BINi-16 
         k:       1.492579e+10	    0.00       8000.00


    696. O2 + BINj-17  => 2CO + 1.476190619700000BINi-16 + 0.523809380300000BINi-17 
         k:       9.840953e+10	    0.00       8000.00


    697. O2 + BINj-18  => 2CO + 1.454545500700000BINi-17 + 0.545454499300000BINi-18 
         k:       6.841041e+11	    0.00       8000.00


    698. O2 + BINj-19  => 2CO + 1.434782617600000BINi-18 + 0.565217382400000BINi-19 
         k:       5.005932e+12	    0.00       8000.00


    699. O2 + BINj-20  => 2CO + 1.416666670600000BINi-19 + 0.583333329400000BINi-20 
         k:       3.849996e+13	    0.00       8000.00


    700. O2 + BINj-10  => 2CO + 1.714485776800000BINi-09 + 0.285514223200000BINi-10 
         k:       1.600481e+10	    0.00       8000.00


    701. O2 + BINj-11  => 2CO + 1.666734742500000BINi-10 + 0.333265257500000BINi-11 
         k:       1.179605e+10	    0.00       8000.00


    702. O2 + BINj-12  => 2CO + 1.625033506500000BINi-11 + 0.374966493500000BINi-12 
         k:       8.581269e+09	    0.00       8000.00


    703. O2 + BINj-13  => 2CO + 1.588243448000000BINi-12 + 0.411756552BINi-13 
         k:       6.164633e+09	    0.00       8000.00


    704. O2 + BINj-14  => 2CO + 1.555560224700000BINi-13 + 0.444439775300000BINi-14 
         k:       4.375260e+09	    0.00       8000.00


    705. O2 + BINj-15  => 2CO + 1.526316652900000BINi-14 + 0.473683347100000BINi-15 
         k:       3.069200e+09	    0.00       8000.00


    706. O2 + BINj-16  => 2CO + 1.500000268700000BINi-15 + 0.499999731300000BINi-16 
         k:       2.128844e+09	    0.00       8000.00


    707. O2 + BINj-17  => 2CO + 1.476190619700000BINi-16 + 0.523809380300000BINi-17 
         k:       1.460563e+09	    0.00       8000.00


    708. O2 + BINj-18  => 2CO + 1.454545500700000BINi-17 + 0.545454499300000BINi-18 
         k:       9.915291e+08	    0.00       8000.00


    709. O2 + BINj-19  => 2CO + 1.434782617600000BINi-18 + 0.565217382400000BINi-19 
         k:       6.662548e+08	    0.00       8000.00


    710. O2 + BINj-20  => 2CO + 1.416666670600000BINi-19 + 0.583333329400000BINi-20 
         k:       4.432593e+08	    0.00       8000.00


    711. C2H2 + BINj-01  => H + 0.916666666700000BINi-01 + 0.083333333300000BINi-02 
         k:       2.124865e+07	    1.79       3262.00


    712. C2H2 + BINj-02  => H + 0.958333333300000BINi-02 + 0.041666666700000BINi-03 
         k:       3.256611e+07	    1.79       3262.00


    713. C2H2 + BINj-03  => H + 0.979166666700000BINi-03 + 0.020833333300000BINi-04 
         k:       4.991147e+07	    1.79       3262.00


    714. C2H2 + BINj-04  => H + 0.989583333300000BINi-04 + 0.010416666700000BINi-05 
         k:       7.649531e+07	    1.79       3262.00


    715. C2H2 + BINj-05  => H + 0.994791666700000BINi-05 + 0.005208333300000BINi-06 
         k:       1.172382e+08	    1.79       3262.00


    716. C2H2 + BINj-06  => H + 0.997633136100000BINi-06 + 0.002366863900000BINi-07 
         k:       1.796817e+08	    1.79       3262.00


    717. C2H2 + BINj-07  => H + 0.998966408300000BINi-07 + 0.001033591700000BINi-08 
         k:       2.838076e+08	    1.79       3262.00


    718. C2H2 + BINj-08  => H + 0.999566442700000BINi-08 + 0.000433557300000BINi-09 
         k:       4.612232e+08	    1.79       3262.00


    719. C2H2 + BINj-09  => H + 0.999824945300000BINi-09 + 0.0001750547BINi-10 
         k:       7.704690e+08	    1.79       3262.00


    720. C2H2 + BINj-10  => H + 0.999931924200000BINi-10 + 0.0000680758BINi-11 
         k:       1.321173e+09	    1.79       3262.00


    721. C2H2 + BINj-11  => H + 0.999974471200000BINi-11 + 0.000025528800000BINi-12 
         k:       2.323223e+09	    1.79       3262.00


    722. C2H2 + BINj-12  => H + 0.999990758900000BINi-12 + 0.000009241100000BINi-13 
         k:       4.185163e+09	    1.79       3262.00


    723. C2H2 + BINj-13  => H + 0.999996767500000BINi-13 + 0.0000032325BINi-14 
         k:       7.716720e+09	    1.79       3262.00


    724. C2H2 + BINj-14  => H + 0.999998906300000BINi-14 + 0.000001093700000BINi-15 
         k:       1.455063e+10	    1.79       3262.00


    725. C2H2 + BINj-15  => H + 0.999999641700000BINi-15 + 0.000000358300000BINi-16 
         k:       2.803618e+10	    1.79       3262.00


    726. C2H2 + BINj-16  => H + 0.999999886300000BINi-16 + 0.000000113700000BINi-17 
         k:       5.516017e+10	    1.79       3262.00


    727. C2H2 + BINj-17  => H + 0.999999965BINi-17 + 0.000000035000000BINi-18 
         k:       1.107400e+11	    1.79       3262.00


    728. C2H2 + BINj-18  => H + 0.999999989500000BINi-18 + 0.000000010500000BINi-19 
         k:       2.267132e+11	    1.79       3262.00


    729. C2H2 + BINj-19  => H + 0.999999997000000BINi-19 + 0.000000003BINi-20 
         k:       4.730220e+11	    1.79       3262.00


    730. C2H2 + BINj-01  => H + 0.916666666700000BINi-01 + 0.083333333300000BINi-02 
         k:       5.099676e+02	    1.79       3262.00


    731. C2H2 + BINj-02  => H + 0.958333333300000BINi-02 + 0.041666666700000BINi-03 
         k:       1.563173e+03	    1.79       3262.00


    732. C2H2 + BINj-03  => H + 0.979166666700000BINi-03 + 0.020833333300000BINi-04 
         k:       4.791501e+03	    1.79       3262.00


    733. C2H2 + BINj-04  => H + 0.989583333300000BINi-04 + 0.010416666700000BINi-05 
         k:       1.468710e+04	    1.79       3262.00


    734. C2H2 + BINj-05  => H + 0.994791666700000BINi-05 + 0.005208333300000BINi-06 
         k:       4.501948e+04	    1.79       3262.00


    735. C2H2 + BINj-06  => H + 0.997633136100000BINi-06 + 0.002366863900000BINi-07 
         k:       1.379955e+05	    1.79       3262.00


    736. C2H2 + BINj-07  => H + 0.998966408300000BINi-07 + 0.001033591700000BINi-08 
         k:       4.577817e+05	    1.79       3262.00


    737. C2H2 + BINj-08  => H + 0.999566442700000BINi-08 + 0.000433557300000BINi-09 
         k:       1.636420e+06	    1.79       3262.00


    738. C2H2 + BINj-09  => H + 0.999824945300000BINi-09 + 0.0001750547BINi-10 
         k:       6.287798e+06	    1.79       3262.00


    739. C2H2 + BINj-10  => H + 0.999931924200000BINi-10 + 0.0000680758BINi-11 
         k:       2.587650e+07	    1.79       3262.00


    740. C2H2 + BINj-11  => H + 0.999974471200000BINi-11 + 0.000025528800000BINi-12 
         k:       1.137566e+08	    1.79       3262.00


    741. C2H2 + BINj-12  => H + 0.999990758900000BINi-12 + 0.000009241100000BINi-13 
         k:       5.328047e+08	    1.79       3262.00


    742. C2H2 + BINj-13  => H + 0.999996767500000BINi-13 + 0.0000032325BINi-14 
         k:       2.652484e+09	    1.79       3262.00


    743. C2H2 + BINj-14  => H + 0.999998906300000BINi-14 + 0.000001093700000BINi-15 
         k:       1.400422e+10	    1.79       3262.00


    744. C2H2 + BINj-15  => H + 0.999999641700000BINi-15 + 0.000000358300000BINi-16 
         k:       7.825179e+10	    1.79       3262.00


    745. C2H2 + BINj-16  => H + 0.999999886300000BINi-16 + 0.000000113700000BINi-17 
         k:       4.618727e+11	    1.79       3262.00


    746. C2H2 + BINj-17  => H + 0.999999965BINi-17 + 0.000000035000000BINi-18 
         k:       2.874503e+12	    1.79       3262.00


    747. C2H2 + BINj-18  => H + 0.999999989500000BINi-18 + 0.000000010500000BINi-19 
         k:       1.883151e+13	    1.79       3262.00


    748. C2H2 + BINj-19  => H + 0.999999997000000BINi-19 + 0.000000003BINi-20 
         k:       1.296593e+14	    1.79       3262.00


    749. A2-1 + A2  => H + 6.1667H2 + 0.833333333300000BINi-01 
         k:       1.000000e+13	    0.50      15000.00


    750. A2 + A2R5-  => H + 6.0833H2 + 0.916666666700000BINi-01 
         k:       1.000000e+13	    0.50      15000.00


    751. A2 + A3-4  => H + 7H2 + BINi-01 
         k:       2.000000e+13	    0.50      15000.00


    752. A2 + A4-  => H + 7H2 + 0.916666666700000BINi-01 + 0.083333333300000BINi-02 
         k:       2.000000e+13	    0.50      15000.00


    753. A2-1 + A3  => H + 7H2 + BINi-01 
         k:       2.000000e+13	    0.50      15000.00


    754. A2R5- + A3  => H + 7H2 + 0.916666666700000BINi-01 + 0.083333333300000BINi-02 
         k:       2.000000e+13	    0.50      15000.00


    755. A3-4 + A3  => H + 8H2 + 0.833333333300000BINi-01 + 0.1666666667BINi-02 
         k:       2.000000e+13	    0.50      15000.00


    756. A3 + A4-  => H + 8H2 + 0.75BINi-01 + 0.25BINi-02 
         k:       2.000000e+13	    0.50      15000.00


    757. A2-1 + A2R5  => H + 6.0833H2 + 0.916666666700000BINi-01 
         k:       1.000000e+13	    0.50      15000.00


    758. A2R5 + A2R5-  => H + 6H2 + BINi-01 
         k:       1.000000e+13	    0.50      15000.00


    759. A2R5 + A3-4  => H + 7H2 + 0.916666666700000BINi-01 + 0.083333333300000BINi-02 
         k:       2.000000e+13	    0.50      15000.00


    760. A2R5 + A4-  => H + 7H2 + 0.833333333300000BINi-01 + 0.1666666667BINi-02 
         k:       2.000000e+13	    0.50      15000.00


    761. A2-1 + A4  => H + 7H2 + 0.916666666700000BINi-01 + 0.083333333300000BINi-02 
         k:       2.000000e+13	    0.50      15000.00


    762. A2R5- + A4  => H + 7H2 + 0.833333333300000BINi-01 + 0.1666666667BINi-02 
         k:       2.000000e+13	    0.50      15000.00


    763. A3-4 + A4  => H + 8H2 + 0.75BINi-01 + 0.25BINi-02 
         k:       2.000000e+13	    0.50      15000.00


    764. A4- + A4  => H + 8H2 + 0.666666666700000BINi-01 + 0.333333333300000BINi-02 
         k:       2.000000e+13	    0.50      15000.00


    765. A2 + BINj-01  => H + 3H2 + 0.583333333300000BINi-01 + 0.416666666700000BINi-02 
         k:       4.663877e+13	    0.50      15000.00


    766. A2 + BINj-02  => H + 3H2 + 0.791666666700000BINi-02 + 0.2083333333BINi-03 
         k:       7.020286e+13	    0.50      15000.00


    767. A2 + BINj-03  => H + 3H2 + 0.895833333300000BINi-03 + 0.104166666700000BINi-04 
         k:       1.056726e+14	    0.50      15000.00


    768. A2 + BINj-04  => H + 3H2 + 0.947916666700000BINi-04 + 0.0520833333BINi-05 
         k:       1.590634e+14	    0.50      15000.00


    769. A2 + BINj-05  => H + 3H2 + 0.973958333300000BINi-05 + 0.026041666700000BINi-06 
         k:       2.394296e+14	    0.50      15000.00


    770. A2 + BINj-06  => H + 3H2 + 0.988165680500000BINi-06 + 0.011834319500000BINi-07 
         k:       3.604006e+14	    0.50      15000.00


    771. A2 + BINj-07  => H + 3H2 + 0.994832041300000BINi-07 + 0.005167958700000BINi-08 
         k:       5.583760e+14	    0.50      15000.00


    772. A2 + BINj-08  => H + 3H2 + 0.997832213300000BINi-08 + 0.0021677867BINi-09 
         k:       8.890225e+14	    0.50      15000.00


    773. A2 + BINj-09  => H + 3H2 + 0.999124726500000BINi-09 + 0.0008752735BINi-10 
         k:       1.453286e+15	    0.50      15000.00


    774. A2 + BINj-10  => H + 3H2 + 0.999659620800000BINi-10 + 0.000340379200000BINi-11 
         k:       2.435962e+15	    0.50      15000.00


    775. A2 + BINj-11  => H + 3H2 + 0.999872356200000BINi-11 + 0.000127643800000BINi-12 
         k:       4.182684e+15	    0.50      15000.00


    776. A2 + BINj-12  => H + 3H2 + 0.999953794400000BINi-12 + 0.000046205600000BINi-13 
         k:       7.349999e+15	    0.50      15000.00


    777. A2 + BINj-13  => H + 3H2 + 0.999983837500000BINi-13 + 0.0000161625BINi-14 
         k:       1.320664e+16	    0.50      15000.00


    778. A2 + BINj-14  => H + 3H2 + 0.999994531500000BINi-14 + 0.000005468500000BINi-15 
         k:       2.424460e+16	    0.50      15000.00


    779. A2 + BINj-15  => H + 3H2 + 0.999998208600000BINi-15 + 0.0000017914BINi-16 
         k:       4.543912e+16	    0.50      15000.00


    780. A2 + BINj-16  => H + 3H2 + 0.999999431300000BINi-16 + 0.000000568700000BINi-17 
         k:       8.688234e+16	    0.50      15000.00


    781. A2 + BINj-17  => H + 3H2 + 0.999999824900000BINi-17 + 0.000000175100000BINi-18 
         k:       1.693694e+17	    0.50      15000.00


    782. A2 + BINj-18  => H + 3H2 + 0.999999947700000BINi-18 + 0.0000000523BINi-19 
         k:       3.364135e+17	    0.50      15000.00


    783. A2 + BINj-19  => H + 3H2 + 0.999999984800000BINi-19 + 0.000000015200000BINi-20 
         k:       6.804506e+17	    0.50      15000.00


    784. A2R5 + BINj-01  => H + 3H2 + 0.5BINi-01 + 0.5BINi-02 
         k:       4.663877e+13	    0.50      15000.00


    785. A2R5 + BINj-02  => H + 3H2 + 0.75BINi-02 + 0.25BINi-03 
         k:       7.020286e+13	    0.50      15000.00


    786. A2R5 + BINj-03  => H + 3H2 + 0.875BINi-03 + 0.125BINi-04 
         k:       1.056726e+14	    0.50      15000.00


    787. A2R5 + BINj-04  => H + 3H2 + 0.9375BINi-04 + 0.0625BINi-05 
         k:       1.590634e+14	    0.50      15000.00


    788. A2R5 + BINj-05  => H + 3H2 + 0.96875BINi-05 + 0.03125BINi-06 
         k:       2.394296e+14	    0.50      15000.00


    789. A2R5 + BINj-06  => H + 3H2 + 0.985798816600000BINi-06 + 0.014201183400000BINi-07 
         k:       3.604006e+14	    0.50      15000.00


    790. A2R5 + BINj-07  => H + 3H2 + 0.993798449600000BINi-07 + 0.0062015504BINi-08 
         k:       5.583760e+14	    0.50      15000.00


    791. A2R5 + BINj-08  => H + 3H2 + 0.997398656000000BINi-08 + 0.002601344BINi-09 
         k:       8.890225e+14	    0.50      15000.00


    792. A2R5 + BINj-09  => H + 3H2 + 0.998949671800000BINi-09 + 0.0010503282BINi-10 
         k:       1.453286e+15	    0.50      15000.00


    793. A2R5 + BINj-10  => H + 3H2 + 0.999591545000000BINi-10 + 0.000408455BINi-11 
         k:       2.435962e+15	    0.50      15000.00


    794. A2R5 + BINj-11  => H + 3H2 + 0.999846827400000BINi-11 + 0.000153172600000BINi-12 
         k:       4.182684e+15	    0.50      15000.00


    795. A2R5 + BINj-12  => H + 3H2 + 0.999944553300000BINi-12 + 0.0000554467BINi-13 
         k:       7.349999e+15	    0.50      15000.00


    796. A2R5 + BINj-13  => H + 3H2 + 0.999980605BINi-13 + 0.000019395000000BINi-14 
         k:       1.320664e+16	    0.50      15000.00


    797. A2R5 + BINj-14  => H + 3H2 + 0.999993437800000BINi-14 + 0.000006562200000BINi-15 
         k:       2.424460e+16	    0.50      15000.00


    798. A2R5 + BINj-15  => H + 3H2 + 0.999997850300000BINi-15 + 0.0000021497BINi-16 
         k:       4.543912e+16	    0.50      15000.00


    799. A2R5 + BINj-16  => H + 3H2 + 0.999999317600000BINi-16 + 0.0000006824BINi-17 
         k:       8.688234e+16	    0.50      15000.00


    800. A2R5 + BINj-17  => H + 3H2 + 0.999999789900000BINi-17 + 0.000000210100000BINi-18 
         k:       1.693694e+17	    0.50      15000.00


    801. A2R5 + BINj-18  => H + 3H2 + 0.999999937200000BINi-18 + 0.000000062800000BINi-19 
         k:       3.364135e+17	    0.50      15000.00


    802. A2R5 + BINj-19  => H + 3H2 + 0.999999981800000BINi-19 + 0.000000018200000BINi-20 
         k:       6.804506e+17	    0.50      15000.00


    803. A3 + BINj-01  => H + 4H2 + 0.416666666700000BINi-01 + 0.583333333300000BINi-02 
         k:       4.663877e+13	    0.50      15000.00


    804. A3 + BINj-02  => H + 4H2 + 0.708333333300000BINi-02 + 0.291666666700000BINi-03 
         k:       7.020286e+13	    0.50      15000.00


    805. A3 + BINj-03  => H + 4H2 + 0.854166666700000BINi-03 + 0.145833333300000BINi-04 
         k:       1.056726e+14	    0.50      15000.00


    806. A3 + BINj-04  => H + 4H2 + 0.927083333300000BINi-04 + 0.0729166667BINi-05 
         k:       1.590634e+14	    0.50      15000.00


    807. A3 + BINj-05  => H + 4H2 + 0.963541666700000BINi-05 + 0.036458333300000BINi-06 
         k:       2.394296e+14	    0.50      15000.00


    808. A3 + BINj-06  => H + 4H2 + 0.983431952700000BINi-06 + 0.016568047300000BINi-07 
         k:       3.604006e+14	    0.50      15000.00


    809. A3 + BINj-07  => H + 4H2 + 0.992764857900000BINi-07 + 0.007235142100000BINi-08 
         k:       5.583760e+14	    0.50      15000.00


    810. A3 + BINj-08  => H + 4H2 + 0.996965098600000BINi-08 + 0.003034901400000BINi-09 
         k:       8.890225e+14	    0.50      15000.00


    811. A3 + BINj-09  => H + 4H2 + 0.998774617100000BINi-09 + 0.0012253829BINi-10 
         k:       1.453286e+15	    0.50      15000.00


    812. A3 + BINj-10  => H + 4H2 + 0.999523469100000BINi-10 + 0.000476530900000BINi-11 
         k:       2.435962e+15	    0.50      15000.00


    813. A3 + BINj-11  => H + 4H2 + 0.999821298600000BINi-11 + 0.000178701400000BINi-12 
         k:       4.182684e+15	    0.50      15000.00


    814. A3 + BINj-12  => H + 4H2 + 0.999935312200000BINi-12 + 0.000064687800000BINi-13 
         k:       7.349999e+15	    0.50      15000.00


    815. A3 + BINj-13  => H + 4H2 + 0.999977372500000BINi-13 + 0.0000226275BINi-14 
         k:       1.320664e+16	    0.50      15000.00


    816. A3 + BINj-14  => H + 4H2 + 0.999992344100000BINi-14 + 0.000007655900000BINi-15 
         k:       2.424460e+16	    0.50      15000.00


    817. A3 + BINj-15  => H + 4H2 + 0.999997492000000BINi-15 + 0.000002508BINi-16 
         k:       4.543912e+16	    0.50      15000.00


    818. A3 + BINj-16  => H + 4H2 + 0.999999203800000BINi-16 + 0.0000007962BINi-17 
         k:       8.688234e+16	    0.50      15000.00


    819. A3 + BINj-17  => H + 4H2 + 0.999999754800000BINi-17 + 0.0000002452BINi-18 
         k:       1.693694e+17	    0.50      15000.00


    820. A3 + BINj-18  => H + 4H2 + 0.999999926700000BINi-18 + 0.000000073300000BINi-19 
         k:       3.364135e+17	    0.50      15000.00


    821. A3 + BINj-19  => H + 4H2 + 0.999999978700000BINi-19 + 0.000000021300000BINi-20 
         k:       6.804506e+17	    0.50      15000.00


    822. A4 + BINj-01  => H + 4H2 + 0.333333333300000BINi-01 + 0.666666666700000BINi-02 
         k:       4.663877e+13	    0.50      15000.00


    823. A4 + BINj-02  => H + 4H2 + 0.666666666700000BINi-02 + 0.333333333300000BINi-03 
         k:       7.020286e+13	    0.50      15000.00


    824. A4 + BINj-03  => H + 4H2 + 0.833333333300000BINi-03 + 0.1666666667BINi-04 
         k:       1.056726e+14	    0.50      15000.00


    825. A4 + BINj-04  => H + 4H2 + 0.916666666700000BINi-04 + 0.083333333300000BINi-05 
         k:       1.590634e+14	    0.50      15000.00


    826. A4 + BINj-05  => H + 4H2 + 0.958333333300000BINi-05 + 0.041666666700000BINi-06 
         k:       2.394296e+14	    0.50      15000.00


    827. A4 + BINj-06  => H + 4H2 + 0.981065088800000BINi-06 + 0.018934911200000BINi-07 
         k:       3.604006e+14	    0.50      15000.00


    828. A4 + BINj-07  => H + 4H2 + 0.991731266100000BINi-07 + 0.008268733900000BINi-08 
         k:       5.583760e+14	    0.50      15000.00


    829. A4 + BINj-08  => H + 4H2 + 0.996531541300000BINi-08 + 0.0034684587BINi-09 
         k:       8.890225e+14	    0.50      15000.00


    830. A4 + BINj-09  => H + 4H2 + 0.998599562400000BINi-09 + 0.0014004376BINi-10 
         k:       1.453286e+15	    0.50      15000.00


    831. A4 + BINj-10  => H + 4H2 + 0.999455393300000BINi-10 + 0.000544606700000BINi-11 
         k:       2.435962e+15	    0.50      15000.00


    832. A4 + BINj-11  => H + 4H2 + 0.999795769900000BINi-11 + 0.000204230100000BINi-12 
         k:       4.182684e+15	    0.50      15000.00


    833. A4 + BINj-12  => H + 4H2 + 0.999926071000000BINi-12 + 0.000073929BINi-13 
         k:       7.349999e+15	    0.50      15000.00


    834. A4 + BINj-13  => H + 4H2 + 0.999974140000000BINi-13 + 0.00002586BINi-14 
         k:       1.320664e+16	    0.50      15000.00


    835. A4 + BINj-14  => H + 4H2 + 0.999991250400000BINi-14 + 0.000008749600000BINi-15 
         k:       2.424460e+16	    0.50      15000.00


    836. A4 + BINj-15  => H + 4H2 + 0.999997133700000BINi-15 + 0.0000028663BINi-16 
         k:       4.543912e+16	    0.50      15000.00


    837. A4 + BINj-16  => H + 4H2 + 0.999999090100000BINi-16 + 0.0000009099BINi-17 
         k:       8.688234e+16	    0.50      15000.00


    838. A4 + BINj-17  => H + 4H2 + 0.999999719800000BINi-17 + 0.000000280200000BINi-18 
         k:       1.693694e+17	    0.50      15000.00


    839. A4 + BINj-18  => H + 4H2 + 0.999999916300000BINi-18 + 0.000000083700000BINi-19 
         k:       3.364135e+17	    0.50      15000.00


    840. A4 + BINj-19  => H + 4H2 + 0.999999975700000BINi-19 + 0.000000024300000BINi-20 
         k:       6.804506e+17	    0.50      15000.00


    841. A2-1 + BINi-01  => H + 3H2 + 0.583333333300000BINi-01 + 0.416666666700000BINi-02 
         k:       4.663877e+13	    0.50      15000.00


    842. A2-1 + BINi-02  => H + 3H2 + 0.791666666700000BINi-02 + 0.2083333333BINi-03 
         k:       7.020286e+13	    0.50      15000.00


    843. A2-1 + BINi-03  => H + 3H2 + 0.895833333300000BINi-03 + 0.104166666700000BINi-04 
         k:       1.056726e+14	    0.50      15000.00


    844. A2-1 + BINi-04  => H + 3H2 + 0.947916666700000BINi-04 + 0.0520833333BINi-05 
         k:       1.590634e+14	    0.50      15000.00


    845. A2-1 + BINi-05  => H + 3H2 + 0.973958333300000BINi-05 + 0.026041666700000BINi-06 
         k:       2.394296e+14	    0.50      15000.00


    846. A2-1 + BINi-06  => H + 3H2 + 0.988165680500000BINi-06 + 0.011834319500000BINi-07 
         k:       3.604006e+14	    0.50      15000.00


    847. A2-1 + BINi-07  => H + 3H2 + 0.994832041300000BINi-07 + 0.005167958700000BINi-08 
         k:       5.583760e+14	    0.50      15000.00


    848. A2-1 + BINi-08  => H + 3H2 + 0.997832213300000BINi-08 + 0.0021677867BINi-09 
         k:       8.890225e+14	    0.50      15000.00


    849. A2-1 + BINi-09  => H + 3H2 + 0.999124726500000BINi-09 + 0.0008752735BINi-10 
         k:       1.453286e+15	    0.50      15000.00


    850. A2-1 + BINi-10  => H + 3H2 + 0.999659620800000BINi-10 + 0.000340379200000BINi-11 
         k:       2.435962e+15	    0.50      15000.00


    851. A2-1 + BINi-11  => H + 3H2 + 0.999872356200000BINi-11 + 0.000127643800000BINi-12 
         k:       4.182684e+15	    0.50      15000.00


    852. A2-1 + BINi-12  => H + 3H2 + 0.999953794400000BINi-12 + 0.000046205600000BINi-13 
         k:       7.349999e+15	    0.50      15000.00


    853. A2-1 + BINi-13  => H + 3H2 + 0.999983837500000BINi-13 + 0.0000161625BINi-14 
         k:       1.320664e+16	    0.50      15000.00


    854. A2-1 + BINi-14  => H + 3H2 + 0.999994531500000BINi-14 + 0.000005468500000BINi-15 
         k:       2.424460e+16	    0.50      15000.00


    855. A2-1 + BINi-15  => H + 3H2 + 0.999998208600000BINi-15 + 0.0000017914BINi-16 
         k:       4.543912e+16	    0.50      15000.00


    856. A2-1 + BINi-16  => H + 3H2 + 0.999999431300000BINi-16 + 0.000000568700000BINi-17 
         k:       8.688234e+16	    0.50      15000.00


    857. A2-1 + BINi-17  => H + 3H2 + 0.999999824900000BINi-17 + 0.000000175100000BINi-18 
         k:       1.693694e+17	    0.50      15000.00


    858. A2-1 + BINi-18  => H + 3H2 + 0.999999947700000BINi-18 + 0.0000000523BINi-19 
         k:       3.364135e+17	    0.50      15000.00


    859. A2-1 + BINi-19  => H + 3H2 + 0.999999984800000BINi-19 + 0.000000015200000BINi-20 
         k:       6.804506e+17	    0.50      15000.00


    860. A2R5- + BINi-01  => H + 3H2 + 0.5BINi-01 + 0.5BINi-02 
         k:       4.663877e+13	    0.50      15000.00


    861. A2R5- + BINi-02  => H + 3H2 + 0.75BINi-02 + 0.25BINi-03 
         k:       7.020286e+13	    0.50      15000.00


    862. A2R5- + BINi-03  => H + 3H2 + 0.875BINi-03 + 0.125BINi-04 
         k:       1.056726e+14	    0.50      15000.00


    863. A2R5- + BINi-04  => H + 3H2 + 0.9375BINi-04 + 0.0625BINi-05 
         k:       1.590634e+14	    0.50      15000.00


    864. A2R5- + BINi-05  => H + 3H2 + 0.96875BINi-05 + 0.03125BINi-06 
         k:       2.394296e+14	    0.50      15000.00


    865. A2R5- + BINi-06  => H + 3H2 + 0.985798816600000BINi-06 + 0.014201183400000BINi-07 
         k:       3.604006e+14	    0.50      15000.00


    866. A2R5- + BINi-07  => H + 3H2 + 0.993798449600000BINi-07 + 0.0062015504BINi-08 
         k:       5.583760e+14	    0.50      15000.00


    867. A2R5- + BINi-08  => H + 3H2 + 0.997398656000000BINi-08 + 0.002601344BINi-09 
         k:       8.890225e+14	    0.50      15000.00


    868. A2R5- + BINi-09  => H + 3H2 + 0.998949671800000BINi-09 + 0.0010503282BINi-10 
         k:       1.453286e+15	    0.50      15000.00


    869. A2R5- + BINi-10  => H + 3H2 + 0.999591545000000BINi-10 + 0.000408455BINi-11 
         k:       2.435962e+15	    0.50      15000.00


    870. A2R5- + BINi-11  => H + 3H2 + 0.999846827400000BINi-11 + 0.000153172600000BINi-12 
         k:       4.182684e+15	    0.50      15000.00


    871. A2R5- + BINi-12  => H + 3H2 + 0.999944553300000BINi-12 + 0.0000554467BINi-13 
         k:       7.349999e+15	    0.50      15000.00


    872. A2R5- + BINi-13  => H + 3H2 + 0.999980605BINi-13 + 0.000019395000000BINi-14 
         k:       1.320664e+16	    0.50      15000.00


    873. A2R5- + BINi-14  => H + 3H2 + 0.999993437800000BINi-14 + 0.000006562200000BINi-15 
         k:       2.424460e+16	    0.50      15000.00


    874. A2R5- + BINi-15  => H + 3H2 + 0.999997850300000BINi-15 + 0.0000021497BINi-16 
         k:       4.543912e+16	    0.50      15000.00


    875. A2R5- + BINi-16  => H + 3H2 + 0.999999317600000BINi-16 + 0.0000006824BINi-17 
         k:       8.688234e+16	    0.50      15000.00


    876. A2R5- + BINi-17  => H + 3H2 + 0.999999789900000BINi-17 + 0.000000210100000BINi-18 
         k:       1.693694e+17	    0.50      15000.00


    877. A2R5- + BINi-18  => H + 3H2 + 0.999999937200000BINi-18 + 0.000000062800000BINi-19 
         k:       3.364135e+17	    0.50      15000.00


    878. A2R5- + BINi-19  => H + 3H2 + 0.999999981800000BINi-19 + 0.000000018200000BINi-20 
         k:       6.804506e+17	    0.50      15000.00


    879. A3-4 + BINi-01  => H + 4H2 + 0.416666666700000BINi-01 + 0.583333333300000BINi-02 
         k:       4.663877e+13	    0.50      15000.00


    880. A3-4 + BINi-02  => H + 4H2 + 0.708333333300000BINi-02 + 0.291666666700000BINi-03 
         k:       7.020286e+13	    0.50      15000.00


    881. A3-4 + BINi-03  => H + 4H2 + 0.854166666700000BINi-03 + 0.145833333300000BINi-04 
         k:       1.056726e+14	    0.50      15000.00


    882. A3-4 + BINi-04  => H + 4H2 + 0.927083333300000BINi-04 + 0.0729166667BINi-05 
         k:       1.590634e+14	    0.50      15000.00


    883. A3-4 + BINi-05  => H + 4H2 + 0.963541666700000BINi-05 + 0.036458333300000BINi-06 
         k:       2.394296e+14	    0.50      15000.00


    884. A3-4 + BINi-06  => H + 4H2 + 0.983431952700000BINi-06 + 0.016568047300000BINi-07 
         k:       3.604006e+14	    0.50      15000.00


    885. A3-4 + BINi-07  => H + 4H2 + 0.992764857900000BINi-07 + 0.007235142100000BINi-08 
         k:       5.583760e+14	    0.50      15000.00


    886. A3-4 + BINi-08  => H + 4H2 + 0.996965098600000BINi-08 + 0.003034901400000BINi-09 
         k:       8.890225e+14	    0.50      15000.00


    887. A3-4 + BINi-09  => H + 4H2 + 0.998774617100000BINi-09 + 0.0012253829BINi-10 
         k:       1.453286e+15	    0.50      15000.00


    888. A3-4 + BINi-10  => H + 4H2 + 0.999523469100000BINi-10 + 0.000476530900000BINi-11 
         k:       2.435962e+15	    0.50      15000.00


    889. A3-4 + BINi-11  => H + 4H2 + 0.999821298600000BINi-11 + 0.000178701400000BINi-12 
         k:       4.182684e+15	    0.50      15000.00


    890. A3-4 + BINi-12  => H + 4H2 + 0.999935312200000BINi-12 + 0.000064687800000BINi-13 
         k:       7.349999e+15	    0.50      15000.00


    891. A3-4 + BINi-13  => H + 4H2 + 0.999977372500000BINi-13 + 0.0000226275BINi-14 
         k:       1.320664e+16	    0.50      15000.00


    892. A3-4 + BINi-14  => H + 4H2 + 0.999992344100000BINi-14 + 0.000007655900000BINi-15 
         k:       2.424460e+16	    0.50      15000.00


    893. A3-4 + BINi-15  => H + 4H2 + 0.999997492000000BINi-15 + 0.000002508BINi-16 
         k:       4.543912e+16	    0.50      15000.00


    894. A3-4 + BINi-16  => H + 4H2 + 0.999999203800000BINi-16 + 0.0000007962BINi-17 
         k:       8.688234e+16	    0.50      15000.00


    895. A3-4 + BINi-17  => H + 4H2 + 0.999999754800000BINi-17 + 0.0000002452BINi-18 
         k:       1.693694e+17	    0.50      15000.00


    896. A3-4 + BINi-18  => H + 4H2 + 0.999999926700000BINi-18 + 0.000000073300000BINi-19 
         k:       3.364135e+17	    0.50      15000.00


    897. A3-4 + BINi-19  => H + 4H2 + 0.999999978700000BINi-19 + 0.000000021300000BINi-20 
         k:       6.804506e+17	    0.50      15000.00


    898. A4- + BINi-01  => H + 4H2 + 0.333333333300000BINi-01 + 0.666666666700000BINi-02 
         k:       4.663877e+13	    0.50      15000.00


    899. A4- + BINi-02  => H + 4H2 + 0.666666666700000BINi-02 + 0.333333333300000BINi-03 
         k:       7.020286e+13	    0.50      15000.00


    900. A4- + BINi-03  => H + 4H2 + 0.833333333300000BINi-03 + 0.1666666667BINi-04 
         k:       1.056726e+14	    0.50      15000.00


    901. A4- + BINi-04  => H + 4H2 + 0.916666666700000BINi-04 + 0.083333333300000BINi-05 
         k:       1.590634e+14	    0.50      15000.00


    902. A4- + BINi-05  => H + 4H2 + 0.958333333300000BINi-05 + 0.041666666700000BINi-06 
         k:       2.394296e+14	    0.50      15000.00


    903. A4- + BINi-06  => H + 4H2 + 0.981065088800000BINi-06 + 0.018934911200000BINi-07 
         k:       3.604006e+14	    0.50      15000.00


    904. A4- + BINi-07  => H + 4H2 + 0.991731266100000BINi-07 + 0.008268733900000BINi-08 
         k:       5.583760e+14	    0.50      15000.00


    905. A4- + BINi-08  => H + 4H2 + 0.996531541300000BINi-08 + 0.0034684587BINi-09 
         k:       8.890225e+14	    0.50      15000.00


    906. A4- + BINi-09  => H + 4H2 + 0.998599562400000BINi-09 + 0.0014004376BINi-10 
         k:       1.453286e+15	    0.50      15000.00


    907. A4- + BINi-10  => H + 4H2 + 0.999455393300000BINi-10 + 0.000544606700000BINi-11 
         k:       2.435962e+15	    0.50      15000.00


    908. A4- + BINi-11  => H + 4H2 + 0.999795769900000BINi-11 + 0.000204230100000BINi-12 
         k:       4.182684e+15	    0.50      15000.00


    909. A4- + BINi-12  => H + 4H2 + 0.999926071000000BINi-12 + 0.000073929BINi-13 
         k:       7.349999e+15	    0.50      15000.00


    910. A4- + BINi-13  => H + 4H2 + 0.999974140000000BINi-13 + 0.00002586BINi-14 
         k:       1.320664e+16	    0.50      15000.00


    911. A4- + BINi-14  => H + 4H2 + 0.999991250400000BINi-14 + 0.000008749600000BINi-15 
         k:       2.424460e+16	    0.50      15000.00


    912. A4- + BINi-15  => H + 4H2 + 0.999997133700000BINi-15 + 0.0000028663BINi-16 
         k:       4.543912e+16	    0.50      15000.00


    913. A4- + BINi-16  => H + 4H2 + 0.999999090100000BINi-16 + 0.0000009099BINi-17 
         k:       8.688234e+16	    0.50      15000.00


    914. A4- + BINi-17  => H + 4H2 + 0.999999719800000BINi-17 + 0.000000280200000BINi-18 
         k:       1.693694e+17	    0.50      15000.00


    915. A4- + BINi-18  => H + 4H2 + 0.999999916300000BINi-18 + 0.000000083700000BINi-19 
         k:       3.364135e+17	    0.50      15000.00


    916. A4- + BINi-19  => H + 4H2 + 0.999999975700000BINi-19 + 0.000000024300000BINi-20 
         k:       6.804506e+17	    0.50      15000.00


    917. BINi-01 + BINj-01  => H + BINi-02 
         k:       2.000000e+13	    0.50      15000.00


    918. BINi-02 + BINj-01  => H + 0.5BINi-02 + 0.5BINi-03 
         k:       2.000000e+13	    0.50      15000.00


    919. BINi-02 + BINj-02  => H + BINi-03 
         k:       2.000000e+13	    0.50      15000.00


    920. BINi-03 + BINj-01  => H + 0.75BINi-03 + 0.25BINi-04 
         k:       2.000000e+13	    0.50      15000.00


    921. BINi-03 + BINj-02  => H + 0.5BINi-03 + 0.5BINi-04 
         k:       2.000000e+13	    0.50      15000.00


    922. BINi-03 + BINj-03  => H + BINi-04 
         k:       2.000000e+13	    0.50      15000.00


    923. BINi-04 + BINj-01  => H + 0.875BINi-04 + 0.125BINi-05 
         k:       2.000000e+13	    0.50      15000.00


    924. BINi-04 + BINj-02  => H + 0.75BINi-04 + 0.25BINi-05 
         k:       2.000000e+13	    0.50      15000.00


    925. BINi-04 + BINj-03  => H + 0.5BINi-04 + 0.5BINi-05 
         k:       2.000000e+13	    0.50      15000.00


    926. BINi-04 + BINj-04  => H + BINi-05 
         k:       2.000000e+13	    0.50      15000.00


    927. BINi-05 + BINj-01  => H + 0.9375BINi-05 + 0.0625BINi-06 
         k:       2.000000e+13	    0.50      15000.00


    928. BINi-05 + BINj-02  => H + 0.875BINi-05 + 0.125BINi-06 
         k:       2.000000e+13	    0.50      15000.00


    929. BINi-05 + BINj-03  => H + 0.75BINi-05 + 0.25BINi-06 
         k:       2.000000e+13	    0.50      15000.00


    930. BINi-05 + BINj-04  => H + 0.5BINi-05 + 0.5BINi-06 
         k:       2.000000e+13	    0.50      15000.00


    931. BINi-05 + BINj-05  => H + BINi-06 
         k:       2.000000e+13	    0.50      15000.00


    932. BINi-06 + BINj-01  => H + 0.971597633100000BINi-06 + 0.0284023669BINi-07 
         k:       2.000000e+13	    0.50      15000.00


    933. BINi-06 + BINj-02  => H + 0.943195266300000BINi-06 + 0.056804733700000BINi-07 
         k:       2.000000e+13	    0.50      15000.00


    934. BINi-06 + BINj-03  => H + 0.886390532500000BINi-06 + 0.1136094675BINi-07 
         k:       2.000000e+13	    0.50      15000.00


    935. BINi-06 + BINj-04  => H + 0.772781065100000BINi-06 + 0.227218934900000BINi-07 
         k:       2.000000e+13	    0.50      15000.00


    936. BINi-06 + BINj-05  => H + 0.545562130200000BINi-06 + 0.454437869800000BINi-07 
         k:       2.000000e+13	    0.50      15000.00


    937. BINi-06 + BINj-06  => H + 0.091124260400000BINi-06 + 0.908875739600000BINi-07 
         k:       2.000000e+13	    0.50      15000.00


    938. BINi-07 + BINj-01  => H + 0.987596899200000BINi-07 + 0.0124031008BINi-08 
         k:       2.000000e+13	    0.50      15000.00


    939. BINi-07 + BINj-02  => H + 0.975193798400000BINi-07 + 0.0248062016BINi-08 
         k:       2.000000e+13	    0.50      15000.00


    940. BINi-07 + BINj-03  => H + 0.950387596900000BINi-07 + 0.049612403100000BINi-08 
         k:       2.000000e+13	    0.50      15000.00


    941. BINi-07 + BINj-04  => H + 0.900775193800000BINi-07 + 0.099224806200000BINi-08 
         k:       2.000000e+13	    0.50      15000.00


    942. BINi-07 + BINj-05  => H + 0.801550387600000BINi-07 + 0.198449612400000BINi-08 
         k:       2.000000e+13	    0.50      15000.00


    943. BINi-07 + BINj-06  => H + 0.603100775200000BINi-07 + 0.396899224800000BINi-08 
         k:       2.000000e+13	    0.50      15000.00


    944. BINi-07 + BINj-07  => H + 0.166408268700000BINi-07 + 0.833591731300000BINi-08 
         k:       2.000000e+13	    0.50      15000.00


    945. BINi-08 + BINj-01  => H + 0.994797311900000BINi-08 + 0.0052026881BINi-09 
         k:       2.000000e+13	    0.50      15000.00


    946. BINi-08 + BINj-02  => H + 0.989594623900000BINi-08 + 0.010405376100000BINi-09 
         k:       2.000000e+13	    0.50      15000.00


    947. BINi-08 + BINj-03  => H + 0.979189247800000BINi-08 + 0.020810752200000BINi-09 
         k:       2.000000e+13	    0.50      15000.00


    948. BINi-08 + BINj-04  => H + 0.958378495600000BINi-08 + 0.041621504400000BINi-09 
         k:       2.000000e+13	    0.50      15000.00


    949. BINi-08 + BINj-05  => H + 0.916756991100000BINi-08 + 0.0832430089BINi-09 
         k:       2.000000e+13	    0.50      15000.00


    950. BINi-08 + BINj-06  => H + 0.833513982200000BINi-08 + 0.1664860178BINi-09 
         k:       2.000000e+13	    0.50      15000.00


    951. BINi-08 + BINj-07  => H + 0.650336006900000BINi-08 + 0.349663993100000BINi-09 
         k:       2.000000e+13	    0.50      15000.00


    952. BINi-08 + BINj-08  => H + 0.230869282500000BINi-08 + 0.769130717500000BINi-09 
         k:       2.000000e+13	    0.50      15000.00


    953. BINi-09 + BINj-01  => H + 0.997899343500000BINi-09 + 0.002100656500000BINi-10 
         k:       2.000000e+13	    0.50      15000.00


    954. BINi-09 + BINj-02  => H + 0.995798687100000BINi-09 + 0.004201312900000BINi-10 
         k:       2.000000e+13	    0.50      15000.00


    955. BINi-09 + BINj-03  => H + 0.991597374200000BINi-09 + 0.008402625800000BINi-10 
         k:       2.000000e+13	    0.50      15000.00


    956. BINi-09 + BINj-04  => H + 0.983194748400000BINi-09 + 0.016805251600000BINi-10 
         k:       2.000000e+13	    0.50      15000.00


    957. BINi-09 + BINj-05  => H + 0.966389496700000BINi-09 + 0.033610503300000BINi-10 
         k:       2.000000e+13	    0.50      15000.00


    958. BINi-09 + BINj-06  => H + 0.932778993400000BINi-09 + 0.067221006600000BINi-10 
         k:       2.000000e+13	    0.50      15000.00


    959. BINi-09 + BINj-07  => H + 0.858818380700000BINi-09 + 0.1411816193BINi-10 
         k:       2.000000e+13	    0.50      15000.00


    960. BINi-09 + BINj-08  => H + 0.689452954000000BINi-09 + 0.310547046BINi-10 
         k:       2.000000e+13	    0.50      15000.00


    961. BINi-09 + BINj-09  => H + 0.285689277900000BINi-09 + 0.714310722100000BINi-10 
         k:       2.000000e+13	    0.50      15000.00


    962. BINi-10 + BINj-01  => H + 0.99918309BINi-10 + 0.00081691BINi-11 
         k:       2.000000e+13	    0.50      15000.00


    963. BINi-10 + BINj-02  => H + 0.998366179900000BINi-10 + 0.001633820100000BINi-11 
         k:       2.000000e+13	    0.50      15000.00


    964. BINi-10 + BINj-03  => H + 0.996732359800000BINi-10 + 0.003267640200000BINi-11 
         k:       2.000000e+13	    0.50      15000.00


    965. BINi-10 + BINj-04  => H + 0.993464719700000BINi-10 + 0.006535280300000BINi-11 
         k:       2.000000e+13	    0.50      15000.00


    966. BINi-10 + BINj-05  => H + 0.986929439400000BINi-10 + 0.013070560600000BINi-11 
         k:       2.000000e+13	    0.50      15000.00


    967. BINi-10 + BINj-06  => H + 0.973858878800000BINi-10 + 0.026141121200000BINi-11 
         k:       2.000000e+13	    0.50      15000.00


    968. BINi-10 + BINj-07  => H + 0.945096837900000BINi-10 + 0.054903162100000BINi-11 
         k:       2.000000e+13	    0.50      15000.00


    969. BINi-10 + BINj-08  => H + 0.879233466100000BINi-10 + 0.1207665339BINi-11 
         k:       2.000000e+13	    0.50      15000.00


    970. BINi-10 + BINj-09  => H + 0.722216549200000BINi-10 + 0.277783450800000BINi-11 
         k:       2.000000e+13	    0.50      15000.00


    971. BINi-10 + BINj-10  => H + 0.333333333300000BINi-10 + 0.666666666700000BINi-11 
         k:       2.000000e+13	    0.50      15000.00


    972. BINi-11 + BINj-01  => H + 0.999693654800000BINi-11 + 0.000306345200000BINi-12 
         k:       2.000000e+13	    0.50      15000.00


    973. BINi-11 + BINj-02  => H + 0.999387309700000BINi-11 + 0.0006126903BINi-12 
         k:       2.000000e+13	    0.50      15000.00


    974. BINi-11 + BINj-03  => H + 0.998774619300000BINi-11 + 0.001225380700000BINi-12 
         k:       2.000000e+13	    0.50      15000.00


    975. BINi-11 + BINj-04  => H + 0.997549238600000BINi-11 + 0.002450761400000BINi-12 
         k:       2.000000e+13	    0.50      15000.00


    976. BINi-11 + BINj-05  => H + 0.995098477200000BINi-11 + 0.004901522800000BINi-12 
         k:       2.000000e+13	    0.50      15000.00


    977. BINi-11 + BINj-06  => H + 0.990196954400000BINi-11 + 0.009803045600000BINi-12 
         k:       2.000000e+13	    0.50      15000.00


    978. BINi-11 + BINj-07  => H + 0.979411051400000BINi-11 + 0.0205889486BINi-12 
         k:       2.000000e+13	    0.50      15000.00


    979. BINi-11 + BINj-08  => H + 0.954711971700000BINi-11 + 0.0452880283BINi-12 
         k:       2.000000e+13	    0.50      15000.00


    980. BINi-11 + BINj-09  => H + 0.895829876300000BINi-11 + 0.104170123700000BINi-12 
         k:       2.000000e+13	    0.50      15000.00


    981. BINi-11 + BINj-10  => H + 0.749996808900000BINi-11 + 0.250003191100000BINi-12 
         k:       2.000000e+13	    0.50      15000.00


    982. BINi-11 + BINj-11  => H + 0.374992022300000BINi-11 + 0.625007977700000BINi-12 
         k:       2.000000e+13	    0.50      15000.00


    983. BINi-12 + BINj-01  => H + 0.999889106600000BINi-12 + 0.0001108934BINi-13 
         k:       2.000000e+13	    0.50      15000.00


    984. BINi-12 + BINj-02  => H + 0.999778213100000BINi-12 + 0.0002217869BINi-13 
         k:       2.000000e+13	    0.50      15000.00


    985. BINi-12 + BINj-03  => H + 0.999556426300000BINi-12 + 0.0004435737BINi-13 
         k:       2.000000e+13	    0.50      15000.00


    986. BINi-12 + BINj-04  => H + 0.999112852500000BINi-12 + 0.0008871475BINi-13 
         k:       2.000000e+13	    0.50      15000.00


    987. BINi-12 + BINj-05  => H + 0.998225705100000BINi-12 + 0.001774294900000BINi-13 
         k:       2.000000e+13	    0.50      15000.00


    988. BINi-12 + BINj-06  => H + 0.996451410200000BINi-12 + 0.003548589800000BINi-13 
         k:       2.000000e+13	    0.50      15000.00


    989. BINi-12 + BINj-07  => H + 0.992547037300000BINi-12 + 0.0074529627BINi-13 
         k:       2.000000e+13	    0.50      15000.00


    990. BINi-12 + BINj-08  => H + 0.983606254400000BINi-12 + 0.016393745600000BINi-13 
         k:       2.000000e+13	    0.50      15000.00


    991. BINi-12 + BINj-09  => H + 0.962291612800000BINi-12 + 0.037708387200000BINi-13 
         k:       2.000000e+13	    0.50      15000.00


    992. BINi-12 + BINj-10  => H + 0.909501718800000BINi-12 + 0.090498281200000BINi-13 
         k:       2.000000e+13	    0.50      15000.00


    993. BINi-12 + BINj-11  => H + 0.773754297100000BINi-12 + 0.226245702900000BINi-13 
         k:       2.000000e+13	    0.50      15000.00


    994. BINi-12 + BINj-12  => H + 0.411765793100000BINi-12 + 0.588234206900000BINi-13 
         k:       2.000000e+13	    0.50      15000.00


    995. BINi-13 + BINj-01  => H + 0.99996121BINi-13 + 0.000038790000000BINi-14 
         k:       2.000000e+13	    0.50      15000.00


    996. BINi-13 + BINj-02  => H + 0.99992242BINi-13 + 0.000077580000000BINi-14 
         k:       2.000000e+13	    0.50      15000.00


    997. BINi-13 + BINj-03  => H + 0.99984484BINi-13 + 0.000155160000000BINi-14 
         k:       2.000000e+13	    0.50      15000.00


    998. BINi-13 + BINj-04  => H + 0.999689679900000BINi-13 + 0.000310320100000BINi-14 
         k:       2.000000e+13	    0.50      15000.00


    999. BINi-13 + BINj-05  => H + 0.999379359800000BINi-13 + 0.000620640200000BINi-14 
         k:       2.000000e+13	    0.50      15000.00


   1000. BINi-13 + BINj-06  => H + 0.998758719700000BINi-13 + 0.0012412803BINi-14 
         k:       2.000000e+13	    0.50      15000.00


   1001. BINi-13 + BINj-07  => H + 0.997392988100000BINi-13 + 0.0026070119BINi-14 
         k:       2.000000e+13	    0.50      15000.00


   1002. BINi-13 + BINj-08  => H + 0.994265543500000BINi-13 + 0.0057344565BINi-14 
         k:       2.000000e+13	    0.50      15000.00


   1003. BINi-13 + BINj-09  => H + 0.986809780300000BINi-13 + 0.013190219700000BINi-14 
         k:       2.000000e+13	    0.50      15000.00


   1004. BINi-13 + BINj-10  => H + 0.968344119100000BINi-13 + 0.0316558809BINi-14 
         k:       2.000000e+13	    0.50      15000.00


   1005. BINi-13 + BINj-11  => H + 0.920860297800000BINi-13 + 0.0791397022BINi-14 
         k:       2.000000e+13	    0.50      15000.00


   1006. BINi-13 + BINj-12  => H + 0.794238390500000BINi-13 + 0.205761609500000BINi-14 
         k:       2.000000e+13	    0.50      15000.00


   1007. BINi-13 + BINj-13  => H + 0.444443007800000BINi-13 + 0.555556992200000BINi-14 
         k:       2.000000e+13	    0.50      15000.00


   1008. BINi-14 + BINj-01  => H + 0.999986875600000BINi-14 + 0.000013124400000BINi-15 
         k:       2.000000e+13	    0.50      15000.00


   1009. BINi-14 + BINj-02  => H + 0.999973751200000BINi-14 + 0.000026248800000BINi-15 
         k:       2.000000e+13	    0.50      15000.00


   1010. BINi-14 + BINj-03  => H + 0.999947502300000BINi-14 + 0.000052497700000BINi-15 
         k:       2.000000e+13	    0.50      15000.00


   1011. BINi-14 + BINj-04  => H + 0.999895004600000BINi-14 + 0.000104995400000BINi-15 
         k:       2.000000e+13	    0.50      15000.00


   1012. BINi-14 + BINj-05  => H + 0.999790009300000BINi-14 + 0.0002099907BINi-15 
         k:       2.000000e+13	    0.50      15000.00


   1013. BINi-14 + BINj-06  => H + 0.999580018500000BINi-14 + 0.000419981500000BINi-15 
         k:       2.000000e+13	    0.50      15000.00


   1014. BINi-14 + BINj-07  => H + 0.999117929500000BINi-14 + 0.0008820705BINi-15 
         k:       2.000000e+13	    0.50      15000.00


   1015. BINi-14 + BINj-08  => H + 0.998059773000000BINi-14 + 0.001940227000000BINi-15 
         k:       2.000000e+13	    0.50      15000.00


   1016. BINi-14 + BINj-09  => H + 0.995537149800000BINi-14 + 0.0044628502BINi-15 
         k:       2.000000e+13	    0.50      15000.00


   1017. BINi-14 + BINj-10  => H + 0.989289378200000BINi-14 + 0.010710621800000BINi-15 
         k:       2.000000e+13	    0.50      15000.00


   1018. BINi-14 + BINj-11  => H + 0.973223445500000BINi-14 + 0.026776554500000BINi-15 
         k:       2.000000e+13	    0.50      15000.00


   1019. BINi-14 + BINj-12  => H + 0.930381505100000BINi-14 + 0.069618494900000BINi-15 
         k:       2.000000e+13	    0.50      15000.00


   1020. BINi-14 + BINj-13  => H + 0.812029844900000BINi-14 + 0.187970155100000BINi-15 
         k:       2.000000e+13	    0.50      15000.00


   1021. BINi-14 + BINj-14  => H + 0.473684440800000BINi-14 + 0.526315559200000BINi-15 
         k:       2.000000e+13	    0.50      15000.00


   1022. BINi-15 + BINj-01  => H + 0.999995700600000BINi-15 + 0.0000042994BINi-16 
         k:       2.000000e+13	    0.50      15000.00


   1023. BINi-15 + BINj-02  => H + 0.999991401200000BINi-15 + 0.0000085988BINi-16 
         k:       2.000000e+13	    0.50      15000.00


   1024. BINi-15 + BINj-03  => H + 0.999982802500000BINi-15 + 0.000017197500000BINi-16 
         k:       2.000000e+13	    0.50      15000.00


   1025. BINi-15 + BINj-04  => H + 0.999965605BINi-15 + 0.000034395000000BINi-16 
         k:       2.000000e+13	    0.50      15000.00


   1026. BINi-15 + BINj-05  => H + 0.999931209900000BINi-15 + 0.000068790100000BINi-16 
         k:       2.000000e+13	    0.50      15000.00


   1027. BINi-15 + BINj-06  => H + 0.999862419900000BINi-15 + 0.000137580100000BINi-16 
         k:       2.000000e+13	    0.50      15000.00


   1028. BINi-15 + BINj-07  => H + 0.999711045900000BINi-15 + 0.0002889541BINi-16 
         k:       2.000000e+13	    0.50      15000.00


   1029. BINi-15 + BINj-08  => H + 0.999364408400000BINi-15 + 0.000635591600000BINi-16 
         k:       2.000000e+13	    0.50      15000.00


   1030. BINi-15 + BINj-09  => H + 0.998538031900000BINi-15 + 0.001461968100000BINi-16 
         k:       2.000000e+13	    0.50      15000.00


   1031. BINi-15 + BINj-10  => H + 0.996491348100000BINi-15 + 0.0035086519BINi-16 
         k:       2.000000e+13	    0.50      15000.00


   1032. BINi-15 + BINj-11  => H + 0.991228370300000BINi-15 + 0.0087716297BINi-16 
         k:       2.000000e+13	    0.50      15000.00


   1033. BINi-15 + BINj-12  => H + 0.977193942000000BINi-15 + 0.022806058000000BINi-16 
         k:       2.000000e+13	    0.50      15000.00


   1034. BINi-15 + BINj-13  => H + 0.938423571600000BINi-15 + 0.0615764284BINi-16 
         k:       2.000000e+13	    0.50      15000.00


   1035. BINi-15 + BINj-14  => H + 0.827586287200000BINi-15 + 0.172413712800000BINi-16 
         k:       2.000000e+13	    0.50      15000.00


   1036. BINi-15 + BINj-15  => H + 0.500000089600000BINi-15 + 0.499999910400000BINi-16 
         k:       2.000000e+13	    0.50      15000.00


   1037. BINi-16 + BINj-01  => H + 0.999998635100000BINi-16 + 0.0000013649BINi-17 
         k:       2.000000e+13	    0.50      15000.00


   1038. BINi-16 + BINj-02  => H + 0.999997270200000BINi-16 + 0.0000027298BINi-17 
         k:       2.000000e+13	    0.50      15000.00


   1039. BINi-16 + BINj-03  => H + 0.999994540500000BINi-16 + 0.000005459500000BINi-17 
         k:       2.000000e+13	    0.50      15000.00


   1040. BINi-16 + BINj-04  => H + 0.999989080900000BINi-16 + 0.0000109191BINi-17 
         k:       2.000000e+13	    0.50      15000.00


   1041. BINi-16 + BINj-05  => H + 0.999978161900000BINi-16 + 0.000021838100000BINi-17 
         k:       2.000000e+13	    0.50      15000.00


   1042. BINi-16 + BINj-06  => H + 0.999956323800000BINi-16 + 0.000043676200000BINi-17 
         k:       2.000000e+13	    0.50      15000.00


   1043. BINi-16 + BINj-07  => H + 0.999908268500000BINi-16 + 0.0000917315BINi-17 
         k:       2.000000e+13	    0.50      15000.00


   1044. BINi-16 + BINj-08  => H + 0.999798224900000BINi-16 + 0.000201775100000BINi-17 
         k:       2.000000e+13	    0.50      15000.00


   1045. BINi-16 + BINj-09  => H + 0.999535883100000BINi-16 + 0.000464116900000BINi-17 
         k:       2.000000e+13	    0.50      15000.00


   1046. BINi-16 + BINj-10  => H + 0.998886142100000BINi-16 + 0.001113857900000BINi-17 
         k:       2.000000e+13	    0.50      15000.00


   1047. BINi-16 + BINj-11  => H + 0.997215355300000BINi-16 + 0.002784644700000BINi-17 
         k:       2.000000e+13	    0.50      15000.00


   1048. BINi-16 + BINj-12  => H + 0.992759980700000BINi-16 + 0.007240019300000BINi-17 
         k:       2.000000e+13	    0.50      15000.00


   1049. BINi-16 + BINj-13  => H + 0.980451925100000BINi-16 + 0.019548074900000BINi-17 
         k:       2.000000e+13	    0.50      15000.00


   1050. BINi-16 + BINj-14  => H + 0.945265481300000BINi-16 + 0.054734518700000BINi-17 
         k:       2.000000e+13	    0.50      15000.00


   1051. BINi-16 + BINj-15  => H + 0.841269850300000BINi-16 + 0.1587301497BINi-17 
         k:       2.000000e+13	    0.50      15000.00


   1052. BINi-16 + BINj-16  => H + 0.523809494000000BINi-16 + 0.476190506000000BINi-17 
         k:       2.000000e+13	    0.50      15000.00


   1053. BINi-17 + BINj-01  => H + 0.999999579700000BINi-17 + 0.0000004203BINi-18 
         k:       2.000000e+13	    0.50      15000.00


   1054. BINi-17 + BINj-02  => H + 0.999999159500000BINi-17 + 0.000000840500000BINi-18 
         k:       2.000000e+13	    0.50      15000.00


   1055. BINi-17 + BINj-03  => H + 0.999998318900000BINi-17 + 0.0000016811BINi-18 
         k:       2.000000e+13	    0.50      15000.00


   1056. BINi-17 + BINj-04  => H + 0.999996637800000BINi-17 + 0.0000033622BINi-18 
         k:       2.000000e+13	    0.50      15000.00


   1057. BINi-17 + BINj-05  => H + 0.999993275700000BINi-17 + 0.000006724300000BINi-18 
         k:       2.000000e+13	    0.50      15000.00


   1058. BINi-17 + BINj-06  => H + 0.999986551300000BINi-17 + 0.0000134487BINi-18 
         k:       2.000000e+13	    0.50      15000.00


   1059. BINi-17 + BINj-07  => H + 0.999971754200000BINi-17 + 0.0000282458BINi-18 
         k:       2.000000e+13	    0.50      15000.00


   1060. BINi-17 + BINj-08  => H + 0.999937869800000BINi-17 + 0.0000621302BINi-18 
         k:       2.000000e+13	    0.50      15000.00


   1061. BINi-17 + BINj-09  => H + 0.999857090100000BINi-17 + 0.0001429099BINi-18 
         k:       2.000000e+13	    0.50      15000.00


   1062. BINi-17 + BINj-10  => H + 0.999657023200000BINi-17 + 0.0003429768BINi-18 
         k:       2.000000e+13	    0.50      15000.00


   1063. BINi-17 + BINj-11  => H + 0.999142558100000BINi-17 + 0.0008574419BINi-18 
         k:       2.000000e+13	    0.50      15000.00


   1064. BINi-17 + BINj-12  => H + 0.997770668500000BINi-17 + 0.0022293315BINi-18 
         k:       2.000000e+13	    0.50      15000.00


   1065. BINi-17 + BINj-13  => H + 0.993980798000000BINi-17 + 0.006019202000000BINi-18 
         k:       2.000000e+13	    0.50      15000.00


   1066. BINi-17 + BINj-14  => H + 0.983146262500000BINi-17 + 0.016853737500000BINi-18 
         k:       2.000000e+13	    0.50      15000.00


   1067. BINi-17 + BINj-15  => H + 0.951124147200000BINi-17 + 0.048875852800000BINi-18 
         k:       2.000000e+13	    0.50      15000.00


   1068. BINi-17 + BINj-16  => H + 0.853372424200000BINi-17 + 0.146627575800000BINi-18 
         k:       2.000000e+13	    0.50      15000.00


   1069. BINi-17 + BINj-17  => H + 0.545454534300000BINi-17 + 0.454545465700000BINi-18 
         k:       2.000000e+13	    0.50      15000.00


   1070. BINi-18 + BINj-01  => H + 0.999999874400000BINi-18 + 0.000000125600000BINi-19 
         k:       2.000000e+13	    0.50      15000.00


   1071. BINi-18 + BINj-02  => H + 0.999999748800000BINi-18 + 0.000000251200000BINi-19 
         k:       2.000000e+13	    0.50      15000.00


   1072. BINi-18 + BINj-03  => H + 0.999999497500000BINi-18 + 0.000000502500000BINi-19 
         k:       2.000000e+13	    0.50      15000.00


   1073. BINi-18 + BINj-04  => H + 0.999998995BINi-18 + 0.000001005000000BINi-19 
         k:       2.000000e+13	    0.50      15000.00


   1074. BINi-18 + BINj-05  => H + 0.99999799BINi-18 + 0.000002010000000BINi-19 
         k:       2.000000e+13	    0.50      15000.00


   1075. BINi-18 + BINj-06  => H + 0.999995980000000BINi-18 + 0.000004020000000BINi-19 
         k:       2.000000e+13	    0.50      15000.00


   1076. BINi-18 + BINj-07  => H + 0.999991557000000BINi-18 + 0.000008443BINi-19 
         k:       2.000000e+13	    0.50      15000.00


   1077. BINi-18 + BINj-08  => H + 0.999981428500000BINi-18 + 0.000018571500000BINi-19 
         k:       2.000000e+13	    0.50      15000.00


   1078. BINi-18 + BINj-09  => H + 0.999957282400000BINi-18 + 0.000042717600000BINi-19 
         k:       2.000000e+13	    0.50      15000.00


   1079. BINi-18 + BINj-10  => H + 0.999897479800000BINi-18 + 0.000102520200000BINi-19 
         k:       2.000000e+13	    0.50      15000.00


   1080. BINi-18 + BINj-11  => H + 0.999743699400000BINi-18 + 0.0002563006BINi-19 
         k:       2.000000e+13	    0.50      15000.00


   1081. BINi-18 + BINj-12  => H + 0.999333623800000BINi-18 + 0.0006663762BINi-19 
         k:       2.000000e+13	    0.50      15000.00


   1082. BINi-18 + BINj-13  => H + 0.998200782BINi-18 + 0.001799218000000BINi-19 
         k:       2.000000e+13	    0.50      15000.00


   1083. BINi-18 + BINj-14  => H + 0.994962198100000BINi-18 + 0.005037801900000BINi-19 
         k:       2.000000e+13	    0.50      15000.00


   1084. BINi-18 + BINj-15  => H + 0.985390370300000BINi-18 + 0.014609629700000BINi-19 
         k:       2.000000e+13	    0.50      15000.00


   1085. BINi-18 + BINj-16  => H + 0.956171105600000BINi-18 + 0.043828894400000BINi-19 
         k:       2.000000e+13	    0.50      15000.00


   1086. BINi-18 + BINj-17  => H + 0.864130433BINi-18 + 0.135869567BINi-19 
         k:       2.000000e+13	    0.50      15000.00


   1087. BINi-18 + BINj-18  => H + 0.565217392900000BINi-18 + 0.434782607100000BINi-19 
         k:       2.000000e+13	    0.50      15000.00


   1088. BINi-19 + BINj-01  => H + 0.999999963500000BINi-19 + 0.0000000365BINi-20 
         k:       2.000000e+13	    0.50      15000.00


   1089. BINi-19 + BINj-02  => H + 0.999999927000000BINi-19 + 0.000000073BINi-20 
         k:       2.000000e+13	    0.50      15000.00


   1090. BINi-19 + BINj-03  => H + 0.999999854100000BINi-19 + 0.0000001459BINi-20 
         k:       2.000000e+13	    0.50      15000.00


   1091. BINi-19 + BINj-04  => H + 0.999999708100000BINi-19 + 0.000000291900000BINi-20 
         k:       2.000000e+13	    0.50      15000.00


   1092. BINi-19 + BINj-05  => H + 0.999999416300000BINi-19 + 0.000000583700000BINi-20 
         k:       2.000000e+13	    0.50      15000.00


   1093. BINi-19 + BINj-06  => H + 0.999998832600000BINi-19 + 0.000001167400000BINi-20 
         k:       2.000000e+13	    0.50      15000.00


   1094. BINi-19 + BINj-07  => H + 0.999997548100000BINi-19 + 0.0000024519BINi-20 
         k:       2.000000e+13	    0.50      15000.00


   1095. BINi-19 + BINj-08  => H + 0.999994606800000BINi-19 + 0.000005393200000BINi-20 
         k:       2.000000e+13	    0.50      15000.00


   1096. BINi-19 + BINj-09  => H + 0.999987594600000BINi-19 + 0.000012405400000BINi-20 
         k:       2.000000e+13	    0.50      15000.00


   1097. BINi-19 + BINj-10  => H + 0.999970227700000BINi-19 + 0.0000297723BINi-20 
         k:       2.000000e+13	    0.50      15000.00


   1098. BINi-19 + BINj-11  => H + 0.999925569300000BINi-19 + 0.0000744307BINi-20 
         k:       2.000000e+13	    0.50      15000.00


   1099. BINi-19 + BINj-12  => H + 0.999806481600000BINi-19 + 0.000193518400000BINi-20 
         k:       2.000000e+13	    0.50      15000.00


   1100. BINi-19 + BINj-13  => H + 0.999477499800000BINi-19 + 0.0005225002BINi-20 
         k:       2.000000e+13	    0.50      15000.00


   1101. BINi-19 + BINj-14  => H + 0.998537002000000BINi-19 + 0.001462998BINi-20 
         k:       2.000000e+13	    0.50      15000.00


   1102. BINi-19 + BINj-15  => H + 0.995757304500000BINi-19 + 0.0042426955BINi-20 
         k:       2.000000e+13	    0.50      15000.00


   1103. BINi-19 + BINj-16  => H + 0.987271911900000BINi-19 + 0.012728088100000BINi-20 
         k:       2.000000e+13	    0.50      15000.00


   1104. BINi-19 + BINj-17  => H + 0.960542928600000BINi-19 + 0.039457071400000BINi-20 
         k:       2.000000e+13	    0.50      15000.00


   1105. BINi-19 + BINj-18  => H + 0.873737373800000BINi-19 + 0.126262626200000BINi-20 
         k:       2.000000e+13	    0.50      15000.00


   1106. BINi-19 + BINj-19  => H + 0.583333332400000BINi-19 + 0.416666667600000BINi-20 
         k:       2.000000e+13	    0.50      15000.00


   1107. 2A2  => 7.1667H2 + 0.833333333300000BINi-01 
         k:       1.050015e+16	   -1.50        -53.12


   1108. A2 + A2R5  => 7.0833H2 + 0.916666666700000BINi-01 
         k:       1.255344e+16	   -1.50        -57.54


   1109. A2 + A3  => 8H2 + BINi-01 
         k:       1.478849e+16	   -1.50        -61.76


   1110. A2 + A4  => 8H2 + 0.916666666700000BINi-01 + 0.083333333300000BINi-02 
         k:       1.685540e+16	   -1.50        -65.26


   1111. 2A3  => 9H2 + 0.833333333300000BINi-01 + 0.1666666667BINi-02 
         k:       2.051706e+16	   -1.50        -71.96


   1112. A3 + A4  => 9H2 + 0.75BINi-01 + 0.25BINi-02 
         k:       2.325578e+16	   -1.50        -76.10


   1113. 2A2R5  => 7H2 + BINi-01 
         k:       1.494944e+16	   -1.50        -62.36


   1114. A2R5 + A3  => 8H2 + 0.916666666700000BINi-01 + 0.083333333300000BINi-02 
         k:       1.754403e+16	   -1.50        -66.97


   1115. A2R5 + A4  => 8H2 + 0.833333333300000BINi-01 + 0.1666666667BINi-02 
         k:       1.993866e+16	   -1.50        -70.79


   1116. 2A4  => 9H2 + 0.666666666700000BINi-01 + 0.333333333300000BINi-02 
         k:       2.629894e+16	   -1.50        -80.49


   1117. A2 + BINi-01  => 4H2 + 0.583333333300000BINi-01 + 0.416666666700000BINi-02 
         k:       2.131650e+16	   -1.50        -70.76


   1118. A2 + BINi-02  => 4H2 + 0.791666666700000BINi-02 + 0.2083333333BINi-03 
         k:       4.192372e+16	   -1.50        -89.87


   1119. A2 + BINi-03  => 4H2 + 0.895833333300000BINi-03 + 0.104166666700000BINi-04 
         k:       8.139550e+16	   -1.50       -110.00


   1120. A2 + BINi-04  => 4H2 + 0.947916666700000BINi-04 + 0.0520833333BINi-05 
         k:       1.547609e+17	   -1.50       -130.29


   1121. A2 + BINi-05  => 4H2 + 0.973958333300000BINi-05 + 0.026041666700000BINi-06 
         k:       2.870760e+17	   -1.50       -149.94


   1122. A2 + BINi-06  => 4H2 + 0.988165680500000BINi-06 + 0.011834319500000BINi-07 
         k:       5.195018e+17	   -1.50       -168.33


   1123. A2 + BINi-07  => 4H2 + 0.994832041300000BINi-07 + 0.005167958700000BINi-08 
         k:       9.557822e+17	   -1.50       -186.15


   1124. A2 + BINi-08  => 4H2 + 0.997832213300000BINi-08 + 0.0021677867BINi-09 
         k:       1.781839e+18	   -1.50       -202.69


   1125. A2 + BINi-09  => 4H2 + 0.999124726500000BINi-09 + 0.0008752735BINi-10 
         k:       3.363724e+18	   -1.49       -217.44


   1126. A2 + BINi-10  => 4H2 + 0.999659620800000BINi-10 + 0.000340379200000BINi-11 
         k:       6.429470e+18	   -1.49       -230.10


   1127. A2 + BINi-11  => 4H2 + 0.999872356200000BINi-11 + 0.000127643800000BINi-12 
         k:       1.245426e+19	   -1.49       -240.60


   1128. A2 + BINi-12  => 4H2 + 0.999953794400000BINi-12 + 0.000046205600000BINi-13 
         k:       2.528134e+19	   -1.50       -255.33


   1129. A2 + BINi-13  => 4H2 + 0.999983837500000BINi-13 + 0.0000161625BINi-14 
         k:       5.056223e+19	   -1.50       -262.29


   1130. A2 + BINi-14  => 4H2 + 0.999994531500000BINi-14 + 0.000005468500000BINi-15 
         k:       1.027875e+20	   -1.50       -267.60


   1131. A2 + BINi-15  => 4H2 + 0.999998208600000BINi-15 + 0.0000017914BINi-16 
         k:       2.125871e+20	   -1.50       -271.57


   1132. A2 + BINi-16  => 4H2 + 0.999999431300000BINi-16 + 0.000000568700000BINi-17 
         k:       3.602203e+20	   -1.50       -274.47


   1133. A2 + BINi-17  => 4H2 + 0.999999824900000BINi-17 + 0.000000175100000BINi-18 
         k:       3.668752e+20	   -1.50       -276.56


   1134. A2 + BINi-18  => 4H2 + 0.999999947700000BINi-18 + 0.0000000523BINi-19 
         k:       3.735360e+20	   -1.50       -278.04


   1135. A2 + BINi-19  => 4H2 + 0.999999984800000BINi-19 + 0.000000015200000BINi-20 
         k:       3.812930e+20	   -1.50       -279.07


   1136. A3 + BINi-01  => 5H2 + 0.416666666700000BINi-01 + 0.583333333300000BINi-02 
         k:       2.854614e+16	   -1.50        -82.13


   1137. A3 + BINi-02  => 5H2 + 0.708333333300000BINi-02 + 0.291666666700000BINi-03 
         k:       5.479526e+16	   -1.50       -104.79


   1138. A3 + BINi-03  => 5H2 + 0.854166666700000BINi-03 + 0.145833333300000BINi-04 
         k:       1.045762e+17	   -1.50       -128.85


   1139. A3 + BINi-04  => 5H2 + 0.927083333300000BINi-04 + 0.0729166667BINi-05 
         k:       1.966451e+17	   -1.50       -153.24


   1140. A3 + BINi-05  => 5H2 + 0.963541666700000BINi-05 + 0.036458333300000BINi-06 
         k:       3.621528e+17	   -1.50       -176.99


   1141. A3 + BINi-06  => 5H2 + 0.983431952700000BINi-06 + 0.016568047300000BINi-07 
         k:       6.521419e+17	   -1.50       -199.35


   1142. A3 + BINi-07  => 5H2 + 0.992764857900000BINi-07 + 0.007235142100000BINi-08 
         k:       1.195001e+18	   -1.49       -221.10


   1143. A3 + BINi-08  => 5H2 + 0.996965098600000BINi-08 + 0.003034901400000BINi-09 
         k:       2.220330e+18	   -1.49       -241.36


   1144. A3 + BINi-09  => 5H2 + 0.998774617100000BINi-09 + 0.0012253829BINi-10 
         k:       4.179316e+18	   -1.49       -259.50


   1145. A3 + BINi-10  => 5H2 + 0.999523469100000BINi-10 + 0.000476530900000BINi-11 
         k:       7.967265e+18	   -1.49       -275.11


   1146. A3 + BINi-11  => 5H2 + 0.999821298600000BINi-11 + 0.000178701400000BINi-12 
         k:       1.539730e+19	   -1.49       -288.08


   1147. A3 + BINi-12  => 5H2 + 0.999935312200000BINi-12 + 0.000064687800000BINi-13 
         k:       3.167676e+19	   -1.50       -307.85


   1148. A3 + BINi-13  => 5H2 + 0.999977372500000BINi-13 + 0.0000226275BINi-14 
         k:       6.331636e+19	   -1.49       -316.59


   1149. A3 + BINi-14  => 5H2 + 0.999992344100000BINi-14 + 0.000007655900000BINi-15 
         k:       1.286569e+20	   -1.49       -323.27


   1150. A3 + BINi-15  => 5H2 + 0.999997492000000BINi-15 + 0.000002508BINi-16 
         k:       2.659986e+20	   -1.49       -328.26


   1151. A3 + BINi-16  => 5H2 + 0.999999203800000BINi-16 + 0.0000007962BINi-17 
         k:       4.754812e+20	   -1.49       -331.92


   1152. A3 + BINi-17  => 5H2 + 0.999999754800000BINi-17 + 0.0000002452BINi-18 
         k:       4.843625e+20	   -1.49       -334.55


   1153. A3 + BINi-18  => 5H2 + 0.999999926700000BINi-18 + 0.000000073300000BINi-19 
         k:       4.932252e+20	   -1.49       -336.41


   1154. A3 + BINi-19  => 5H2 + 0.999999978700000BINi-19 + 0.000000021300000BINi-20 
         k:       5.035162e+20	   -1.49       -337.71


   1155. A2R5 + BINi-01  => 4H2 + 0.5BINi-01 + 0.5BINi-02 
         k:       2.482861e+16	   -1.50        -76.57


   1156. A2R5 + BINi-02  => 4H2 + 0.75BINi-02 + 0.25BINi-03 
         k:       4.823030e+16	   -1.50        -97.48


   1157. A2R5 + BINi-03  => 4H2 + 0.875BINi-03 + 0.125BINi-04 
         k:       9.284976e+16	   -1.50       -119.60


   1158. A2R5 + BINi-04  => 4H2 + 0.9375BINi-04 + 0.0625BINi-05 
         k:       1.755871e+17	   -1.50       -141.96


   1159. A2R5 + BINi-05  => 4H2 + 0.96875BINi-05 + 0.03125BINi-06 
         k:       3.246187e+17	   -1.50       -163.69


   1160. A2R5 + BINi-06  => 4H2 + 0.985798816600000BINi-06 + 0.014201183400000BINi-07 
         k:       5.859685e+17	   -1.50       -184.06


   1161. A2R5 + BINi-07  => 4H2 + 0.993798449600000BINi-07 + 0.0062015504BINi-08 
         k:       1.076097e+18	   -1.50       -203.86


   1162. A2R5 + BINi-08  => 4H2 + 0.997398656000000BINi-08 + 0.002601344BINi-09 
         k:       2.003051e+18	   -1.49       -222.28


   1163. A2R5 + BINi-09  => 4H2 + 0.998949671800000BINi-09 + 0.0010503282BINi-10 
         k:       3.776150e+18	   -1.49       -238.73


   1164. A2R5 + BINi-10  => 4H2 + 0.999591545000000BINi-10 + 0.000408455BINi-11 
         k:       7.208688e+18	   -1.49       -252.86


   1165. A2R5 + BINi-11  => 4H2 + 0.999846827400000BINi-11 + 0.000153172600000BINi-12 
         k:       1.394830e+19	   -1.49       -264.60


   1166. A2R5 + BINi-12  => 4H2 + 0.999944553300000BINi-12 + 0.0000554467BINi-13 
         k:       2.849625e+19	   -1.50       -281.78


   1167. A2R5 + BINi-13  => 4H2 + 0.999980605BINi-13 + 0.000019395000000BINi-14 
         k:       5.697686e+19	   -1.50       -289.62


   1168. A2R5 + BINi-14  => 4H2 + 0.999993437800000BINi-14 + 0.000006562200000BINi-15 
         k:       1.158039e+20	   -1.50       -295.61


   1169. A2R5 + BINi-15  => 4H2 + 0.999997850300000BINi-15 + 0.0000021497BINi-16 
         k:       2.394705e+20	   -1.50       -300.09


   1170. A2R5 + BINi-16  => 4H2 + 0.999999317600000BINi-16 + 0.0000006824BINi-17 
         k:       4.172545e+20	   -1.50       -303.37


   1171. A2R5 + BINi-17  => 4H2 + 0.999999789900000BINi-17 + 0.000000210100000BINi-18 
         k:       4.250111e+20	   -1.50       -305.72


   1172. A2R5 + BINi-18  => 4H2 + 0.999999937200000BINi-18 + 0.000000062800000BINi-19 
         k:       4.327617e+20	   -1.50       -307.39


   1173. A2R5 + BINi-19  => 4H2 + 0.999999981800000BINi-19 + 0.000000018200000BINi-20 
         k:       4.417728e+20	   -1.50       -308.56


   1174. A4 + BINi-01  => 5H2 + 0.333333333300000BINi-01 + 0.666666666700000BINi-02 
         k:       3.191944e+16	   -1.50        -86.73


   1175. A4 + BINi-02  => 5H2 + 0.666666666700000BINi-02 + 0.333333333300000BINi-03 
         k:       6.064073e+16	   -1.50       -110.86


   1176. A4 + BINi-03  => 5H2 + 0.833333333300000BINi-03 + 0.1666666667BINi-04 
         k:       1.148570e+17	   -1.50       -136.54


   1177. A4 + BINi-04  => 5H2 + 0.916666666700000BINi-04 + 0.083333333300000BINi-05 
         k:       2.148849e+17	   -1.50       -162.64


   1178. A4 + BINi-05  => 5H2 + 0.958333333300000BINi-05 + 0.041666666700000BINi-06 
         k:       3.944672e+17	   -1.50       -188.13


   1179. A4 + BINi-06  => 5H2 + 0.981065088800000BINi-06 + 0.018934911200000BINi-07 
         k:       7.085426e+17	   -1.49       -212.14


   1180. A4 + BINi-07  => 5H2 + 0.991731266100000BINi-07 + 0.008268733900000BINi-08 
         k:       1.295996e+18	   -1.49       -235.57


   1181. A4 + BINi-08  => 5H2 + 0.996531541300000BINi-08 + 0.0034684587BINi-09 
         k:       2.404004e+18	   -1.49       -257.42


   1182. A4 + BINi-09  => 5H2 + 0.998599562400000BINi-09 + 0.0014004376BINi-10 
         k:       4.517954e+18	   -1.49       -277.00


   1183. A4 + BINi-10  => 5H2 + 0.999455393300000BINi-10 + 0.000544606700000BINi-11 
         k:       8.600834e+18	   -1.49       -293.86


   1184. A4 + BINi-11  => 5H2 + 0.999795769900000BINi-11 + 0.000204230100000BINi-12 
         k:       1.660156e+19	   -1.49       -307.88


   1185. A4 + BINi-12  => 5H2 + 0.999926071000000BINi-12 + 0.000073929BINi-13 
         k:       3.437351e+19	   -1.49       -329.98


   1186. A4 + BINi-13  => 5H2 + 0.999974140000000BINi-13 + 0.00002586BINi-14 
         k:       6.868413e+19	   -1.49       -339.49


   1187. A4 + BINi-14  => 5H2 + 0.999991250400000BINi-14 + 0.000008749600000BINi-15 
         k:       1.395281e+20	   -1.49       -346.77


   1188. A4 + BINi-15  => 5H2 + 0.999997133700000BINi-15 + 0.0000028663BINi-16 
         k:       2.884179e+20	   -1.49       -352.21


   1189. A4 + BINi-16  => 5H2 + 0.999999090100000BINi-16 + 0.0000009099BINi-17 
         k:       5.261955e+20	   -1.49       -356.19


   1190. A4 + BINi-17  => 5H2 + 0.999999719800000BINi-17 + 0.000000280200000BINi-18 
         k:       5.360525e+20	   -1.49       -359.06


   1191. A4 + BINi-18  => 5H2 + 0.999999916300000BINi-18 + 0.000000083700000BINi-19 
         k:       5.458808e+20	   -1.49       -361.09


   1192. A4 + BINi-19  => 5H2 + 0.999999975700000BINi-19 + 0.000000024300000BINi-20 
         k:       5.572848e+20	   -1.49       -362.51


   1193. 2BINi-01  => H2 + BINi-02 
         k:       4.390992e+16	   -1.50       -100.54


   1194. BINi-01 + BINi-02  => H2 + 0.5BINi-02 + 0.5BINi-03 
         k:       8.084646e+16	   -1.50       -129.18


   1195. 2BINi-02  => H2 + BINi-03 
         k:       6.662152e+17	   -1.48       -363.61


   1196. BINi-01 + BINi-03  => H2 + 0.75BINi-03 + 0.25BINi-04 
         k:       1.493785e+17	   -1.50       -159.89


   1197. BINi-02 + BINi-03  => H2 + 0.5BINi-03 + 0.5BINi-04 
         k:       1.102674e+18	   -1.47       -449.51


   1198. 2BINi-03  => H2 + BINi-04 
         k:       1.622615e+18	   -1.46       -556.09


   1199. BINi-01 + BINi-04  => H2 + 0.875BINi-04 + 0.125BINi-05 
         k:       1.279353e+18	   -1.48       -413.28


   1200. BINi-02 + BINi-04  => H2 + 0.75BINi-04 + 0.25BINi-05 
         k:       1.793486e+18	   -1.46       -534.95


   1201. BINi-03 + BINi-04  => H2 + 0.5BINi-04 + 0.5BINi-05 
         k:       2.306077e+18	   -1.43       -660.43


   1202. 2BINi-04  => H2 + BINi-05 
         k:       2.746328e+18	   -1.39       -779.83


   1203. BINi-01 + BINi-05  => H2 + 0.9375BINi-05 + 0.0625BINi-06 
         k:       2.221676e+18	   -1.47       -476.00


   1204. BINi-02 + BINi-05  => H2 + 0.875BINi-05 + 0.125BINi-06 
         k:       2.848727e+18	   -1.44       -615.61


   1205. BINi-03 + BINi-05  => H2 + 0.75BINi-05 + 0.25BINi-06 
         k:       3.172054e+18	   -1.40       -756.42


   1206. BINi-04 + BINi-05  => H2 + 0.5BINi-05 + 0.5BINi-06 
         k:       3.072650e+18	   -1.34       -884.62


   1207. 2BINi-05  => H2 + BINi-06 
         k:       2.646899e+18	   -1.27       -988.66


   1208. BINi-01 + BINi-06  => H2 + 0.971597633100000BINi-06 + 0.0284023669BINi-07 
         k:       3.755257e+18	   -1.46       -533.61


   1209. BINi-02 + BINi-06  => H2 + 0.943195266300000BINi-06 + 0.056804733700000BINi-07 
         k:       4.404761e+18	   -1.42       -688.45


   1210. BINi-03 + BINi-06  => H2 + 0.886390532500000BINi-06 + 0.1136094675BINi-07 
         k:       4.226200e+18	   -1.37       -839.85


   1211. BINi-04 + BINi-06  => H2 + 0.772781065100000BINi-06 + 0.227218934900000BINi-07 
         k:       3.277348e+18	   -1.29       -969.36


   1212. BINi-05 + BINi-06  => H2 + 0.545562130200000BINi-06 + 0.454437869800000BINi-07 
         k:       2.103143e+18	   -1.19      -1062.02


   1213. 2BINi-06  => H2 + 0.091124260400000BINi-06 + 0.908875739600000BINi-07 
         k:       1.184969e+18	   -1.07      -1111.02


   1214. BINi-01 + BINi-07  => H2 + 0.987596899200000BINi-07 + 0.0124031008BINi-08 
         k:       6.411541e+18	   -1.45       -588.16


   1215. BINi-02 + BINi-07  => H2 + 0.975193798400000BINi-07 + 0.0248062016BINi-08 
         k:       6.834840e+18	   -1.40       -755.80


   1216. BINi-03 + BINi-07  => H2 + 0.950387596900000BINi-07 + 0.049612403100000BINi-08 
         k:       5.578657e+18	   -1.33       -913.13


   1217. BINi-04 + BINi-07  => H2 + 0.900775193800000BINi-07 + 0.099224806200000BINi-08 
         k:       3.392227e+18	   -1.22      -1036.00


   1218. BINi-05 + BINi-07  => H2 + 0.801550387600000BINi-07 + 0.198449612400000BINi-08 
         k:       1.574462e+18	   -1.09      -1106.18


   1219. BINi-06 + BINi-07  => H2 + 0.603100775200000BINi-07 + 0.396899224800000BINi-08 
         k:       6.055154e+17	   -0.93      -1117.85


   1220. 2BINi-07  => H2 + 0.166408268700000BINi-07 + 0.833591731300000BINi-08 
         k:       2.020309e+17	   -0.75      -1073.98


   1221. BINi-01 + BINi-08  => H2 + 0.994797311900000BINi-08 + 0.0052026881BINi-09 
         k:       1.105005e+19	   -1.44       -637.46


   1222. BINi-02 + BINi-08  => H2 + 0.989594623900000BINi-08 + 0.010405376100000BINi-09 
         k:       1.066271e+19	   -1.38       -814.92


   1223. BINi-03 + BINi-08  => H2 + 0.979189247800000BINi-08 + 0.020810752200000BINi-09 
         k:       7.347045e+18	   -1.28       -973.11


   1224. BINi-04 + BINi-08  => H2 + 0.958378495600000BINi-08 + 0.041621504400000BINi-09 
         k:       3.471002e+18	   -1.15      -1081.86


   1225. BINi-05 + BINi-08  => H2 + 0.916756991100000BINi-08 + 0.0832430089BINi-09 
         k:       1.159020e+18	   -0.98      -1120.27


   1226. BINi-06 + BINi-08  => H2 + 0.833513982200000BINi-08 + 0.1664860178BINi-09 
         k:       3.051647e+17	   -0.78      -1085.62


   1227. BINi-07 + BINi-08  => H2 + 0.650336006900000BINi-08 + 0.349663993100000BINi-09 
         k:       6.738124e+16	   -0.56       -984.72


   1228. 2BINi-08  => H2 + 0.230869282500000BINi-08 + 0.769130717500000BINi-09 
         k:       1.527919e+16	   -0.34       -838.15


   1229. BINi-01 + BINi-09  => H2 + 0.997899343500000BINi-09 + 0.002100656500000BINi-10 
         k:       1.928697e+19	   -1.43       -680.21


   1230. BINi-02 + BINi-09  => H2 + 0.995798687100000BINi-09 + 0.004201312900000BINi-10 
         k:       1.684925e+19	   -1.36       -864.40


   1231. BINi-03 + BINi-09  => H2 + 0.991597374200000BINi-09 + 0.008402625800000BINi-10 
         k:       9.804002e+18	   -1.24      -1019.12


   1232. BINi-04 + BINi-09  => H2 + 0.983194748400000BINi-09 + 0.016805251600000BINi-10 
         k:       3.613852e+18	   -1.08      -1108.20


   1233. BINi-05 + BINi-09  => H2 + 0.966389496700000BINi-09 + 0.033610503300000BINi-10 
         k:       8.820309e+17	   -0.87      -1109.45


   1234. BINi-06 + BINi-09  => H2 + 0.932778993400000BINi-09 + 0.067221006600000BINi-10 
         k:       1.649347e+17	   -0.64      -1025.50


   1235. BINi-07 + BINi-09  => H2 + 0.858818380700000BINi-09 + 0.1411816193BINi-10 
         k:       2.572573e+16	   -0.39       -869.77


   1236. BINi-08 + BINi-09  => H2 + 0.689452954000000BINi-09 + 0.310547046BINi-10 
         k:       4.336405e+15	   -0.15       -676.03


   1237. 2BINi-09  => H2 + 0.285689277900000BINi-09 + 0.714310722100000BINi-10 
         k:       1.012133e+15	    0.06       -485.25


   1238. BINi-01 + BINi-10  => H2 + 0.99918309BINi-10 + 0.00081691BINi-11 
         k:       3.422980e+19	   -1.42       -715.86


   1239. BINi-02 + BINi-10  => H2 + 0.998366179900000BINi-10 + 0.001633820100000BINi-11 
         k:       2.721714e+19	   -1.33       -904.15


   1240. BINi-03 + BINi-10  => H2 + 0.996732359800000BINi-10 + 0.003267640200000BINi-11 
         k:       1.349835e+19	   -1.20      -1052.37


   1241. BINi-04 + BINi-10  => H2 + 0.993464719700000BINi-10 + 0.006535280300000BINi-11 
         k:       3.950445e+18	   -1.01      -1119.06


   1242. BINi-05 + BINi-10  => H2 + 0.986929439400000BINi-10 + 0.013070560600000BINi-11 
         k:       7.280078e+17	   -0.77      -1082.18


   1243. BINi-06 + BINi-10  => H2 + 0.973858878800000BINi-10 + 0.026141121200000BINi-11 
         k:       1.021806e+17	   -0.51       -951.70


   1244. BINi-07 + BINi-10  => H2 + 0.945096837900000BINi-10 + 0.054903162100000BINi-11 
         k:       1.232180e+16	   -0.23       -750.09


   1245. BINi-08 + BINi-10  => H2 + 0.879233466100000BINi-10 + 0.1207665339BINi-11 
         k:       1.743528e+15	    0.02       -525.37


   1246. BINi-09 + BINi-10  => H2 + 0.722216549200000BINi-10 + 0.277783450800000BINi-11 
         k:       3.793535e+14	    0.21       -327.44


   1247. 2BINi-10  => H2 + 0.333333333300000BINi-10 + 0.666666666700000BINi-11 
         k:       1.449921e+14	    0.34       -184.26


   1248. BINi-01 + BINi-11  => H2 + 0.999693654800000BINi-11 + 0.000306345200000BINi-12 
         k:       6.203705e+19	   -1.41       -744.63


   1249. BINi-02 + BINi-11  => H2 + 0.999387309700000BINi-11 + 0.0006126903BINi-12 
         k:       4.532594e+19	   -1.31       -935.03


   1250. BINi-03 + BINi-11  => H2 + 0.998774619300000BINi-11 + 0.001225380700000BINi-12 
         k:       1.948159e+19	   -1.16      -1075.24


   1251. BINi-04 + BINi-11  => H2 + 0.997549238600000BINi-11 + 0.002450761400000BINi-12 
         k:       4.652498e+18	   -0.95      -1119.48


   1252. BINi-05 + BINi-11  => H2 + 0.995098477200000BINi-11 + 0.004901522800000BINi-12 
         k:       6.755025e+17	   -0.68      -1047.14


   1253. BINi-06 + BINi-11  => H2 + 0.990196954400000BINi-11 + 0.009803045600000BINi-12 
         k:       7.562734e+16	   -0.40       -876.71


   1254. BINi-07 + BINi-11  => H2 + 0.979411051400000BINi-11 + 0.0205889486BINi-12 
         k:       7.686035e+15	   -0.11       -640.94


   1255. BINi-08 + BINi-11  => H2 + 0.954711971700000BINi-11 + 0.0452880283BINi-12 
         k:       1.018680e+15	    0.14       -401.50


   1256. BINi-09 + BINi-11  => H2 + 0.895829876300000BINi-11 + 0.104170123700000BINi-12 
         k:       2.300367e+14	    0.32       -213.18


   1257. BINi-10 + BINi-11  => H2 + 0.749996808900000BINi-11 + 0.250003191100000BINi-12 
         k:       1.505631e+14	    0.36       -221.51


   1258. 2BINi-11  => H2 + 0.374992022300000BINi-11 + 0.625007977700000BINi-12 
         k:       7.994850e+13	    0.44        -91.18


   1259. BINi-01 + BINi-12  => H2 + 0.999889106600000BINi-12 + 0.0001108934BINi-13 
         k:       1.762890e+20	   -1.45       -856.20


   1260. BINi-02 + BINi-12  => H2 + 0.999778213100000BINi-12 + 0.0002217869BINi-13 
         k:       1.754901e+20	   -1.40      -1134.05


   1261. BINi-03 + BINi-12  => H2 + 0.999556426300000BINi-12 + 0.0004435737BINi-13 
         k:       1.143228e+20	   -1.30      -1396.64


   1262. BINi-04 + BINi-12  => H2 + 0.999112852500000BINi-12 + 0.0008871475BINi-13 
         k:       4.106590e+19	   -1.14      -1572.99


   1263. BINi-05 + BINi-12  => H2 + 0.998225705100000BINi-12 + 0.001774294900000BINi-13 
         k:       7.316138e+18	   -0.90      -1588.98


   1264. BINi-06 + BINi-12  => H2 + 0.996451410200000BINi-12 + 0.003548589800000BINi-13 
         k:       7.050536e+17	   -0.60      -1411.98


   1265. BINi-07 + BINi-12  => H2 + 0.992547037300000BINi-12 + 0.0074529627BINi-13 
         k:       4.294059e+16	   -0.25      -1060.96


   1266. BINi-08 + BINi-12  => H2 + 0.983606254400000BINi-12 + 0.016393745600000BINi-13 
         k:       2.929687e+15	    0.07       -647.13


   1267. BINi-09 + BINi-12  => H2 + 0.962291612800000BINi-12 + 0.037708387200000BINi-13 
         k:       3.898569e+14	    0.30       -310.56


   1268. BINi-10 + BINi-12  => H2 + 0.909501718800000BINi-12 + 0.090498281200000BINi-13 
         k:       1.205575e+14	    0.43       -115.85


   1269. BINi-11 + BINi-12  => H2 + 0.773754297100000BINi-12 + 0.226245702900000BINi-13 
         k:       7.149947e+13	    0.48        -34.09


   1270. 2BINi-12  => H2 + 0.411765793100000BINi-12 + 0.588234206900000BINi-13 
         k:       6.333628e+13	    0.50         -8.32


   1271. BINi-01 + BINi-13  => H2 + 0.99996121BINi-13 + 0.000038790000000BINi-14 
         k:       3.447178e+20	   -1.45       -879.20


   1272. BINi-02 + BINi-13  => H2 + 0.99992242BINi-13 + 0.000077580000000BINi-14 
         k:       3.309478e+20	   -1.39      -1162.90


   1273. BINi-03 + BINi-13  => H2 + 0.99984484BINi-13 + 0.000155160000000BINi-14 
         k:       2.001339e+20	   -1.28      -1425.28


   1274. BINi-04 + BINi-13  => H2 + 0.999689679900000BINi-13 + 0.000310320100000BINi-14 
         k:       6.298742e+19	   -1.11      -1587.56


   1275. BINi-05 + BINi-13  => H2 + 0.999379359800000BINi-13 + 0.000620640200000BINi-14 
         k:       9.244409e+18	   -0.85      -1569.68


   1276. BINi-06 + BINi-13  => H2 + 0.998758719700000BINi-13 + 0.0012412803BINi-14 
         k:       7.169854e+17	   -0.52      -1344.09


   1277. BINi-07 + BINi-13  => H2 + 0.997392988100000BINi-13 + 0.0026070119BINi-14 
         k:       3.695361e+16	   -0.15       -947.24


   1278. BINi-08 + BINi-13  => H2 + 0.994265543500000BINi-13 + 0.0057344565BINi-14 
         k:       2.485553e+15	    0.16       -519.82


   1279. BINi-09 + BINi-13  => H2 + 0.986809780300000BINi-13 + 0.013190219700000BINi-14 
         k:       3.813328e+14	    0.37       -210.94


   1280. BINi-10 + BINi-13  => H2 + 0.968344119100000BINi-13 + 0.0316558809BINi-14 
         k:       1.398045e+14	    0.46        -60.96


   1281. BINi-11 + BINi-13  => H2 + 0.920860297800000BINi-13 + 0.0791397022BINi-14 
         k:       8.836054e+13	    0.49        -12.39


   1282. BINi-12 + BINi-13  => H2 + 0.794238390500000BINi-13 + 0.205761609500000BINi-14 
         k:       7.280705e+13	    0.50         -1.82


   1283. 2BINi-13  => H2 + 0.444443007800000BINi-13 + 0.555556992200000BINi-14 
         k:       7.199806e+13	    0.50         -0.21


   1284. BINi-01 + BINi-14  => H2 + 0.999986875600000BINi-14 + 0.000013124400000BINi-15 
         k:       6.883014e+20	   -1.45       -896.65


   1285. BINi-02 + BINi-14  => H2 + 0.999973751200000BINi-14 + 0.000026248800000BINi-15 
         k:       6.418527e+20	   -1.39      -1184.56


   1286. BINi-03 + BINi-14  => H2 + 0.999947502300000BINi-14 + 0.000052497700000BINi-15 
         k:       3.655713e+20	   -1.27      -1446.02


   1287. BINi-04 + BINi-14  => H2 + 0.999895004600000BINi-14 + 0.000104995400000BINi-15 
         k:       1.034236e+20	   -1.08      -1595.88


   1288. BINi-05 + BINi-14  => H2 + 0.999790009300000BINi-14 + 0.0002099907BINi-15 
         k:       1.301657e+19	   -0.80      -1549.82


   1289. BINi-06 + BINi-14  => H2 + 0.999580018500000BINi-14 + 0.000419981500000BINi-15 
         k:       8.567767e+17	   -0.46      -1286.03


   1290. BINi-07 + BINi-14  => H2 + 0.999117929500000BINi-14 + 0.0008820705BINi-15 
         k:       3.967204e+16	   -0.08       -857.54


   1291. BINi-08 + BINi-14  => H2 + 0.998059773000000BINi-14 + 0.001940227000000BINi-15 
         k:       2.745440e+15	    0.23       -428.50


   1292. BINi-09 + BINi-14  => H2 + 0.995537149800000BINi-14 + 0.0044628502BINi-15 
         k:       4.853699e+14	    0.41       -149.01


   1293. BINi-10 + BINi-14  => H2 + 0.989289378200000BINi-14 + 0.010710621800000BINi-15 
         k:       2.026556e+14	    0.48        -33.67


   1294. BINi-11 + BINi-14  => H2 + 0.973223445500000BINi-14 + 0.026776554500000BINi-15 
         k:       1.316809e+14	    0.50         -4.69


   1295. BINi-12 + BINi-14  => H2 + 0.930381505100000BINi-14 + 0.069618494900000BINi-15 
         k:       1.008224e+14	    0.50         -0.40


   1296. BINi-13 + BINi-14  => H2 + 0.812029844900000BINi-14 + 0.187970155100000BINi-15 
         k:       8.600538e+13	    0.50         -0.02


   1297. 2BINi-14  => H2 + 0.473684440800000BINi-14 + 0.526315559200000BINi-15 
         k:       8.539540e+13	    0.50         -0.00


   1298. BINi-01 + BINi-15  => H2 + 0.999995700600000BINi-15 + 0.0000042994BINi-16 
         k:       1.403968e+21	   -1.44       -909.61


   1299. BINi-02 + BINi-15  => H2 + 0.999991401200000BINi-15 + 0.0000085988BINi-16 
         k:       1.278750e+21	   -1.38      -1200.39


   1300. BINi-03 + BINi-15  => H2 + 0.999982802500000BINi-15 + 0.000017197500000BINi-16 
         k:       6.958431e+20	   -1.26      -1460.82


   1301. BINi-04 + BINi-15  => H2 + 0.999965605BINi-15 + 0.000034395000000BINi-16 
         k:       1.812306e+20	   -1.06      -1600.44


   1302. BINi-05 + BINi-15  => H2 + 0.999931209900000BINi-15 + 0.000068790100000BINi-16 
         k:       2.027675e+19	   -0.77      -1532.08


   1303. BINi-06 + BINi-15  => H2 + 0.999862419900000BINi-15 + 0.000137580100000BINi-16 
         k:       1.183268e+18	   -0.41      -1239.44


   1304. BINi-07 + BINi-15  => H2 + 0.999711045900000BINi-15 + 0.0002889541BINi-16 
         k:       5.126448e+16	   -0.03       -789.81


   1305. BINi-08 + BINi-15  => H2 + 0.999364408400000BINi-15 + 0.000635591600000BINi-16 
         k:       3.706428e+15	    0.27       -364.83


   1306. BINi-09 + BINi-15  => H2 + 0.998538031900000BINi-15 + 0.001461968100000BINi-16 
         k:       7.380530e+14	    0.43       -111.03


   1307. BINi-10 + BINi-15  => H2 + 0.996491348100000BINi-15 + 0.0035086519BINi-16 
         k:       3.365147e+14	    0.49        -20.10


   1308. BINi-11 + BINi-15  => H2 + 0.991228370300000BINi-15 + 0.0087716297BINi-16 
         k:       2.198720e+14	    0.50         -1.96


   1309. BINi-12 + BINi-15  => H2 + 0.977193942000000BINi-15 + 0.022806058000000BINi-16 
         k:       1.590762e+14	    0.50         -0.10


   1310. BINi-13 + BINi-15  => H2 + 0.938423571600000BINi-15 + 0.0615764284BINi-16 
         k:       1.220883e+14	    0.50         -0.00


   1311. BINi-14 + BINi-15  => H2 + 0.827586287200000BINi-15 + 0.172413712800000BINi-16 
         k:       1.030358e+14	    0.50         -0.00


   1312. 2BINi-15  => H2 + 0.500000089600000BINi-15 + 0.499999910400000BINi-16 
         k:       1.019763e+14	    0.50         -0.00


   1313. BINi-01 + BINi-16  => H2 + 0.999998635100000BINi-16 + 0.0000013649BINi-17 
         k:       2.689358e+21	   -1.44       -919.07


   1314. BINi-02 + BINi-16  => H2 + 0.999997270200000BINi-16 + 0.0000027298BINi-17 
         k:       2.622728e+21	   -1.38      -1212.07


   1315. BINi-03 + BINi-16  => H2 + 0.999994540500000BINi-16 + 0.000005459500000BINi-17 
         k:       1.376396e+21	   -1.25      -1471.28


   1316. BINi-04 + BINi-16  => H2 + 0.999989080900000BINi-16 + 0.0000109191BINi-17 
         k:       3.368344e+20	   -1.05      -1602.86


   1317. BINi-05 + BINi-16  => H2 + 0.999978161900000BINi-16 + 0.000021838100000BINi-17 
         k:       3.452589e+19	   -0.74      -1517.51


   1318. BINi-06 + BINi-16  => H2 + 0.999956323800000BINi-16 + 0.000043676200000BINi-17 
         k:       1.847909e+18	   -0.38      -1203.70


   1319. BINi-07 + BINi-16  => H2 + 0.999908268500000BINi-16 + 0.0000917315BINi-17 
         k:       7.687594e+16	    0.01       -740.20


   1320. BINi-08 + BINi-16  => H2 + 0.999798224900000BINi-16 + 0.000201775100000BINi-17 
         k:       5.808257e+15	    0.30       -321.11


   1321. BINi-09 + BINi-16  => H2 + 0.999535883100000BINi-16 + 0.000464116900000BINi-17 
         k:       1.267251e+15	    0.45        -87.61


   1322. BINi-10 + BINi-16  => H2 + 0.998886142100000BINi-16 + 0.001113857900000BINi-17 
         k:       6.110862e+14	    0.49        -13.16


   1323. BINi-11 + BINi-16  => H2 + 0.997215355300000BINi-16 + 0.002784644700000BINi-17 
         k:       3.971492e+14	    0.50         -0.94


   1324. BINi-12 + BINi-16  => H2 + 0.992759980700000BINi-16 + 0.007240019300000BINi-17 
         k:       2.754476e+14	    0.50         -0.03


   1325. BINi-13 + BINi-16  => H2 + 0.980451925100000BINi-16 + 0.019548074900000BINi-17 
         k:       1.972155e+14	    0.50         -0.00


   1326. BINi-14 + BINi-16  => H2 + 0.945265481300000BINi-16 + 0.054734518700000BINi-17 
         k:       1.489336e+14	    0.50         -0.00


   1327. BINi-15 + BINi-16  => H2 + 0.841269850300000BINi-16 + 0.1587301497BINi-17 
         k:       1.241577e+14	    0.50          0.00


   1328. 2BINi-16  => H2 + 0.523809494000000BINi-16 + 0.476190506000000BINi-17 
         k:       1.224671e+14	    0.50          0.00


   1329. BINi-01 + BINi-17  => H2 + 0.999999579700000BINi-17 + 0.0000004203BINi-18 
         k:       2.721125e+21	   -1.44       -925.84


   1330. BINi-02 + BINi-17  => H2 + 0.999999159500000BINi-17 + 0.000000840500000BINi-18 
         k:       2.696194e+21	   -1.37      -1220.32


   1331. BINi-03 + BINi-17  => H2 + 0.999998318900000BINi-17 + 0.0000016811BINi-18 
         k:       1.542492e+21	   -1.25      -1478.60


   1332. BINi-04 + BINi-17  => H2 + 0.999996637800000BINi-17 + 0.0000033622BINi-18 
         k:       4.031689e+20	   -1.04      -1604.12


   1333. BINi-05 + BINi-17  => H2 + 0.999993275700000BINi-17 + 0.000006724300000BINi-18 
         k:       4.331061e+19	   -0.73      -1506.20


   1334. BINi-06 + BINi-17  => H2 + 0.999986551300000BINi-17 + 0.0000134487BINi-18 
         k:       2.432819e+18	   -0.35      -1177.20


   1335. BINi-07 + BINi-17  => H2 + 0.999971754200000BINi-17 + 0.0000282458BINi-18 
         k:       1.108262e+17	    0.03       -704.66


   1336. BINi-08 + BINi-17  => H2 + 0.999937869800000BINi-17 + 0.0000621302BINi-18 
         k:       9.805518e+15	    0.32       -291.32


   1337. BINi-09 + BINi-17  => H2 + 0.999857090100000BINi-17 + 0.0001429099BINi-18 
         k:       2.370943e+15	    0.46        -72.98


   1338. BINi-10 + BINi-17  => H2 + 0.999657023200000BINi-17 + 0.0003429768BINi-18 
         k:       1.183669e+15	    0.49         -9.43


   1339. BINi-11 + BINi-17  => H2 + 0.999142558100000BINi-17 + 0.0008574419BINi-18 
         k:       7.623371e+14	    0.50         -0.52


   1340. BINi-12 + BINi-17  => H2 + 0.997770668500000BINi-17 + 0.0022293315BINi-18 
         k:       5.121762e+14	    0.50         -0.01


   1341. BINi-13 + BINi-17  => H2 + 0.993980798000000BINi-17 + 0.006019202000000BINi-18 
         k:       3.496728e+14	    0.50         -0.00


   1342. BINi-14 + BINi-17  => H2 + 0.983146262500000BINi-17 + 0.016853737500000BINi-18 
         k:       2.458342e+14	    0.50         -0.00


   1343. BINi-15 + BINi-17  => H2 + 0.951124147200000BINi-17 + 0.048875852800000BINi-18 
         k:       1.826624e+14	    0.50          0.00


   1344. BINi-16 + BINi-17  => H2 + 0.853372424200000BINi-17 + 0.146627575800000BINi-18 
         k:       1.504370e+14	    0.50          0.00


   1345. 2BINi-17  => H2 + 0.545454534300000BINi-17 + 0.454545465700000BINi-18 
         k:       1.478812e+14	    0.50          0.00


   1346. BINi-01 + BINi-18  => H2 + 0.999999874400000BINi-18 + 0.000000125600000BINi-19 
         k:       2.757488e+21	   -1.44       -930.63


   1347. BINi-02 + BINi-18  => H2 + 0.999999748800000BINi-18 + 0.000000251200000BINi-19 
         k:       2.710124e+21	   -1.37      -1226.11


   1348. BINi-03 + BINi-18  => H2 + 0.999999497500000BINi-18 + 0.000000502500000BINi-19 
         k:       1.523516e+21	   -1.24      -1483.67


   1349. BINi-04 + BINi-18  => H2 + 0.999998995BINi-18 + 0.000001005000000BINi-19 
         k:       3.858514e+20	   -1.03      -1604.76


   1350. BINi-05 + BINi-18  => H2 + 0.99999799BINi-18 + 0.000002010000000BINi-19 
         k:       3.967350e+19	   -0.71      -1497.79


   1351. BINi-06 + BINi-18  => H2 + 0.999995980000000BINi-18 + 0.000004020000000BINi-19 
         k:       2.139761e+18	   -0.33      -1158.07


   1352. BINi-07 + BINi-18  => H2 + 0.999991557000000BINi-18 + 0.000008443BINi-19 
         k:       9.627274e+16	    0.05       -679.63


   1353. BINi-08 + BINi-18  => H2 + 0.999981428500000BINi-18 + 0.000018571500000BINi-19 
         k:       8.805543e+15	    0.33       -271.11


   1354. BINi-09 + BINi-18  => H2 + 0.999957282400000BINi-18 + 0.000042717600000BINi-19 
         k:       2.448256e+15	    0.46        -63.69


   1355. BINi-10 + BINi-18  => H2 + 0.999897479800000BINi-18 + 0.000102520200000BINi-19 
         k:       1.424121e+15	    0.50         -7.34


   1356. BINi-11 + BINi-18  => H2 + 0.999743699400000BINi-18 + 0.0002563006BINi-19 
         k:       1.037749e+15	    0.50         -0.33


   1357. BINi-12 + BINi-18  => H2 + 0.999333623800000BINi-18 + 0.0006663762BINi-19 
         k:       7.761781e+14	    0.50         -0.00


   1358. BINi-13 + BINi-18  => H2 + 0.998200782BINi-18 + 0.001799218000000BINi-19 
         k:       5.807992e+14	    0.50         -0.00


   1359. BINi-14 + BINi-18  => H2 + 0.994962198100000BINi-18 + 0.005037801900000BINi-19 
         k:       4.362727e+14	    0.50          0.00


   1360. BINi-15 + BINi-18  => H2 + 0.985390370300000BINi-18 + 0.014609629700000BINi-19 
         k:       3.079220e+14	    0.50          0.00


   1361. BINi-16 + BINi-18  => H2 + 0.956171105600000BINi-18 + 0.043828894400000BINi-19 
         k:       2.251933e+14	    0.50          0.00


   1362. BINi-17 + BINi-18  => H2 + 0.864130433BINi-18 + 0.135869567BINi-19 
         k:       1.832530e+14	    0.50          0.00


   1363. 2BINi-18  => H2 + 0.565217392900000BINi-18 + 0.434782607100000BINi-19 
         k:       1.648334e+14	    0.50          0.00


   1364. BINi-01 + BINi-19  => H2 + 0.999999963500000BINi-19 + 0.0000000365BINi-20 
         k:       2.805379e+21	   -1.44       -933.96


   1365. BINi-02 + BINi-19  => H2 + 0.999999927000000BINi-19 + 0.000000073BINi-20 
         k:       2.741547e+21	   -1.37      -1230.14


   1366. BINi-03 + BINi-19  => H2 + 0.999999854100000BINi-19 + 0.0000001459BINi-20 
         k:       1.522206e+21	   -1.24      -1487.16


   1367. BINi-04 + BINi-19  => H2 + 0.999999708100000BINi-19 + 0.000000291900000BINi-20 
         k:       3.770543e+20	   -1.02      -1605.08


   1368. BINi-05 + BINi-19  => H2 + 0.999999416300000BINi-19 + 0.000000583700000BINi-20 
         k:       3.759699e+19	   -0.70      -1491.72


   1369. BINi-06 + BINi-19  => H2 + 0.999998832600000BINi-19 + 0.000001167400000BINi-20 
         k:       1.971777e+18	   -0.32      -1144.55


   1370. BINi-07 + BINi-19  => H2 + 0.999997548100000BINi-19 + 0.0000024519BINi-20 
         k:       8.805721e+16	    0.06       -662.25


   1371. BINi-08 + BINi-19  => H2 + 0.999994606800000BINi-19 + 0.000005393200000BINi-20 
         k:       8.254744e+15	    0.34       -257.46


   1372. BINi-09 + BINi-19  => H2 + 0.999987594600000BINi-19 + 0.000012405400000BINi-20 
         k:       2.379987e+15	    0.47        -57.72


   1373. BINi-10 + BINi-19  => H2 + 0.999970227700000BINi-19 + 0.0000297723BINi-20 
         k:       1.409561e+15	    0.50         -6.11


   1374. BINi-11 + BINi-19  => H2 + 0.999925569300000BINi-19 + 0.0000744307BINi-20 
         k:       1.025941e+15	    0.50         -0.23


   1375. BINi-12 + BINi-19  => H2 + 0.999806481600000BINi-19 + 0.000193518400000BINi-20 
         k:       7.609501e+14	    0.50         -0.00


   1376. BINi-13 + BINi-19  => H2 + 0.999477499800000BINi-19 + 0.0005225002BINi-20 
         k:       5.626547e+14	    0.50         -0.00


   1377. BINi-14 + BINi-19  => H2 + 0.998537002000000BINi-19 + 0.001462998BINi-20 
         k:       4.159401e+14	    0.50          0.00


   1378. BINi-15 + BINi-19  => H2 + 0.995757304500000BINi-19 + 0.0042426955BINi-20 
         k:       3.089755e+14	    0.50          0.00


   1379. BINi-16 + BINi-19  => H2 + 0.987271911900000BINi-19 + 0.012728088100000BINi-20 
         k:       2.321186e+14	    0.50          0.00


   1380. BINi-17 + BINi-19  => H2 + 0.960542928600000BINi-19 + 0.039457071400000BINi-20 
         k:       1.777186e+14	    0.50          0.00


   1381. BINi-18 + BINi-19  => H2 + 0.873737373800000BINi-19 + 0.126262626200000BINi-20 
         k:       1.398637e+14	    0.50          0.00


   1382. 2BINi-19  => H2 + 0.583333332400000BINi-19 + 0.416666667600000BINi-20 
         k:       1.141149e+14	    0.50          0.00


