-----------------------------------------------------------------------------------------------------------------------------------------------------
Name                              MW       Cp@298K        H@298K        G@298K        S@298K      Cp@1000K       H@1000K       G@1000K       S@1000K 
                           [kg/kmol]   [cal/mol/K]    [kcal/mol]    [kcal/mol]   [cal/mol/K]   [cal/mol/K]    [kcal/mol]    [kcal/mol]   [cal/mol/K] 
-----------------------------------------------------------------------------------------------------------------------------------------------------
N2                           28.0140        6.9601       -0.0010      -13.6457       45.7873        7.8106        5.1296      -49.4000       54.5296
AR                           39.9480        4.9675       -0.0007      -11.0276       37.0027        4.9675        3.4864      -39.5302       43.0167
O                            15.9990        5.2366       59.5470       48.0777       38.4876        5.0005       63.0986       18.4602       44.6384
O2                           31.9980        7.0206       -0.0011      -14.6099       49.0230        8.3364        5.4265      -52.7861       58.2126
H                             1.0080        4.9675       52.0965       43.9275       27.4128        4.9675       55.5837       22.1569       33.4267
H2                            2.0160        6.8909       -0.0010       -9.3065       31.2263        7.2083        4.9436      -34.7831       39.7267
OH                           17.0070        7.1663        8.9709       -4.1112       43.8996        7.3347       13.9743      -38.5368       52.5110
HO2                          33.0060        8.3381        2.9984      -13.3163       54.7474       11.3792       10.0625      -56.4889       66.5514
H2O                          18.0150        8.0266      -57.7927      -71.2392       45.1223        9.8687      -51.5774     -107.1967       55.6193
H2O2                         34.0140       10.1285      -32.5769      -49.2774       56.0421       14.9310      -23.5283      -94.5856       71.0574
CO                           28.0100        6.9641      -26.4155      -40.4908       47.2326        7.9253      -21.2309      -77.2827       56.0517
CO2                          44.0090        8.8730      -94.0423     -109.2660       51.0864       12.9817      -86.0597     -150.4140       64.3543
CH                           13.0190        6.9722      142.7507      129.7165       43.7387        7.7110      147.8236       95.4210       52.4025
CH2                          14.0270        8.3673       93.7590       79.9144       46.4581       10.6562      100.4578       42.7181       57.7397
CH2S                         14.0270        8.0728      102.7344       89.2601       45.2159       10.5707      109.2314       53.1184       56.1130
CH3                          15.0350        9.1798       35.0571       21.2420       46.3595       14.0874       43.3191      -16.6935       60.0126
CH4                          16.0430        8.5281      -17.8292      -31.1005       44.5347       17.5930       -8.5910      -67.9249       59.3339
CH2OH                        31.0340       11.8899       -4.2556      -22.3323       60.6599       18.5208        6.6738      -72.0211       78.6948
CH3OH                        32.0420       10.2539      -48.0365      -65.1735       57.5067       21.3790      -36.5385     -112.4825       75.9440
HCO                          29.0180        8.2661       10.0359       -5.9391       53.6075       11.4858       17.0307      -48.2336       65.2643
C2H                          25.0300        8.8870      135.0002      120.2333       49.5536       12.1754      142.5911       80.3422       62.2489
C2H2                         26.0380       10.5126       54.5336       40.2267       48.0097       16.2290       64.3451        0.0814       64.2637
C2H3                         27.0460       10.4263       71.6302       54.9706       55.9047       19.4233       82.6644        8.8270       73.8375
C2H4                         28.0540       10.2459       12.5449       -3.0728       52.4085       22.4874       24.6481      -47.1217       71.7698
C2H5                         29.0620       12.0610       28.3551       10.7581       59.0503       25.7762       42.2401      -39.0632       81.3033
C2H6                         30.0700       12.5424      -20.0407      -36.3630       54.7730       29.3195       -4.6460      -83.8934       79.2473
HCCO                         41.0290       11.5685       42.3937       24.9270       58.6129       16.6653       52.7215      -23.0948       75.8163
HCCOH                        42.0370       13.7151       22.2675        4.5267       59.5330       20.3905       34.7292      -45.5050       80.2343
CH2CO                        42.0370       12.3627      -11.4006      -28.6257       57.8021       20.2466        0.5711      -76.9274       77.4984
CH3HCO                       44.0530       13.2166      -39.7180      -58.5137       63.0726       26.9111      -24.9836     -111.7699       86.7863
C3H2                         38.0490       14.9021      129.5968      110.2834       64.8101       19.7403      142.0388       56.3331       85.7057
H2CCCH                       39.0570       15.5037       82.6847       64.4088       61.3284       24.8105       97.5024       11.7257       85.7767
C3H4                         40.0650       14.0665       45.6239       28.2898       58.1681       27.9877       61.2624      -22.1803       83.4427
C3H4P                        40.0650       14.4621       45.7666       28.2173       58.8903       27.8964       61.2546      -22.6910       83.9457
CH2CHCH2                     41.0730       15.9992       38.6402       19.3496       64.7338       32.8879       56.8793      -37.1983       94.0776
H2CCCCH                      51.0680       20.1924      111.3157       89.5793       72.9408       30.9276      129.9404       26.2251      103.7152
CH2CHCCH                     52.0760       17.2483       69.1418       49.0775       67.3301       33.1959       87.8953       -9.7766       97.6719
CH2CHCHCH                    53.0840       19.2970       86.0911       64.3180       73.0640       38.8869      107.8685       -0.2823      108.1508
CH2CHCCH2                    53.0840       19.4156       74.1369       51.6938       75.3123       37.3715       95.1993      -14.1803      109.3796
CH2CHCHCH2                   54.0920       18.9975       26.0419        6.2253       66.4987       40.5188       48.5847      -54.2008      102.7854
CH3CCCH2                     53.0840       19.6345       74.3397       50.3951       80.3510       36.6917       94.9747      -18.8154      113.7902
CH2O                         30.0260        8.4558      -25.9497      -41.5279       52.2760       14.8153      -17.6354      -83.4465       65.8111
C5H5                         65.0950       18.2974       63.5904       43.6893       66.7820       42.7634       87.1333      -17.2868      104.4201
C5H6                         66.1030       18.0018       32.0923       12.5709       65.5082       45.8668       56.6176      -47.7776      104.3952
A1-                          77.1060       18.3092       81.1882       60.8181       68.3561       45.3741      105.7305       -1.6438      107.3743
A1                           78.1140       19.4307       19.9937        0.8032       64.3975       50.1342       46.7340      -60.0311      106.7651
C6H5CH2                      91.1330       26.0666       50.3013       27.4355       76.7311       60.2176       83.1357      -46.0471      129.1829
C6H5CH3                      92.1410       24.6553       16.5412       -6.7530       78.1686       64.4225       49.6876      -80.8667      130.5543
C6H5O                        93.1050       23.3329       12.9014       -9.3053       74.5192       51.2817       41.4723      -78.9240      120.3963
C6H5OH                       94.1130       24.7459      -23.0355      -45.4551       75.2336       55.5619        7.7095     -116.7922      124.5018
C6H5C3H2                    115.1550       30.9082      100.3054       74.4078       86.9044       70.8382      138.9563       -9.7246      148.6810
P2-                         153.2040       36.7626      101.9811       73.1685       96.6868       91.5371      151.3847      -23.8319      175.2166
P2                          154.2120       37.8850       43.3867       15.4507       93.7449       95.3836       94.6638      -80.4994      175.1632
A1C2H                       102.1360       27.6450       78.4173       55.0685       78.3519       61.4162      112.4264      -20.4738      132.9001
A1C2HP2                     126.1580       35.2271      128.9862      103.8065       84.4955       72.6733      170.1285       19.1827      150.9458
A2-1                        127.1660       30.1617       94.6853       69.9152       83.1212       74.4493      134.9381      -12.2023      147.1404
A2                          128.1740       31.5081       35.7873       11.8732       80.2487       78.4215       78.0652      -69.3802      147.4455
A2C2HA                      152.1960       39.3810       90.5826       63.4049       91.2005       89.7233      140.0924      -30.3965      170.4889
A2C2HP2                     176.2180       48.8650      176.2028      145.6111      102.6569      101.6381      233.5594       38.3741      195.1853
A2R5                        152.1960       36.3353       62.0875       36.3603       86.3328       88.8468      110.3113      -52.7886      163.0999
A2R5-                       151.1880       37.0762      119.3996       92.7082       89.5682       85.3320      166.3590        1.6870      164.6720
IND                         115.1550       30.6235       68.2480       43.8367       81.9172       71.2292      107.4975      -37.1765      144.6740
A3-4                        177.2260       42.3970      107.4818       78.5638       97.0402      102.8066      163.3334      -22.6625      185.9959
A3                          178.2340       43.5690       49.5834       21.0554       95.7317      106.6833      107.3582      -80.3192      187.6774
A3C2H                       202.2560       51.8125      109.0810       77.7111      105.2681      118.0373      174.1708      -35.3011      209.4719
A4-                         201.2480       46.4645      112.3877       82.7233       99.5451      112.9592      173.7999      -23.5336      197.3335
A4                          202.2560       48.3610       53.8832       25.3417       95.7769      117.3283      117.7028      -79.7345      197.4373
BINI-01                     290.2800       69.4046       77.3296       36.3687      137.4527      168.3820      168.9193     -114.4298      283.3491
BINI-02                     578.5440      138.3310      154.1265       72.4869      273.9584      335.6037      336.6747     -228.0711      564.7458
BINI-03                    1155.0720      276.1838      307.7201      144.7231      546.9697      670.0472      672.1855     -455.3537     1127.5392
BINI-04                    2308.1279      551.8893      614.9074      289.1957     1092.9923     1338.9343     1343.2071     -909.9190     2253.1262
BINI-05                    4614.2399     1103.3004     1229.2820      578.1407     2185.0376     2676.7084     2685.2504    -1819.0496     4504.3000
BINI-06                    9226.4638     2206.1226     2458.0311     1156.0309     4369.1281     5352.2567     5369.3369    -3637.3107     9006.6476
BINI-07                   19375.7585     4632.9059     5161.9192     2427.6902     9175.2649    11239.8564    11275.7252    -7638.4323    18914.1575
BINI-08                   42617.0429    10190.0959    11353.6629     5339.7149    20181.0334    24722.1113    24801.0049   -16800.7637    41601.7686
BINI-09                   98023.7844    23438.3221    26114.6517    12281.9213    46418.5584    56863.5282    57044.9920   -38643.5727    95688.5647
BINI-10                  235249.4557    56250.1547    62673.1385    29475.6588   111400.9385   136468.0566   136903.5557   -92741.5757   229645.1315
BINI-11                  588120.6153   140624.6692   156682.0470    73688.7709   278500.9264   341168.3991   342257.1428  -231852.7571   574109.9000
BINI-12                 1529098.3632   365620.5040   407369.2692   191588.8985   724095.2039   887029.0219   889859.7216  -602811.1722  1492670.8938
BINI-13                 4128566.9579   987175.6917  1099897.4029   517290.2049  1955057.7114  2394979.1498  2402622.0577 -1627590.7081  4030212.7659
BINI-14                11559964.6356  2764086.4899  3079706.6506  1448409.7065  5474150.8192  6705928.4066  6727328.4964 -4557245.0253 11284573.5217
BINI-15                33523903.2216  8015852.1934  8931150.8250  4200388.8861 15875040.0635 19447195.6786 19509255.9838-13216012.7960 32725268.7797
BINI-16               100571717.6439 24047558.5661 26793454.6238 12601167.6041 47625124.2271 58341591.9239 58527772.7294-39648041.8289 98175814.5583
BINI-17               311772307.2504 74547427.1169 83059704.5816 39063617.7308147637875.3383180858925.3152181436085.1500-122908921.2779304345006.4279
BINI-18               997671361.9507238551762.3438265791049.6719125003573.1529472441196.3724578748548.2123580595461.0735-393308544.7112973904005.7846
BINI-19               3292315498.2082787220817.1644877110464.6907412511790.37841559055954.06801909870202.06661915965021.7192-1297918203.25033213883224.9696
BINI-20               11193872672.25412676550771.96812982175565.69941402540079.92885300790220.70666493558698.94836514281057.7242-4412921878.998410927202936.7226
BINJ-01                     289.2720       69.1655       77.0632       36.2434      136.9792      167.8019      168.3374     -114.0355      282.3729
BINJ-02                     577.5360      138.0919      153.8601       72.3616      273.4849      335.0236      336.0928     -227.6769      563.7696
BINJ-03                    1154.0640      275.9447      307.4537      144.5978      546.4962      669.4672      671.6036     -454.9595     1126.5631
BINJ-04                    2307.1199      551.6502      614.6410      289.0704     1092.5188     1338.3542     1342.6252     -909.5248     2252.1500
BINJ-05                    4613.2319     1103.0613     1229.0155      578.0155     2184.5641     2676.1283     2684.6685    -1818.6554     4503.3238
BINJ-06                    9225.4558     2205.8835     2457.7647     1155.9056     4368.6546     5351.6766     5368.7550    -3636.9165     9005.6714
BINJ-07                   19374.7505     4632.6668     5161.6527     2427.5650     9174.7912    11239.2763    11275.1433    -7638.0380    18913.1812
BINJ-08                   42616.0349    10189.8568    11353.3965     5339.5896    20180.5599    24721.5311    24800.4230   -16800.3694    41600.7924
BINJ-09                   98022.7764    23438.0830    26114.3855    12281.7962    46418.0848    56862.9482    57044.4103   -38643.1782    95687.5885
BINJ-10                  235248.4477    56249.9158    62672.8721    29475.5332   111400.4660   136467.4764   136902.9739   -92741.1826   229644.1565
BINJ-11                  588119.6073   140624.4302   156681.7806    73688.6453   278500.4539   341167.8199   342256.5611  -231852.3641   574108.9252
BINJ-12                 1529097.3552   365620.2650   407369.0040   191588.7741   724094.7311   887028.4457   889859.1420  -602810.7781  1492669.9202
BINJ-13                 4128565.9499   987175.4589  1099897.1365   517290.0782  1955057.2427  2394978.6033  2402621.4886 -1627590.3248  4030211.8134
BINJ-14                11559963.6276  2764086.2512  3079706.3913  1448409.5886  5474150.3446  6705927.8422  6727327.9257 -4557244.6241 11284572.5498
BINJ-15                33523902.2136  8015851.9802  8931150.5700  4200388.7539 15875039.6513 19447195.1819 19509255.4526-13216012.4732 32725267.9258
BINJ-16               100571716.6359 24047558.2989 26793454.4001 12601167.5204 47625123.7574 58341591.4271 58527772.1883-39648041.3835 98175813.5718
BINJ-17               311772306.2424 74547426.8489 83059704.3676 39063617.3347147637875.9493180858923.7256181436084.3619-122908921.8325304345006.1943
BINJ-18               997671360.9427238551761.8771265791049.5974125003573.8258472441193.8644578748546.4240580595460.2853-393308541.9062973904002.1914
BINJ-19               3292315497.2002787220817.1644877110464.6907412511790.37841559055954.06801909870202.06661915965021.7192-1297918203.25033213883224.9696
BINJ-20               11193872671.24612676550771.98382982175565.70031402540079.92865300790220.71056493558700.93536514281058.1216-4412921879.097810927202937.2193
-----------------------------------------------------------------------------------------------------------------------------------------------------

 ====================================================================================================
   THERMO TABLE FOR MOLECULE N2
 ====================================================================================================
   Elemental Composition:
     N 2.0000
   Formation Enthalpy at 298K =          -0.0010 kcal/mol
   Formation Free Gibbs Energy at 298K = -13.6457 kcal/mol
   Molecular Weight =                    28.0140 kg/kmol
 -----------------------------------------------------------------------------------------------------
   Temperature       Cp             H             G            S             DH            DG         
       [K]       [cal/mol/K]    [kcal/mol]    [kcal/mol]  [cal/(mol-K)]  [kcal/mol]     [kcal/mol]    
 -----------------------------------------------------------------------------------------------------
     300.0000      6.9604        0.0129        -13.7373      45.8339       0.0139        -0.0916       
     600.0000      7.1913        2.1264        -28.2986      50.7083       2.1274        -14.6529      
     800.0000      7.5108        3.5954        -38.6599      52.8191       3.5964        -25.0142      
     1000.0000     7.8106        5.1296        -49.4000      54.5296       5.1307        -35.7543      
     1200.0000     8.0389        6.7153        -60.4541      55.9745       6.7163        -46.8084      
     1400.0000     8.2275        8.3425        -71.7771      57.2283       8.3436        -58.1314      
     1600.0000     8.3816        10.0040       -83.3358      58.3374       10.0050       -69.6901      
     1800.0000     8.5062        11.6932       -95.1045      59.3320       11.6943       -81.4588      
     2000.0000     8.6056        13.4048       -107.0624     60.2336       13.4058       -93.4168      
     2200.0000     8.6840        15.1340       -119.1927     61.0576       15.1351       -105.5471     
     2400.0000     8.7454        16.8772       -131.4811     61.8160       16.8783       -117.8354     
     2600.0000     8.7930        18.6313       -143.9154     62.5179       18.6323       -130.2697     
 -----------------------------------------------------------------------------------------------------


 ====================================================================================================
   THERMO TABLE FOR MOLECULE AR
 ====================================================================================================
   Elemental Composition:
     AR 1.0000
   Formation Enthalpy at 298K =          -0.0007 kcal/mol
   Formation Free Gibbs Energy at 298K = -11.0276 kcal/mol
   Molecular Weight =                    39.9480 kg/kmol
 -----------------------------------------------------------------------------------------------------
   Temperature       Cp             H             G            S             DH            DG         
       [K]       [cal/mol/K]    [kcal/mol]    [kcal/mol]  [cal/(mol-K)]  [kcal/mol]     [kcal/mol]    
 -----------------------------------------------------------------------------------------------------
     300.0000      4.9675        0.0092        -11.1016      37.0360       0.0099        -0.0740       
     600.0000      4.9675        1.4994        -22.7881      40.4792       1.5002        -11.7605      
     800.0000      4.9675        2.4929        -31.0336      41.9082       2.4937        -20.0061      
     1000.0000     4.9675        3.4864        -39.5302      43.0167       3.4872        -28.5027      
     1200.0000     4.9675        4.4799        -48.2269      43.9224       4.4807        -37.1993      
     1400.0000     4.9675        5.4734        -57.0899      44.6881       5.4742        -46.0624      
     1600.0000     4.9675        6.4669        -66.0953      45.3514       6.4677        -55.0678      
     1800.0000     4.9675        7.4604        -75.2253      45.9365       7.4612        -64.1977      
     2000.0000     4.9675        8.4539        -84.4659      46.4599       8.4547        -73.4383      
     2200.0000     4.9675        9.4474        -93.8059      46.9333       9.4482        -82.7784      
     2400.0000     4.9675        10.4409       -103.2364     47.3656       10.4417       -92.2089      
     2600.0000     4.9675        11.4344       -112.7499     47.7632       11.4352       -101.7223     
 -----------------------------------------------------------------------------------------------------


 ====================================================================================================
   THERMO TABLE FOR MOLECULE O
 ====================================================================================================
   Elemental Composition:
     O 1.0000
   Formation Enthalpy at 298K =          59.5470 kcal/mol
   Formation Free Gibbs Energy at 298K = 48.0777 kcal/mol
   Molecular Weight =                    15.9990 kg/kmol
 -----------------------------------------------------------------------------------------------------
   Temperature       Cp             H             G            S             DH            DG         
       [K]       [cal/mol/K]    [kcal/mol]    [kcal/mol]  [cal/(mol-K)]  [kcal/mol]     [kcal/mol]    
 -----------------------------------------------------------------------------------------------------
     300.0000      5.2338        59.5575       48.0007       38.5226       0.0105        -0.0770       
     600.0000      5.0516        61.0914       35.8472       42.0737       1.5444        -12.2306      
     800.0000      5.0155        62.0981       27.2805       43.5220       2.5511        -20.7972      
     1000.0000     5.0005        63.0986       18.4602       44.6384       3.5516        -29.6175      
     1200.0000     4.9921        64.0979       9.4387        45.5494       4.5509        -38.6391      
     1400.0000     4.9853        65.0956       0.2499        46.3184       5.5486        -47.8278      
     1600.0000     4.9801        66.0921       -9.0818       46.9837       6.5451        -57.1595      
     1800.0000     4.9769        67.0878       -18.5383      47.5701       7.5408        -66.6161      
     2000.0000     4.9759        68.0830       -28.1057      48.0944       8.5360        -76.1834      
     2200.0000     4.9770        69.0783       -37.7728      48.5687       9.5312        -85.8505      
     2400.0000     4.9805        70.0740       -47.5304      49.0018       10.5270       -95.6082      
     2600.0000     4.9863        71.0706       -57.3712      49.4007       11.5236       -105.4489     
 -----------------------------------------------------------------------------------------------------


 ====================================================================================================
   THERMO TABLE FOR MOLECULE O2
 ====================================================================================================
   Elemental Composition:
     O 2.0000
   Formation Enthalpy at 298K =          -0.0011 kcal/mol
   Formation Free Gibbs Energy at 298K = -14.6099 kcal/mol
   Molecular Weight =                    31.9980 kg/kmol
 -----------------------------------------------------------------------------------------------------
   Temperature       Cp             H             G            S             DH            DG         
       [K]       [cal/mol/K]    [kcal/mol]    [kcal/mol]  [cal/(mol-K)]  [kcal/mol]     [kcal/mol]    
 -----------------------------------------------------------------------------------------------------
     300.0000      7.0232        0.0130        -14.7080      49.0700       0.0140        -0.0981       
     600.0000      7.6672        2.2093        -30.2618      54.1185       2.2104        -15.6519      
     800.0000      8.0655        3.7850        -41.3208      56.3822       3.7861        -26.7109      
     1000.0000     8.3364        5.4265        -52.7861      58.2126       5.4276        -38.1761      
     1200.0000     8.5008        7.1104        -64.5862      59.7472       7.1115        -49.9763      
     1400.0000     8.6528        8.8260        -76.6708      61.0692       8.8270        -62.0609      
     1600.0000     8.7936        10.5708       -89.0034      62.2339       10.5719       -74.3935      
     1800.0000     8.9246        12.3428       -101.5563     63.2773       12.3438       -86.9464      
     2000.0000     9.0467        14.1401       -114.3079     64.2240       14.1411       -99.6980      
     2200.0000     9.1611        15.9609       -127.2407     65.0916       15.9620       -112.6307     
     2400.0000     9.2686        17.8040       -140.3402     65.8934       17.8051       -125.7303     
     2600.0000     9.3701        19.6680       -153.5943     66.6393       19.6690       -138.9844     
 -----------------------------------------------------------------------------------------------------


 ====================================================================================================
   THERMO TABLE FOR MOLECULE H
 ====================================================================================================
   Elemental Composition:
     H 1.0000
   Formation Enthalpy at 298K =          52.0965 kcal/mol
   Formation Free Gibbs Energy at 298K = 43.9275 kcal/mol
   Molecular Weight =                    1.0080 kg/kmol
 -----------------------------------------------------------------------------------------------------
   Temperature       Cp             H             G            S             DH            DG         
       [K]       [cal/mol/K]    [kcal/mol]    [kcal/mol]  [cal/(mol-K)]  [kcal/mol]     [kcal/mol]    
 -----------------------------------------------------------------------------------------------------
     300.0000      4.9675        52.1064       43.8726       27.4460       0.0099        -0.0549       
     600.0000      4.9675        53.5967       35.0631       30.8892       1.5002        -8.8643       
     800.0000      4.9675        54.5902       28.7356       32.3182       2.4937        -15.1919      
     1000.0000     4.9675        55.5837       22.1569       33.4267       3.4872        -21.7705      
     1200.0000     4.9675        56.5772       15.3783       34.3324       4.4807        -28.5492      
     1400.0000     4.9675        57.5707       8.4333        35.0981       5.4742        -35.4942      
     1600.0000     4.9675        58.5642       1.3458        35.7615       6.4677        -42.5816      
     1800.0000     4.9675        59.5577       -5.8661       36.3465       7.4612        -49.7936      
     2000.0000     4.9675        60.5512       -13.1887      36.8699       8.4547        -57.1162      
     2200.0000     4.9675        61.5447       -20.6108      37.3434       9.4482        -64.5382      
     2400.0000     4.9675        62.5382       -28.1233      37.7756       10.4417       -72.0508      
     2600.0000     4.9675        63.5317       -35.7187      38.1732       11.4352       -79.6462      
 -----------------------------------------------------------------------------------------------------


 ====================================================================================================
   THERMO TABLE FOR MOLECULE H2
 ====================================================================================================
   Elemental Composition:
     H 2.0000
   Formation Enthalpy at 298K =          -0.0010 kcal/mol
   Formation Free Gibbs Energy at 298K = -9.3065 kcal/mol
   Molecular Weight =                    2.0160 kg/kmol
 -----------------------------------------------------------------------------------------------------
   Temperature       Cp             H             G            S             DH            DG         
       [K]       [cal/mol/K]    [kcal/mol]    [kcal/mol]  [cal/(mol-K)]  [kcal/mol]     [kcal/mol]    
 -----------------------------------------------------------------------------------------------------
     300.0000      6.8947        0.0128        -9.3690       31.2724       0.0138        -0.0625       
     600.0000      6.9912        2.1084        -19.5585      36.1115       2.1094        -10.2520      
     800.0000      7.0775        3.5124        -26.9920      38.1305       3.5135        -17.6855      
     1000.0000     7.2083        4.9436        -34.7831      39.7267       4.9447        -25.4766      
     1200.0000     7.4297        6.4077        -42.8652      41.0608       6.4087        -33.5588      
     1400.0000     7.6356        7.9145        -51.1959      42.2217       7.9155        -41.8895      
     1600.0000     7.8272        9.4610        -59.7454      43.2540       9.4620        -50.4389      
     1800.0000     8.0056        11.0445       -68.4909      44.1863       11.0455       -59.1844      
     2000.0000     8.1719        12.6624       -77.4145      45.0385       12.6635       -68.1081      
     2200.0000     8.3270        14.3125       -86.5019      45.8247       14.3135       -77.1954      
     2400.0000     8.4717        15.9925       -95.7407      46.5555       15.9935       -86.4343      
     2600.0000     8.6071        17.7005       -105.1209     47.2390       17.7016       -95.8145      
 -----------------------------------------------------------------------------------------------------


 ====================================================================================================
   THERMO TABLE FOR MOLECULE OH
 ====================================================================================================
   Elemental Composition:
     O 1.0000
     H 1.0000
   Formation Enthalpy at 298K =          8.9709 kcal/mol
   Formation Free Gibbs Energy at 298K = -4.1112 kcal/mol
   Molecular Weight =                    17.0070 kg/kmol
 -----------------------------------------------------------------------------------------------------
   Temperature       Cp             H             G            S             DH            DG         
       [K]       [cal/mol/K]    [kcal/mol]    [kcal/mol]  [cal/(mol-K)]  [kcal/mol]     [kcal/mol]    
 -----------------------------------------------------------------------------------------------------
     300.0000      7.1637        8.9852        -4.1990       43.9475       0.0143        -0.0878       
     600.0000      7.0634        11.1080       -18.2057      48.8561       2.1371        -14.0945      
     800.0000      7.1503        12.5282       -28.1905      50.8984       3.5573        -24.0793      
     1000.0000     7.3347        13.9743       -38.5368      52.5110       5.0034        -34.4256      
     1200.0000     7.5693        15.4651       -49.1782      53.8694       6.4942        -45.0670      
     1400.0000     7.7784        17.0003       -60.0729      55.0523       8.0294        -55.9617      
     1600.0000     7.9642        18.5749       -71.1904      56.1033       9.6041        -67.0792      
     1800.0000     8.1289        20.1846       -82.5074      57.0511       11.2137       -78.3962      
     2000.0000     8.2744        21.8252       -94.0053      57.9152       12.8543       -89.8941      
     2200.0000     8.4028        23.4932       -105.6688     58.7100       14.5223       -101.5576     
     2400.0000     8.5158        25.1853       -117.4854     59.4461       16.2144       -113.3742     
     2600.0000     8.6153        26.8986       -129.4439     60.1317       17.9277       -125.3327     
 -----------------------------------------------------------------------------------------------------


 ====================================================================================================
   THERMO TABLE FOR MOLECULE HO2
 ====================================================================================================
   Elemental Composition:
     H 1.0000
     O 2.0000
   Formation Enthalpy at 298K =          2.9984 kcal/mol
   Formation Free Gibbs Energy at 298K = -13.3163 kcal/mol
   Molecular Weight =                    33.0060 kg/kmol
 -----------------------------------------------------------------------------------------------------
   Temperature       Cp             H             G            S             DH            DG         
       [K]       [cal/mol/K]    [kcal/mol]    [kcal/mol]  [cal/(mol-K)]  [kcal/mol]     [kcal/mol]    
 -----------------------------------------------------------------------------------------------------
     300.0000      8.3476        3.0151        -13.4259      54.8032       0.0167        -0.1096       
     600.0000      9.9944        5.7671        -30.8897      61.0946       2.7686        -17.5734      
     800.0000      10.7703       7.8499        -43.4183      64.0852       4.8515        -30.1019      
     1000.0000     11.3792       10.0625       -56.4889      66.5514       7.0641        -43.1726      
     1200.0000     11.8526       12.3864       -70.0159      68.6685       9.3880        -56.6995      
     1400.0000     12.2823       14.8006       -83.9392      70.5285       11.8022       -70.6229      
     1600.0000     12.6703       17.2965       -98.2143      72.1943       14.2981       -84.8980      
     1800.0000     13.0185       19.8661       -112.8068     73.7071       16.8676       -99.4905      
     2000.0000     13.3290       22.5014       -127.6889     75.0952       19.5030       -114.3726     
     2200.0000     13.6036       25.1953       -142.8379     76.3787       22.1968       -129.5216     
     2400.0000     13.8444       27.9406       -158.2344     77.5729       24.9422       -144.9181     
     2600.0000     14.0534       30.7309       -173.8619     78.6895       27.7325       -160.5456     
 -----------------------------------------------------------------------------------------------------


 ====================================================================================================
   THERMO TABLE FOR MOLECULE H2O
 ====================================================================================================
   Elemental Composition:
     H 2.0000
     O 1.0000
   Formation Enthalpy at 298K =          -57.7927 kcal/mol
   Formation Free Gibbs Energy at 298K = -71.2392 kcal/mol
   Molecular Weight =                    18.0150 kg/kmol
 -----------------------------------------------------------------------------------------------------
   Temperature       Cp             H             G            S             DH            DG         
       [K]       [cal/mol/K]    [kcal/mol]    [kcal/mol]  [cal/(mol-K)]  [kcal/mol]     [kcal/mol]    
 -----------------------------------------------------------------------------------------------------
     300.0000      8.0289        -57.7767      -71.3295      45.1760       0.0161        -0.0903       
     600.0000      8.6800        -55.2821      -85.8304      50.9138       2.5107        -14.5912      
     800.0000      9.2565        -53.4890      -96.2802      53.4890       4.3037        -25.0410      
     1000.0000     9.8687        -51.5774      -107.1967     55.6193       6.2153        -35.9575      
     1200.0000     10.5012       -49.5391      -118.5099     57.4757       8.2536        -47.2707      
     1400.0000     11.0589       -47.3819      -130.1740     59.1372       10.4108       -58.9349      
     1600.0000     11.5486       -45.1201      -142.1547     60.6466       12.6726       -70.9155      
     1800.0000     11.9770       -42.7666      -154.4244     62.0322       15.0262       -83.1853      
     2000.0000     12.3502       -40.3330      -166.9606     63.3138       17.4598       -95.7215      
     2200.0000     12.6741       -37.8298      -179.7440     64.5065       19.9630       -108.5049     
     2400.0000     12.9544       -35.2662      -192.7581     65.6216       22.5265       -121.5189     
     2600.0000     13.1963       -32.6506      -205.9881     66.6683       25.1422       -134.7489     
 -----------------------------------------------------------------------------------------------------


 ====================================================================================================
   THERMO TABLE FOR MOLECULE H2O2
 ====================================================================================================
   Elemental Composition:
     H 2.0000
     O 2.0000
   Formation Enthalpy at 298K =          -32.5769 kcal/mol
   Formation Free Gibbs Energy at 298K = -49.2774 kcal/mol
   Molecular Weight =                    34.0140 kg/kmol
 -----------------------------------------------------------------------------------------------------
   Temperature       Cp             H             G            S             DH            DG         
       [K]       [cal/mol/K]    [kcal/mol]    [kcal/mol]  [cal/(mol-K)]  [kcal/mol]     [kcal/mol]    
 -----------------------------------------------------------------------------------------------------
     300.0000      10.1467       -32.5566      -49.3896      56.1099       0.0203        -0.1122       
     600.0000      12.7796       -29.1026      -67.4929      63.9839       3.4743        -18.2155      
     800.0000      13.9815       -26.4182      -80.6877      67.8369       6.1586        -31.4103      
     1000.0000     14.9310       -23.5283      -94.5856      71.0574       9.0486        -45.3082      
     1200.0000     15.6695       -20.4663      -109.0823     73.8466       12.1106       -59.8049      
     1400.0000     16.2995       -17.2677      -124.1027     76.3107       15.3092       -74.8253      
     1600.0000     16.8342       -13.9528      -139.5898     78.5231       18.6240       -90.3124      
     1800.0000     17.2857       -10.5396      -155.4985     80.5327       22.0373       -106.2211     
     2000.0000     17.6657       -7.0433       -171.7917     82.3742       25.5335       -122.5143     
     2200.0000     17.9847       -3.4773       -188.4387     84.0733       29.0995       -139.1613     
     2400.0000     18.2524       0.1471        -205.4129     85.6500       32.7240       -156.1355     
     2600.0000     18.4777       3.8208        -222.6916     87.1201       36.3977       -173.4142     
 -----------------------------------------------------------------------------------------------------


 ====================================================================================================
   THERMO TABLE FOR MOLECULE CO
 ====================================================================================================
   Elemental Composition:
     C 1.0000
     O 1.0000
   Formation Enthalpy at 298K =          -26.4155 kcal/mol
   Formation Free Gibbs Energy at 298K = -40.4908 kcal/mol
   Molecular Weight =                    28.0100 kg/kmol
 -----------------------------------------------------------------------------------------------------
   Temperature       Cp             H             G            S             DH            DG         
       [K]       [cal/mol/K]    [kcal/mol]    [kcal/mol]  [cal/(mol-K)]  [kcal/mol]     [kcal/mol]    
 -----------------------------------------------------------------------------------------------------
     300.0000      6.9646        -26.4016      -40.5853      47.2792       0.0139        -0.0945       
     600.0000      7.2686        -24.2766      -55.5828      52.1771       2.1389        -15.0920      
     800.0000      7.6220        -22.7882      -66.2406      54.3156       3.6273        -25.7498      
     1000.0000     7.9253        -21.2309      -77.2827      56.0517       5.1845        -36.7919      
     1200.0000     8.1418        -19.6235      -88.6433      57.5165       6.7919        -48.1525      
     1400.0000     8.3197        -17.9768      -100.2763     58.7853       8.4387        -59.7855      
     1600.0000     8.4642        -16.2979      -112.1476     59.9061       10.1176       -71.6568      
     1800.0000     8.5802        -14.5930      -124.2309     60.9100       11.8225       -83.7401      
     2000.0000     8.6721        -12.8674      -136.5053     61.8189       13.5481       -96.0145      
     2200.0000     8.7440        -11.1255      -148.9533     62.6490       15.2900       -108.4625     
     2400.0000     8.7998        -9.3709       -161.5604     63.4123       17.0446       -121.0696     
     2600.0000     8.8427        -7.6064       -174.3144     64.1184       18.8090       -133.8236     
 -----------------------------------------------------------------------------------------------------


 ====================================================================================================
   THERMO TABLE FOR MOLECULE CO2
 ====================================================================================================
   Elemental Composition:
     C 1.0000
     O 2.0000
   Formation Enthalpy at 298K =          -94.0423 kcal/mol
   Formation Free Gibbs Energy at 298K = -109.2660 kcal/mol
   Molecular Weight =                    44.0090 kg/kmol
 -----------------------------------------------------------------------------------------------------
   Temperature       Cp             H             G            S             DH            DG         
       [K]       [cal/mol/K]    [kcal/mol]    [kcal/mol]  [cal/(mol-K)]  [kcal/mol]     [kcal/mol]    
 -----------------------------------------------------------------------------------------------------
     300.0000      8.8943        -94.0245      -109.3683     51.1458       0.0178        -0.1022       
     600.0000      11.3172       -90.9572      -125.8386     58.1358       3.0851        -16.5726      
     800.0000      12.2908       -88.5901      -137.8172     61.5340       5.4522        -28.5512      
     1000.0000     12.9817       -86.0597      -150.4140     64.3543       7.9826        -41.1480      
     1200.0000     13.4129       -83.4188      -163.5315     66.7605       10.6235       -54.2654      
     1400.0000     13.7649       -80.6998      -177.0975     68.8555       13.3425       -67.8315      
     1600.0000     14.0486       -77.9174      -191.0579     70.7128       16.1249       -81.7918      
     1800.0000     14.2739       -75.0843      -205.3701     72.3810       18.9580       -96.1041      
     2000.0000     14.4501       -72.2111      -220.0000     73.8944       21.8311       -110.7340     
     2200.0000     14.5861       -69.3069      -234.9192     75.2783       24.7354       -125.6532     
     2400.0000     14.6896       -66.3789      -250.1040     76.5521       27.6634       -140.8380     
     2600.0000     14.7680       -63.4327      -265.5338     77.7312       30.6095       -156.2678     
 -----------------------------------------------------------------------------------------------------


 ====================================================================================================
   THERMO TABLE FOR MOLECULE CH
 ====================================================================================================
   Elemental Composition:
     C 1.0000
     H 1.0000
   Formation Enthalpy at 298K =          142.7507 kcal/mol
   Formation Free Gibbs Energy at 298K = 129.7165 kcal/mol
   Molecular Weight =                    13.0190 kg/kmol
 -----------------------------------------------------------------------------------------------------
   Temperature       Cp             H             G            S             DH            DG         
       [K]       [cal/mol/K]    [kcal/mol]    [kcal/mol]  [cal/(mol-K)]  [kcal/mol]     [kcal/mol]    
 -----------------------------------------------------------------------------------------------------
     300.0000      6.9723        142.7646      129.6290      43.7854       0.0139        -0.0875       
     600.0000      7.1073        144.8691      115.6834      48.6428       2.1184        -14.0331      
     800.0000      7.3738        146.3151      105.7384      50.7209       3.5644        -23.9782      
     1000.0000     7.7110        147.8236      95.4210       52.4025       5.0729        -34.2955      
     1200.0000     8.0717        149.4023      84.7935       53.8407       6.6516        -44.9231      
     1400.0000     8.4048        151.0504      73.8959       55.1103       8.2997        -55.8206      
     1600.0000     8.7066        152.7621      62.7578       56.2527       10.0114       -66.9587      
     1800.0000     8.9748        154.5308      51.4016       57.2940       11.7801       -78.3149      
     2000.0000     9.2084        156.3497      39.8457       58.2520       13.5990       -89.8708      
     2200.0000     9.4075        158.2119      28.1055       59.1393       15.4612       -101.6110     
     2400.0000     9.5738        160.1105      16.1941       59.9652       17.3598       -113.5224     
     2600.0000     9.7104        162.0394      4.1230        60.7371       19.2887       -125.5935     
 -----------------------------------------------------------------------------------------------------


 ====================================================================================================
   THERMO TABLE FOR MOLECULE CH2
 ====================================================================================================
   Elemental Composition:
     C 1.0000
     H 2.0000
   Formation Enthalpy at 298K =          93.7590 kcal/mol
   Formation Free Gibbs Energy at 298K = 79.9144 kcal/mol
   Molecular Weight =                    14.0270 kg/kmol
 -----------------------------------------------------------------------------------------------------
   Temperature       Cp             H             G            S             DH            DG         
       [K]       [cal/mol/K]    [kcal/mol]    [kcal/mol]  [cal/(mol-K)]  [kcal/mol]     [kcal/mol]    
 -----------------------------------------------------------------------------------------------------
     300.0000      8.3744        93.7757       79.8215       46.5141       0.0167        -0.0930       
     600.0000      9.4125        96.4465       64.8604       52.6434       2.6875        -15.0540      
     800.0000      10.0264       98.3912       54.0420       55.4365       4.6322        -25.8724      
     1000.0000     10.6562       100.4578      42.7181       57.7397       6.6989        -37.1963      
     1200.0000     11.2137       102.6466      30.9665       59.7335       8.8877        -48.9480      
     1400.0000     11.6703       104.9366      18.8400       61.4976       11.1776       -61.0745      
     1600.0000     12.0414       107.3091      6.3794        63.0810       13.5501       -73.5350      
     1800.0000     12.3411       109.7484      -6.3826       64.5172       15.9894       -86.2971      
     2000.0000     12.5820       112.2416      -19.4193      65.8304       18.4826       -99.3337      
     2200.0000     12.7754       114.7781      -32.7078      67.0390       21.0191       -112.6223     
     2400.0000     12.9310       117.3493      -46.2289      68.1576       23.5903       -126.1433     
     2600.0000     13.0572       119.9485      -59.9656      69.1977       26.1895       -139.8801     
 -----------------------------------------------------------------------------------------------------


 ====================================================================================================
   THERMO TABLE FOR MOLECULE CH2S
 ====================================================================================================
   Elemental Composition:
     C 1.0000
     H 2.0000
   Formation Enthalpy at 298K =          102.7344 kcal/mol
   Formation Free Gibbs Energy at 298K = 89.2601 kcal/mol
   Molecular Weight =                    14.0270 kg/kmol
 -----------------------------------------------------------------------------------------------------
   Temperature       Cp             H             G            S             DH            DG         
       [K]       [cal/mol/K]    [kcal/mol]    [kcal/mol]  [cal/(mol-K)]  [kcal/mol]     [kcal/mol]    
 -----------------------------------------------------------------------------------------------------
     300.0000      8.0766        102.7505      89.1696       45.2699       0.0161        -0.0905       
     600.0000      9.0402        105.3036      74.6254       51.1303       2.5692        -14.6346      
     800.0000      9.8277        107.1906      64.1193       53.8392       4.4562        -25.1408      
     1000.0000     10.5707       109.2314      53.1184       56.1130       6.4970        -36.1417      
     1200.0000     11.1940       111.4102      41.6932       58.0975       8.6758        -47.5669      
     1400.0000     11.6898       113.7005      29.8940       59.8618       10.9661       -59.3661      
     1600.0000     12.0811       116.0792      17.7602       61.4493       13.3448       -71.4998      
     1800.0000     12.3882       118.5273      5.3240        62.8908       15.7929       -83.9361      
     2000.0000     12.6290       121.0300      -7.3879       64.2090       18.2956       -96.6479      
     2200.0000     12.8188       123.5756      -20.3526      65.4219       20.8412       -109.6127     
     2400.0000     12.9702       126.1550      -33.5506      66.5440       23.4206       -122.8107     
     2600.0000     13.0933       128.7618      -46.9649      67.5872       26.0274       -136.2250     
 -----------------------------------------------------------------------------------------------------


 ====================================================================================================
   THERMO TABLE FOR MOLECULE CH3
 ====================================================================================================
   Elemental Composition:
     C 1.0000
     H 3.0000
   Formation Enthalpy at 298K =          35.0571 kcal/mol
   Formation Free Gibbs Energy at 298K = 21.2420 kcal/mol
   Molecular Weight =                    15.0350 kg/kmol
 -----------------------------------------------------------------------------------------------------
   Temperature       Cp             H             G            S             DH            DG         
       [K]       [cal/mol/K]    [kcal/mol]    [kcal/mol]  [cal/(mol-K)]  [kcal/mol]     [kcal/mol]    
 -----------------------------------------------------------------------------------------------------
     300.0000      9.1952        35.0755       21.1492       46.4209       0.0184        -0.0928       
     600.0000      11.5012       38.1837       6.0776        53.5101       3.1265        -15.1644      
     800.0000      12.8625       40.6231       -4.9846       57.0097       5.5660        -26.2266      
     1000.0000     14.0874       43.3191       -16.6935      60.0126       8.2620        -37.9355      
     1200.0000     15.0705       46.2378       -28.9669      62.6706       11.1807       -50.2089      
     1400.0000     15.8908       49.3365       -41.7437      65.0573       14.2794       -62.9857      
     1600.0000     16.5685       52.5846       -54.9752      67.2249       17.5275       -76.2172      
     1800.0000     17.1229       55.9557       -68.6215      69.2095       20.8986       -89.8635      
     2000.0000     17.5715       59.4267       -82.6486      71.0377       24.3696       -103.8906     
     2200.0000     17.9306       62.9783       -97.0275      72.7299       27.9212       -118.2695     
     2400.0000     18.2153       66.5940       -111.7326     74.3028       31.5369       -132.9746     
     2600.0000     18.4392       70.2604       -126.7416     75.7700       35.2033       -147.9835     
 -----------------------------------------------------------------------------------------------------


 ====================================================================================================
   THERMO TABLE FOR MOLECULE CH4
 ====================================================================================================
   Elemental Composition:
     C 1.0000
     H 4.0000
   Formation Enthalpy at 298K =          -17.8292 kcal/mol
   Formation Free Gibbs Energy at 298K = -31.1005 kcal/mol
   Molecular Weight =                    16.0430 kg/kmol
 -----------------------------------------------------------------------------------------------------
   Temperature       Cp             H             G            S             DH            DG         
       [K]       [cal/mol/K]    [kcal/mol]    [kcal/mol]  [cal/(mol-K)]  [kcal/mol]     [kcal/mol]    
 -----------------------------------------------------------------------------------------------------
     300.0000      8.5461        -17.8121      -31.1896      44.5918       0.0171        -0.0891       
     600.0000      12.6016       -14.6797      -45.6791      51.6657       3.1495        -14.5786      
     800.0000      15.2945       -11.8810      -56.4192      55.6726       5.9481        -25.3187      
     1000.0000     17.5930       -8.5910       -67.9249      59.3339       9.2382        -36.8244      
     1200.0000     19.3614       -4.8907       -80.1334      62.7023       12.9385       -49.0329      
     1400.0000     20.8569       -0.8646       -92.9880      65.8024       16.9645       -61.8875      
     1600.0000     22.1148       3.4362        -106.4390     68.6720       21.2654       -75.3385      
     1800.0000     23.1680       7.9676        -120.4433     71.3394       25.7968       -89.3428      
     2000.0000     24.0472       12.6918       -134.9628     73.8273       30.5210       -103.8623     
     2200.0000     24.7805       17.5768       -149.9636     76.1547       35.4060       -118.8631     
     2400.0000     25.3936       22.5960       -165.4151     78.3380       40.4252       -134.3146     
     2600.0000     25.9099       27.7278       -181.2901     80.3915       45.5570       -150.1896     
 -----------------------------------------------------------------------------------------------------


 ====================================================================================================
   THERMO TABLE FOR MOLECULE CH2OH
 ====================================================================================================
   Elemental Composition:
     C 1.0000
     H 3.0000
     O 1.0000
   Formation Enthalpy at 298K =          -4.2556 kcal/mol
   Formation Free Gibbs Energy at 298K = -22.3323 kcal/mol
   Molecular Weight =                    31.0340 kg/kmol
 -----------------------------------------------------------------------------------------------------
   Temperature       Cp             H             G            S             DH            DG         
       [K]       [cal/mol/K]    [kcal/mol]    [kcal/mol]  [cal/(mol-K)]  [kcal/mol]     [kcal/mol]    
 -----------------------------------------------------------------------------------------------------
     300.0000      11.9131       -4.2318       -22.4537      60.7395       0.0238        -0.1214       
     600.0000      15.3151       -0.1350       -42.1760      70.0683       4.1206        -19.8437      
     800.0000      17.0785       3.1125        -56.6694      74.7274       7.3681        -34.3372      
     1000.0000     18.5208       6.6738        -72.0211      78.6948       10.9294       -49.6888      
     1200.0000     19.6115       10.4903       -88.1149      82.1710       14.7459       -65.7826      
     1400.0000     20.5186       14.5061       -104.8641     85.2644       18.7618       -82.5318      
     1600.0000     21.2653       18.6870       -122.2005     88.0547       22.9426       -99.8682      
     1800.0000     21.8734       23.0030       -140.0694     90.5958       27.2586       -117.7371     
     2000.0000     22.3630       27.4285       -158.4248     92.9267       31.6841       -136.0926     
     2200.0000     22.7528       31.9416       -177.2280     95.0771       36.1972       -154.8957     
     2400.0000     23.0598       36.5241       -196.4452     97.0705       40.7797       -174.1129     
     2600.0000     23.2993       41.1610       -216.0470     98.9262       45.4166       -193.7148     
 -----------------------------------------------------------------------------------------------------


 ====================================================================================================
   THERMO TABLE FOR MOLECULE CH3OH
 ====================================================================================================
   Elemental Composition:
     C 1.0000
     H 4.0000
     O 1.0000
   Formation Enthalpy at 298K =          -48.0365 kcal/mol
   Formation Free Gibbs Energy at 298K = -65.1735 kcal/mol
   Molecular Weight =                    32.0420 kg/kmol
 -----------------------------------------------------------------------------------------------------
   Temperature       Cp             H             G            S             DH            DG         
       [K]       [cal/mol/K]    [kcal/mol]    [kcal/mol]  [cal/(mol-K)]  [kcal/mol]     [kcal/mol]    
 -----------------------------------------------------------------------------------------------------
     300.0000      10.2847       -48.0159      -65.2886      57.5754       0.0205        -0.1151       
     600.0000      15.9810       -44.0908      -83.9388      66.4134       3.9457        -18.7653      
     800.0000      18.9987       -40.5735      -97.7350      71.4518       7.4630        -32.5615      
     1000.0000     21.3790       -36.5385      -112.4825     75.9440       11.4979       -47.3091      
     1200.0000     23.0689       -32.0885      -128.0837     79.9960       15.9480       -62.9102      
     1400.0000     24.4653       -27.3305      -144.4552     83.6605       20.7059       -79.2817      
     1600.0000     25.6060       -22.3195      -161.5266     87.0044       25.7170       -96.3531      
     1800.0000     26.5268       -17.1028      -179.2388     90.0756       30.9337       -114.0653     
     2000.0000     27.2604       -11.7212      -197.5410     92.9099       36.3153       -132.3675     
     2200.0000     27.8372       -6.2091       -216.3889     95.5363       41.8274       -151.2154     
     2400.0000     28.2848       -0.5949       -235.7433     97.9785       47.4416       -170.5698     
     2600.0000     28.6281       5.0979        -255.5694     100.2566      53.1344       -190.3959     
 -----------------------------------------------------------------------------------------------------


 ====================================================================================================
   THERMO TABLE FOR MOLECULE HCO
 ====================================================================================================
   Elemental Composition:
     H 1.0000
     C 1.0000
     O 1.0000
   Formation Enthalpy at 298K =          10.0359 kcal/mol
   Formation Free Gibbs Energy at 298K = -5.9391 kcal/mol
   Molecular Weight =                    29.0180 kg/kmol
 -----------------------------------------------------------------------------------------------------
   Temperature       Cp             H             G            S             DH            DG         
       [K]       [cal/mol/K]    [kcal/mol]    [kcal/mol]  [cal/(mol-K)]  [kcal/mol]     [kcal/mol]    
 -----------------------------------------------------------------------------------------------------
     300.0000      8.2736        10.0525       -6.0464       53.6629       0.0165        -0.1073       
     600.0000      9.7797        12.7498       -23.1509      59.8344       2.7139        -17.2117      
     800.0000      10.7396       14.8054       -35.4223      62.7845       4.7695        -29.4831      
     1000.0000     11.4858       17.0307       -48.2336      65.2643       6.9947        -42.2945      
     1200.0000     11.9724       19.3780       -61.5053      67.4028       9.3421        -55.5662      
     1400.0000     12.3712       21.8138       -75.1773      69.2794       11.7779       -69.2382      
     1600.0000     12.6942       24.3215       -89.2036      70.9532       14.2856       -83.2645      
     1800.0000     12.9528       26.8872       -103.5477     72.4638       16.8513       -97.6086      
     2000.0000     13.1574       29.4990       -118.1801     73.8396       19.4631       -112.2410     
     2200.0000     13.3173       32.1471       -133.0760     75.1014       22.1112       -127.1369     
     2400.0000     13.4413       34.8235       -148.2142     76.2657       24.7876       -142.2751     
     2600.0000     13.5372       37.5218       -163.5767     77.3456       27.4859       -157.6375     
 -----------------------------------------------------------------------------------------------------


 ====================================================================================================
   THERMO TABLE FOR MOLECULE C2H
 ====================================================================================================
   Elemental Composition:
     C 2.0000
     H 1.0000
   Formation Enthalpy at 298K =          135.0002 kcal/mol
   Formation Free Gibbs Energy at 298K = 120.2333 kcal/mol
   Molecular Weight =                    25.0300 kg/kmol
 -----------------------------------------------------------------------------------------------------
   Temperature       Cp             H             G            S             DH            DG         
       [K]       [cal/mol/K]    [kcal/mol]    [kcal/mol]  [cal/(mol-K)]  [kcal/mol]     [kcal/mol]    
 -----------------------------------------------------------------------------------------------------
     300.0000      8.9032        135.0180      120.1341      49.6131       0.0178        -0.0992       
     600.0000      10.7237       137.9875      104.1467      56.4014       2.9872        -16.0866      
     800.0000      11.5377       140.2170      92.5348       59.6027       5.2167        -27.6984      
     1000.0000     12.1754       142.5911      80.3422       62.2489       7.5909        -39.8911      
     1200.0000     12.6816       145.0782      67.6605       64.5147       10.0779       -52.5728      
     1400.0000     13.1163       147.6590      54.5547       66.5031       12.6588       -65.6785      
     1600.0000     13.4938       150.3209      41.0734       68.2797       15.3206       -79.1599      
     1800.0000     13.8265       153.0535      27.2540       69.8886       18.0533       -92.9793      
     2000.0000     14.1246       155.8492      13.1270       71.3611       20.8489       -107.1063     
     2200.0000     14.3965       158.7017      -1.2829       72.7202       23.7014       -121.5162     
     2400.0000     14.6481       161.6064      -15.9548      73.9838       26.6062       -136.1880     
     2600.0000     14.8836       164.5598      -30.8710      75.1657       29.5596       -151.1042     
 -----------------------------------------------------------------------------------------------------


 ====================================================================================================
   THERMO TABLE FOR MOLECULE C2H2
 ====================================================================================================
   Elemental Composition:
     C 2.0000
     H 2.0000
   Formation Enthalpy at 298K =          54.5336 kcal/mol
   Formation Free Gibbs Energy at 298K = 40.2267 kcal/mol
   Molecular Weight =                    26.0380 kg/kmol
 -----------------------------------------------------------------------------------------------------
   Temperature       Cp             H             G            S             DH            DG         
       [K]       [cal/mol/K]    [kcal/mol]    [kcal/mol]  [cal/(mol-K)]  [kcal/mol]     [kcal/mol]    
 -----------------------------------------------------------------------------------------------------
     300.0000      10.5473       54.5547       40.1306       48.0802       0.0211        -0.0961       
     600.0000      13.8872       58.2937       24.3418       56.5864       3.7600        -15.8849      
     800.0000      15.1585       61.2029       12.5930       60.7624       6.6693        -27.6337      
     1000.0000     16.2290       64.3451       0.0814        64.2637       9.8115        -40.1453      
     1200.0000     17.1226       67.6832       -13.0819      67.3042       13.1496       -53.3086      
     1400.0000     17.8566       71.1835       -26.8174      70.0007       16.6499       -67.0442      
     1600.0000     18.4578       74.8170       -41.0641      72.4257       20.2834       -81.2909      
     1800.0000     18.9499       78.5594       -55.7730      74.6291       24.0258       -95.9997      
     2000.0000     19.3542       82.3911       -70.9034      76.6473       27.8575       -111.1302     
     2200.0000     19.6891       86.2964       -86.4214      78.5081       31.7628       -126.6481     
     2400.0000     19.9701       90.2631       -102.2977     80.2337       35.7295       -142.5244     
     2600.0000     20.2103       94.2818       -118.5070     81.8419       39.7482       -158.7338     
 -----------------------------------------------------------------------------------------------------


 ====================================================================================================
   THERMO TABLE FOR MOLECULE C2H3
 ====================================================================================================
   Elemental Composition:
     C 2.0000
     H 3.0000
   Formation Enthalpy at 298K =          71.6302 kcal/mol
   Formation Free Gibbs Energy at 298K = 54.9706 kcal/mol
   Molecular Weight =                    27.0460 kg/kmol
 -----------------------------------------------------------------------------------------------------
   Temperature       Cp             H             G            S             DH            DG         
       [K]       [cal/mol/K]    [kcal/mol]    [kcal/mol]  [cal/(mol-K)]  [kcal/mol]     [kcal/mol]    
 -----------------------------------------------------------------------------------------------------
     300.0000      10.4647       71.6511       54.8588       55.9746       0.0209        -0.1119       
     600.0000      15.5845       75.6044       36.6634       64.9018       3.9742        -18.3073      
     800.0000      17.7327       78.9525       23.1902       69.7028       7.3222        -31.7804      
     1000.0000     19.4233       82.6644       8.8270        73.8375       11.0342       -46.1437      
     1200.0000     20.5995       86.6704       -6.3129       77.4861       15.0402       -61.2835      
     1400.0000     21.5681       90.8904       -22.1410      80.7367       19.2602       -77.1117      
     1600.0000     22.3563       95.2856       -38.5865      83.6701       23.6554       -93.5571      
     1800.0000     22.9894       99.8226       -55.5916      86.3412       28.1923       -110.5622     
     2000.0000     23.4910       104.4726      -73.1082      88.7904       32.8424       -128.0788     
     2200.0000     23.8824       109.2116      -91.0951      91.0485       37.5814       -146.0657     
     2400.0000     24.1836       114.0196      -109.5165     93.1400       42.3893       -164.4871     
     2600.0000     24.4123       118.8802      -128.3413     95.0852       47.2500       -183.3120     
 -----------------------------------------------------------------------------------------------------


 ====================================================================================================
   THERMO TABLE FOR MOLECULE C2H4
 ====================================================================================================
   Elemental Composition:
     C 2.0000
     H 4.0000
   Formation Enthalpy at 298K =          12.5449 kcal/mol
   Formation Free Gibbs Energy at 298K = -3.0728 kcal/mol
   Molecular Weight =                    28.0540 kg/kmol
 -----------------------------------------------------------------------------------------------------
   Temperature       Cp             H             G            S             DH            DG         
       [K]       [cal/mol/K]    [kcal/mol]    [kcal/mol]  [cal/(mol-K)]  [kcal/mol]     [kcal/mol]    
 -----------------------------------------------------------------------------------------------------
     300.0000      10.2892       12.5654       -3.1777       52.4772       0.0205        -0.1049       
     600.0000      16.9529       16.6763       -20.3469      61.7054       4.1314        -17.2741      
     800.0000      20.0514       20.3992       -33.2321      67.0390       7.8543        -30.1592      
     1000.0000     22.4874       24.6481       -47.1217      71.7698       12.1032       -44.0488      
     1200.0000     24.3019       29.3344       -61.9098      76.0368       16.7895       -58.8369      
     1400.0000     25.7186       34.3424       -77.5091      79.8939       21.7975       -74.4362      
     1600.0000     26.8158       39.6006       -93.8441      83.4029       27.0556       -90.7713      
     1800.0000     27.6617       45.0520       -110.8503     86.6124       32.5071       -107.7775     
     2000.0000     28.3155       50.6525       -128.4718     89.5621       38.1076       -125.3989     
     2200.0000     28.8262       56.3686       -146.6601     92.2858       43.8237       -143.5873     
     2400.0000     29.2337       62.1761       -165.3730     94.8121       49.6312       -162.3001     
     2600.0000     29.5681       68.0573       -184.5734     97.1657       55.5124       -181.5006     
 -----------------------------------------------------------------------------------------------------


 ====================================================================================================
   THERMO TABLE FOR MOLECULE C2H5
 ====================================================================================================
   Elemental Composition:
     C 2.0000
     H 5.0000
   Formation Enthalpy at 298K =          28.3551 kcal/mol
   Formation Free Gibbs Energy at 298K = 10.7581 kcal/mol
   Molecular Weight =                    29.0620 kg/kmol
 -----------------------------------------------------------------------------------------------------
   Temperature       Cp             H             G            S             DH            DG         
       [K]       [cal/mol/K]    [kcal/mol]    [kcal/mol]  [cal/(mol-K)]  [kcal/mol]     [kcal/mol]    
 -----------------------------------------------------------------------------------------------------
     300.0000      12.1085       28.3793       10.6400       59.1311       0.0242        -0.1182       
     600.0000      19.3492       33.1206       -8.7555       69.7936       4.7655        -19.5137      
     800.0000      22.9314       37.3700       -23.3350      75.8813       9.0149        -34.0931      
     1000.0000     25.7762       42.2401       -39.0632      81.3033       13.8850       -49.8213      
     1200.0000     27.9266       47.6191       -55.8219      86.2009       19.2640       -66.5801      
     1400.0000     29.6045       53.3793       -73.5128      90.6372       25.0242       -84.2709      
     1600.0000     30.9027       59.4356       -92.0505      94.6788       31.0805       -102.8087     
     1800.0000     31.9026       65.7205       -111.3616     98.3789       37.3654       -122.1197     
     2000.0000     32.6744       72.1815       -131.3823     101.7819      43.8264       -142.1404     
     2200.0000     33.2767       78.7790       -152.0571     104.9255      50.4239       -162.8152     
     2400.0000     33.7566       85.4840       -173.3374     107.8423      57.1289       -184.0955     
     2600.0000     34.1502       92.2759       -195.1807     110.5602      63.9208       -205.9389     
 -----------------------------------------------------------------------------------------------------


 ====================================================================================================
   THERMO TABLE FOR MOLECULE C2H6
 ====================================================================================================
   Elemental Composition:
     C 2.0000
     H 6.0000
   Formation Enthalpy at 298K =          -20.0407 kcal/mol
   Formation Free Gibbs Energy at 298K = -36.3630 kcal/mol
   Molecular Weight =                    30.0700 kg/kmol
 -----------------------------------------------------------------------------------------------------
   Temperature       Cp             H             G            S             DH            DG         
       [K]       [cal/mol/K]    [kcal/mol]    [kcal/mol]  [cal/(mol-K)]  [kcal/mol]     [kcal/mol]    
 -----------------------------------------------------------------------------------------------------
     300.0000      12.5989       -20.0156      -36.4727      54.8570       0.0251        -0.1096       
     600.0000      21.3594       -14.9010      -54.6934      66.3207       5.1397        -18.3304      
     800.0000      25.8035       -10.1595      -68.6477      73.1103       9.8812        -32.2847      
     1000.0000     29.3195       -4.6460       -83.8934      79.2473       15.3947       -47.5303      
     1200.0000     31.9695       1.4937        -100.3107     84.8371       21.5344       -63.9477      
     1400.0000     34.0307       8.1025        -117.7949     89.9267       28.1433       -81.4318      
     1600.0000     35.6201       15.0746       -136.2523     94.5793       35.1153       -99.8893      
     1800.0000     36.8401       22.3260       -155.6011     98.8484       42.3667       -119.2380     
     2000.0000     37.7786       29.7919       -175.7692     102.7806      49.8326       -139.4062     
     2200.0000     38.5092       37.4236       -196.6936     106.4169      57.4643       -160.3305     
     2400.0000     39.0906       45.1857       -218.3187     109.7935      65.2264       -181.9556     
     2600.0000     39.5675       53.0529       -240.5958     112.9418      73.0936       -204.2327     
 -----------------------------------------------------------------------------------------------------


 ====================================================================================================
   THERMO TABLE FOR MOLECULE HCCO
 ====================================================================================================
   Elemental Composition:
     C 2.0000
     H 1.0000
     O 1.0000
   Formation Enthalpy at 298K =          42.3937 kcal/mol
   Formation Free Gibbs Energy at 298K = 24.9270 kcal/mol
   Molecular Weight =                    41.0290 kg/kmol
 -----------------------------------------------------------------------------------------------------
   Temperature       Cp             H             G            S             DH            DG         
       [K]       [cal/mol/K]    [kcal/mol]    [kcal/mol]  [cal/(mol-K)]  [kcal/mol]     [kcal/mol]    
 -----------------------------------------------------------------------------------------------------
     300.0000      11.5983       42.4168       24.8097       58.6903       0.0232        -0.1173       
     600.0000      14.6618       46.4150       5.7315        67.8059       4.0214        -19.1955      
     800.0000      15.8149       49.4693       -8.2837       72.1913       7.0756        -33.2107      
     1000.0000     16.6653       52.7215       -23.0948      75.8163       10.3279       -48.0218      
     1200.0000     17.2535       56.1153       -38.5748      78.9084       13.7216       -63.5019      
     1400.0000     17.7376       59.6160       -54.6319      81.6057       17.2223       -79.5590      
     1600.0000     18.1312       63.2043       -71.1970      84.0008       20.8106       -96.1241      
     1800.0000     18.4472       66.8633       -88.2163      86.1553       24.4696       -113.1433     
     2000.0000     18.6974       70.5788       -105.6460     88.1124       28.1851       -130.5731     
     2200.0000     18.8925       74.3386       -123.4502     89.9040       31.9449       -148.3772     
     2400.0000     19.0424       78.1328       -141.5982     91.5546       35.7391       -166.5253     
     2600.0000     19.1562       81.9531       -160.0639     93.0835       39.5595       -184.9910     
 -----------------------------------------------------------------------------------------------------


 ====================================================================================================
   THERMO TABLE FOR MOLECULE HCCOH
 ====================================================================================================
   Elemental Composition:
     C 2.0000
     H 2.0000
     O 1.0000
   Formation Enthalpy at 298K =          22.2675 kcal/mol
   Formation Free Gibbs Energy at 298K = 4.5267 kcal/mol
   Molecular Weight =                    42.0370 kg/kmol
 -----------------------------------------------------------------------------------------------------
   Temperature       Cp             H             G            S             DH            DG         
       [K]       [cal/mol/K]    [kcal/mol]    [kcal/mol]  [cal/(mol-K)]  [kcal/mol]     [kcal/mol]    
 -----------------------------------------------------------------------------------------------------
     300.0000      13.7540       22.2950       4.4075        59.6249       0.0275        -0.1192       
     600.0000      17.6245       27.0794       -15.2359      70.5255       4.8119        -19.7626      
     800.0000      19.1769       30.7655       -29.8880      75.8169       8.4979        -34.4147      
     1000.0000     20.3905       34.7292       -45.5050      80.2343       12.4617       -50.0317      
     1200.0000     21.3188       38.9029       -61.9408      84.0365       16.6354       -66.4675      
     1400.0000     22.0921       43.2464       -79.0893      87.3827       20.9789       -83.6160      
     1600.0000     22.7301       47.7308       -96.8704      90.3757       25.4632       -101.3971     
     1800.0000     23.2510       52.3307       -115.2207     93.0841       30.0632       -119.7474     
     2000.0000     23.6716       57.0245       -134.0884     95.5564       34.7569       -138.6150     
     2200.0000     24.0076       61.7937       -153.4300     97.8289       39.5261       -157.9566     
     2400.0000     24.2732       66.6228       -173.2085     99.9297       44.3553       -177.7352     
     2600.0000     24.4816       71.4991       -193.3919     101.8812      49.2316       -197.9186     
 -----------------------------------------------------------------------------------------------------


 ====================================================================================================
   THERMO TABLE FOR MOLECULE CH2CO
 ====================================================================================================
   Elemental Composition:
     C 2.0000
     H 2.0000
     O 1.0000
   Formation Enthalpy at 298K =          -11.4006 kcal/mol
   Formation Free Gibbs Energy at 298K = -28.6257 kcal/mol
   Molecular Weight =                    42.0370 kg/kmol
 -----------------------------------------------------------------------------------------------------
   Temperature       Cp             H             G            S             DH            DG         
       [K]       [cal/mol/K]    [kcal/mol]    [kcal/mol]  [cal/(mol-K)]  [kcal/mol]     [kcal/mol]    
 -----------------------------------------------------------------------------------------------------
     300.0000      12.4024       -11.3759      -28.7413      57.8850       0.0248        -0.1157       
     600.0000      16.8937       -6.9164       -47.7217      68.0089       4.4842        -19.0961      
     800.0000      18.7916       -3.3380       -61.8524      73.1430       8.0626        -33.2268      
     1000.0000     20.2466       0.5711        -76.9274      77.4984       11.9717       -48.3017      
     1200.0000     21.2732       4.7263        -92.8139      81.2835       16.1269       -64.1883      
     1400.0000     22.1182       9.0682        -109.4115     84.6284       20.4688       -80.7859      
     1600.0000     22.8055       13.5630       -126.6424     87.6284       24.9637       -98.0167      
     1800.0000     23.3573       18.1814       -144.4442     90.3476       29.5820       -115.8186     
     2000.0000     23.7941       22.8983       -162.7658     92.8320       34.2989       -134.1401     
     2200.0000     24.1349       27.6927       -181.5637     95.1165       39.0933       -152.9381     
     2400.0000     24.3967       32.5470       -200.8009     97.2283       43.9476       -172.1752     
     2600.0000     24.5954       37.4471       -220.4450     99.1893       48.8478       -191.8193     
 -----------------------------------------------------------------------------------------------------


 ====================================================================================================
   THERMO TABLE FOR MOLECULE CH3HCO
 ====================================================================================================
   Elemental Composition:
     C 2.0000
     H 4.0000
     O 1.0000
   Formation Enthalpy at 298K =          -39.7180 kcal/mol
   Formation Free Gibbs Energy at 298K = -58.5137 kcal/mol
   Molecular Weight =                    44.0530 kg/kmol
 -----------------------------------------------------------------------------------------------------
   Temperature       Cp             H             G            S             DH            DG         
       [K]       [cal/mol/K]    [kcal/mol]    [kcal/mol]  [cal/(mol-K)]  [kcal/mol]     [kcal/mol]    
 -----------------------------------------------------------------------------------------------------
     300.0000      13.2650       -39.6916      -58.6399      63.1611       0.0265        -0.1262       
     600.0000      20.5799       -34.5898      -79.3818      74.6534       5.1282        -20.8682      
     800.0000      24.1646       -30.0932      -94.9705      81.0967       9.6249        -36.4568      
     1000.0000     26.9111       -24.9836      -111.7699     86.7863       14.7345       -53.2562      
     1200.0000     28.7765       -19.4088      -129.6446     91.8631       20.3092       -71.1309      
     1400.0000     30.3048       -13.4955      -148.4804     96.4178       26.2226       -89.9668      
     1600.0000     31.5408       -7.3064       -168.1835     100.5482      32.4117       -109.6698     
     1800.0000     32.5264       -0.8958       -188.6760     104.3223      38.8222       -130.1623     
     2000.0000     33.3002       5.6901        -209.8921     107.7911      45.4081       -151.3784     
     2200.0000     33.8976       12.4125       -231.7747     110.9942      52.1305       -173.2611     
     2400.0000     34.3511       19.2395       -254.2742     113.9640      58.9575       -195.7605     
     2600.0000     34.6899       26.1453       -277.3466     116.7276      65.8633       -218.8329     
 -----------------------------------------------------------------------------------------------------


 ====================================================================================================
   THERMO TABLE FOR MOLECULE C3H2
 ====================================================================================================
   Elemental Composition:
     H 2.0000
     C 3.0000
   Formation Enthalpy at 298K =          129.5968 kcal/mol
   Formation Free Gibbs Energy at 298K = 110.2834 kcal/mol
   Molecular Weight =                    38.0490 kg/kmol
 -----------------------------------------------------------------------------------------------------
   Temperature       Cp             H             G            S             DH            DG         
       [K]       [cal/mol/K]    [kcal/mol]    [kcal/mol]  [cal/(mol-K)]  [kcal/mol]     [kcal/mol]    
 -----------------------------------------------------------------------------------------------------
     300.0000      14.9308       129.6266      110.1537      64.9099       0.0298        -0.1297       
     600.0000      17.5458       134.5581      88.8373       76.2013       4.9613        -21.4461      
     800.0000      18.7219       138.1850      73.0568       81.4102       8.5882        -37.2265      
     1000.0000     19.7403       142.0388      56.3331       85.7057       12.4421       -53.9502      
     1200.0000     20.3926       146.0535      38.8171       89.3637       16.4567       -71.4663      
     1400.0000     20.9615       150.1903      20.6189       92.5510       20.5935       -89.6645      
     1600.0000     21.4490       154.4327      1.8203        95.3827       24.8359       -108.4631     
     1800.0000     21.8584       158.7647      -17.5155      97.9334       29.1679       -127.7989     
     2000.0000     22.1945       163.1712      -37.3378      100.2545      33.5744       -147.6212     
     2200.0000     22.4632       167.6380      -57.6045      102.3829      38.0412       -167.8878     
     2400.0000     22.6715       172.1524      -78.2800      104.3468      42.5556       -188.5634     
     2600.0000     22.8280       176.7032      -99.3337      106.1680      47.1064       -209.6171     
 -----------------------------------------------------------------------------------------------------


 ====================================================================================================
   THERMO TABLE FOR MOLECULE H2CCCH
 ====================================================================================================
   Elemental Composition:
     C 3.0000
     H 3.0000
   Formation Enthalpy at 298K =          82.6847 kcal/mol
   Formation Free Gibbs Energy at 298K = 64.4088 kcal/mol
   Molecular Weight =                    39.0570 kg/kmol
 -----------------------------------------------------------------------------------------------------
   Temperature       Cp             H             G            S             DH            DG         
       [K]       [cal/mol/K]    [kcal/mol]    [kcal/mol]  [cal/(mol-K)]  [kcal/mol]     [kcal/mol]    
 -----------------------------------------------------------------------------------------------------
     300.0000      15.5563       82.7157       64.2861       61.4323       0.0311        -0.1228       
     600.0000      20.9231       88.2887       43.8316       74.0952       5.6040        -20.5772      
     800.0000      23.1102       92.7009       28.3596       80.4267       10.0162       -36.0493      
     1000.0000     24.8105       97.5024       11.7257       85.7767       14.8177       -52.6831      
     1200.0000     26.0609       102.5934      -5.9037       90.4142       19.9087       -70.3125      
     1400.0000     27.0947       107.9123      -24.4041      94.5117       25.2276       -88.8129      
     1600.0000     27.9398       113.4187      -43.6803      98.1868       30.7340       -108.0891     
     1800.0000     28.6225       119.0774      -63.6560      101.5186      36.3927       -128.0648     
     2000.0000     29.1668       124.8584      -84.2686      104.5635      42.1738       -148.6774     
     2200.0000     29.5952       130.7364      -105.4652     107.3644      48.0517       -169.8740     
     2400.0000     29.9279       136.6901      -127.2003     109.9544      54.0055       -191.6091     
     2600.0000     30.1835       142.7024      -149.4347     112.3604      60.0177       -213.8435     
 -----------------------------------------------------------------------------------------------------


 ====================================================================================================
   THERMO TABLE FOR MOLECULE C3H4
 ====================================================================================================
   Elemental Composition:
     C 3.0000
     H 4.0000
   Formation Enthalpy at 298K =          45.6239 kcal/mol
   Formation Free Gibbs Energy at 298K = 28.2898 kcal/mol
   Molecular Weight =                    40.0650 kg/kmol
 -----------------------------------------------------------------------------------------------------
   Temperature       Cp             H             G            S             DH            DG         
       [K]       [cal/mol/K]    [kcal/mol]    [kcal/mol]  [cal/(mol-K)]  [kcal/mol]     [kcal/mol]    
 -----------------------------------------------------------------------------------------------------
     300.0000      14.1284       45.6521       28.1734       58.2624       0.0282        -0.1164       
     600.0000      22.0377       51.1577       8.7591        70.6644       5.5338        -19.5308      
     800.0000      25.3958       55.9241       -6.0738       77.4973       10.3002       -34.3636      
     1000.0000     27.9877       61.2624       -22.1803      83.4427       15.6384       -50.4702      
     1200.0000     29.7863       67.0454       -39.4061      88.7096       21.4215       -67.6959      
     1400.0000     31.2663       73.1556       -57.6270      93.4161       27.5317       -85.9168      
     1600.0000     32.4697       79.5335       -76.7426      97.6726       33.9096       -105.0324     
     1800.0000     33.4355       86.1277       -96.6711      101.5549      40.5038       -124.9609     
     2000.0000     34.1997       92.8943       -117.3434     105.1188      47.2704       -145.6332     
     2200.0000     34.7954       99.7963       -138.7003     108.4076      54.1724       -166.9901     
     2400.0000     35.2530       106.8032      -160.6904     111.4557      61.1793       -188.9802     
     2600.0000     35.5998       113.8901      -183.2684     114.2918      68.2662       -211.5583     
 -----------------------------------------------------------------------------------------------------


 ====================================================================================================
   THERMO TABLE FOR MOLECULE C3H4P
 ====================================================================================================
   Elemental Composition:
     H 4.0000
     C 3.0000
   Formation Enthalpy at 298K =          45.7666 kcal/mol
   Formation Free Gibbs Energy at 298K = 28.2173 kcal/mol
   Molecular Weight =                    40.0650 kg/kmol
 -----------------------------------------------------------------------------------------------------
   Temperature       Cp             H             G            S             DH            DG         
       [K]       [cal/mol/K]    [kcal/mol]    [kcal/mol]  [cal/(mol-K)]  [kcal/mol]     [kcal/mol]    
 -----------------------------------------------------------------------------------------------------
     300.0000      14.5147       45.7955       28.0994       58.9872       0.0290        -0.1179       
     600.0000      21.5441       51.2494       8.4652        71.3070       5.4828        -19.7521      
     800.0000      25.1605       55.9347       -6.4825       78.0215       10.1682       -34.6998      
     1000.0000     27.8964       61.2546       -22.6910      83.9457       15.4880       -50.9083      
     1200.0000     29.8498       67.0409       -40.0172      89.2151       21.2743       -68.2344      
     1400.0000     31.2246       73.1557       -58.3398      93.9254       27.3891       -86.5571      
     1600.0000     32.3227       79.5132       -77.5562      98.1684       33.7466       -105.7735     
     1800.0000     33.2578       86.0739       -97.5819      102.0310      40.3074       -125.7991     
     2000.0000     34.0346       92.8057       -118.3475     105.5766      47.0392       -146.5648     
     2200.0000     34.6616       99.6778       -139.7945     108.8510      53.9112       -168.0117     
     2400.0000     35.1511       106.6612      -161.8722     111.8889      60.8946       -190.0894     
     2600.0000     35.5194       113.7301      -184.5361     114.7178      67.9635       -212.7534     
 -----------------------------------------------------------------------------------------------------


 ====================================================================================================
   THERMO TABLE FOR MOLECULE CH2CHCH2
 ====================================================================================================
   Elemental Composition:
     C 3.0000
     H 5.0000
   Formation Enthalpy at 298K =          38.6402 kcal/mol
   Formation Free Gibbs Energy at 298K = 19.3496 kcal/mol
   Molecular Weight =                    41.0730 kg/kmol
 -----------------------------------------------------------------------------------------------------
   Temperature       Cp             H             G            S             DH            DG         
       [K]       [cal/mol/K]    [kcal/mol]    [kcal/mol]  [cal/(mol-K)]  [kcal/mol]     [kcal/mol]    
 -----------------------------------------------------------------------------------------------------
     300.0000      16.0714       38.6723       19.2200       64.8411       0.0321        -0.1296       
     600.0000      25.5309       44.9869       -2.4440       79.0515       6.3466        -21.7936      
     800.0000      29.9942       50.5659       -19.0706      87.0456       11.9257       -38.4202      
     1000.0000     32.8879       56.8793       -37.1983      94.0776       18.2391       -56.5478      
     1200.0000     34.9116       63.6638       -56.6443      100.2567      25.0235       -75.9939      
     1400.0000     36.6611       70.8257       -77.2570      105.7733      32.1854       -96.6065      
     1600.0000     38.1350       78.3098       -98.9189      110.7680      39.6696       -118.2685     
     1800.0000     39.3380       86.0616       -121.5355     115.3317      47.4213       -140.8851     
     2000.0000     40.2815       94.0277       -145.0271     119.5274      55.3875       -164.3767     
     2200.0000     40.9836       102.1581      -169.3251     123.4014      63.5178       -188.6746     
     2400.0000     41.4689       110.4067      -194.3687     126.9897      71.7665       -213.7182     
     2600.0000     41.7685       118.7332      -220.1039     130.3220      80.0930       -239.4534     
 -----------------------------------------------------------------------------------------------------


 ====================================================================================================
   THERMO TABLE FOR MOLECULE H2CCCCH
 ====================================================================================================
   Elemental Composition:
     C 4.0000
     H 3.0000
   Formation Enthalpy at 298K =          111.3157 kcal/mol
   Formation Free Gibbs Energy at 298K = 89.5793 kcal/mol
   Molecular Weight =                    51.0680 kg/kmol
 -----------------------------------------------------------------------------------------------------
   Temperature       Cp             H             G            S             DH            DG         
       [K]       [cal/mol/K]    [kcal/mol]    [kcal/mol]  [cal/(mol-K)]  [kcal/mol]     [kcal/mol]    
 -----------------------------------------------------------------------------------------------------
     300.0000      20.2378       111.3561      89.4333       73.0760       0.0404        -0.1460       
     600.0000      26.2321       118.3711      64.9448       89.0438       7.0554        -24.6345      
     800.0000      29.0959       123.9207      46.3154       97.0066       12.6050       -43.2639      
     1000.0000     30.9276       129.9404      26.2251       103.7152      18.6247       -63.3542      
     1200.0000     32.1591       136.2518      4.8934        109.4653      24.9362       -84.6859      
     1400.0000     33.2184       142.7925      -17.5138      114.5045      31.4768       -107.0931     
     1600.0000     34.1055       149.5277      -40.8722      119.0000      38.2120       -130.4516     
     1800.0000     34.8241       156.4234      -65.0848      123.0601      45.1077       -154.6641     
     2000.0000     35.3825       163.4467      -90.0723      126.7595      52.1310       -179.6516     
     2200.0000     35.7929       170.5666      -115.7682     130.1522      59.2509       -205.3475     
     2400.0000     36.0716       177.7551      -142.1155     133.2794      66.4394       -231.6948     
     2600.0000     36.2390       184.9878      -169.0645     136.1739      73.6721       -258.6438     
 -----------------------------------------------------------------------------------------------------


 ====================================================================================================
   THERMO TABLE FOR MOLECULE CH2CHCCH
 ====================================================================================================
   Elemental Composition:
     C 4.0000
     H 4.0000
   Formation Enthalpy at 298K =          69.1418 kcal/mol
   Formation Free Gibbs Energy at 298K = 49.0775 kcal/mol
   Molecular Weight =                    52.0760 kg/kmol
 -----------------------------------------------------------------------------------------------------
   Temperature       Cp             H             G            S             DH            DG         
       [K]       [cal/mol/K]    [kcal/mol]    [kcal/mol]  [cal/(mol-K)]  [kcal/mol]     [kcal/mol]    
 -----------------------------------------------------------------------------------------------------
     300.0000      17.3167       69.1764       48.9427       67.4457       0.0346        -0.1348       
     600.0000      26.2990       75.7881       26.3710       82.3619       6.6463        -22.7065      
     800.0000      30.5299       81.4969       9.0616        90.5442       12.3551       -40.0159      
     1000.0000     33.1959       87.8953       -9.7766       97.6719       18.7535       -58.8541      
     1200.0000     34.9881       94.7174       -29.9457      103.8860      25.5756       -79.0232      
     1400.0000     36.5529       101.8754      -51.2845      109.3999      32.7335       -100.3619     
     1600.0000     37.8891       109.3233      -73.6696      114.3706      40.1815       -122.7471     
     1800.0000     39.0007       117.0160      -97.0033      118.8996      47.8742       -146.0808     
     2000.0000     39.8974       124.9093      -121.2047     123.0570      55.7675       -170.2822     
     2200.0000     40.5945       132.9616      -146.2048     126.8938      63.8198       -195.2822     
     2400.0000     41.1125       141.1351      -171.9435     130.4494      71.9933       -221.0210     
     2600.0000     41.4775       149.3964      -198.3679     133.7555      80.2546       -247.4454     
 -----------------------------------------------------------------------------------------------------


 ====================================================================================================
   THERMO TABLE FOR MOLECULE CH2CHCHCH
 ====================================================================================================
   Elemental Composition:
     C 4.0000
     H 5.0000
   Formation Enthalpy at 298K =          86.0911 kcal/mol
   Formation Free Gibbs Energy at 298K = 64.3180 kcal/mol
   Molecular Weight =                    53.0840 kg/kmol
 -----------------------------------------------------------------------------------------------------
   Temperature       Cp             H             G            S             DH            DG         
       [K]       [cal/mol/K]    [kcal/mol]    [kcal/mol]  [cal/(mol-K)]  [kcal/mol]     [kcal/mol]    
 -----------------------------------------------------------------------------------------------------
     300.0000      19.3817       86.1298       64.1717       73.1934       0.0387        -0.1463       
     600.0000      30.5429       93.7039       39.5565       90.2457       7.6128        -24.7615      
     800.0000      35.7620       100.3680      20.5317       99.7954       14.2769       -43.7863      
     1000.0000     38.8869       107.8685      -0.2823       108.1508      21.7775       -64.6003      
     1200.0000     40.8069       115.8425      -22.6550      115.4146      29.7515       -86.9730      
     1400.0000     42.4468       124.1726      -46.3919      121.8318      38.0815       -110.7099     
     1600.0000     43.8067       132.8026      -71.3441      127.5917      46.7115       -135.6621     
     1800.0000     44.8934       141.6770      -97.3930      132.8167      55.5860       -161.7110     
     2000.0000     45.7205       150.7426      -124.4408     137.5917      64.6515       -188.7588     
     2200.0000     46.3084       159.9493      -152.4039     141.9787      73.8582       -216.7219     
     2400.0000     46.6846       169.2518      -181.2096     146.0256      83.1608       -245.5276     
     2600.0000     46.8832       178.6113      -210.7940     149.7713      92.5202       -275.1120     
 -----------------------------------------------------------------------------------------------------


 ====================================================================================================
   THERMO TABLE FOR MOLECULE CH2CHCCH2
 ====================================================================================================
   Elemental Composition:
     C 4.0000
     H 5.0000
   Formation Enthalpy at 298K =          74.1369 kcal/mol
   Formation Free Gibbs Energy at 298K = 51.6938 kcal/mol
   Molecular Weight =                    53.0840 kg/kmol
 -----------------------------------------------------------------------------------------------------
   Temperature       Cp             H             G            S             DH            DG         
       [K]       [cal/mol/K]    [kcal/mol]    [kcal/mol]  [cal/(mol-K)]  [kcal/mol]     [kcal/mol]    
 -----------------------------------------------------------------------------------------------------
     300.0000      19.4905       74.1758       51.5431       75.4424       0.0389        -0.1508       
     600.0000      29.4842       81.5911       26.2862       92.1749       7.4542        -25.4077      
     800.0000      34.3185       87.9995       6.9120        101.3594      13.8627       -44.7818      
     1000.0000     37.3715       95.1993       -14.1803      109.3796      21.0625       -65.8741      
     1200.0000     39.3623       102.8772      -36.7707      116.3733      28.7403       -88.4646      
     1400.0000     41.0821       110.9262      -60.6769      122.5737      36.7893       -112.3708     
     1600.0000     42.5302       119.2919      -85.7592      128.1570      45.1551       -137.4530     
     1800.0000     43.7124       127.9205      -111.9062     133.2371      53.7837       -163.6001     
     2000.0000     44.6411       136.7600      -139.0258     137.8929      62.6231       -190.7196     
     2200.0000     45.3354       145.7613      -167.0390     142.1820      71.6245       -218.7328     
     2400.0000     45.8208       154.8802      -195.8771     146.1489      80.7433       -247.5709     
     2600.0000     46.1297       164.0779      -225.4795     149.8297      89.9410       -277.1733     
 -----------------------------------------------------------------------------------------------------


 ====================================================================================================
   THERMO TABLE FOR MOLECULE CH2CHCHCH2
 ====================================================================================================
   Elemental Composition:
     C 4.0000
     H 6.0000
   Formation Enthalpy at 298K =          26.0419 kcal/mol
   Formation Free Gibbs Energy at 298K = 6.2253 kcal/mol
   Molecular Weight =                    54.0920 kg/kmol
 -----------------------------------------------------------------------------------------------------
   Temperature       Cp             H             G            S             DH            DG         
       [K]       [cal/mol/K]    [kcal/mol]    [kcal/mol]  [cal/(mol-K)]  [kcal/mol]     [kcal/mol]    
 -----------------------------------------------------------------------------------------------------
     300.0000      19.1136       26.0800       6.0922        66.6261       0.0381        -0.1331       
     600.0000      31.8584       33.9334       -16.6233      84.2612       7.8915        -22.8486      
     800.0000      36.8453       40.8350       -34.4883      94.1541       14.7931       -40.7136      
     1000.0000     40.5188       48.5847       -54.2008      102.7854      22.5428       -60.4260      
     1200.0000     43.2286       56.9686       -75.5363      110.4207      30.9267       -81.7616      
     1400.0000     45.4079       65.8403       -98.3158      117.2543      39.7984       -104.5410     
     1600.0000     47.1521       75.1028       -122.3947     123.4359      49.0609       -128.6199     
     1800.0000     48.5480       84.6780       -147.6539     129.0732      58.6361       -153.8792     
     2000.0000     49.6666       94.5035       -173.9932     134.2483      68.4616       -180.2185     
     2200.0000     50.5633       104.5298      -201.3267     139.0257      78.4879       -207.5520     
     2400.0000     51.2779       114.7167      -229.5804     143.4572      88.6749       -235.8057     
     2600.0000     51.8342       125.0305      -258.6894     147.5846      98.9886       -264.9146     
 -----------------------------------------------------------------------------------------------------


 ====================================================================================================
   THERMO TABLE FOR MOLECULE CH3CCCH2
 ====================================================================================================
   Elemental Composition:
     C 4.0000
     H 5.0000
   Formation Enthalpy at 298K =          74.3397 kcal/mol
   Formation Free Gibbs Energy at 298K = 50.3951 kcal/mol
   Molecular Weight =                    53.0840 kg/kmol
 -----------------------------------------------------------------------------------------------------
   Temperature       Cp             H             G            S             DH            DG         
       [K]       [cal/mol/K]    [kcal/mol]    [kcal/mol]  [cal/(mol-K)]  [kcal/mol]     [kcal/mol]    
 -----------------------------------------------------------------------------------------------------
     300.0000      19.6986       74.3791       50.2343       80.4825       0.0393        -0.1608       
     600.0000      28.7144       81.6780       23.4863       96.9861       7.3383        -26.9088      
     800.0000      33.5111       87.9228       3.1744        105.9355      13.5831       -47.2207      
     1000.0000     36.6917       94.9747       -18.8154      113.7902      20.6350       -69.2106      
     1200.0000     38.7440       102.5227      -42.2756      120.6652      28.1830       -92.6707      
     1400.0000     40.5332       110.4548      -67.0308      126.7754      36.1151       -117.4259     
     1600.0000     42.0578       118.7183      -92.9462      132.2903      44.3786       -143.3413     
     1800.0000     43.3229       127.2606      -119.9146     137.3196      52.9209       -170.3097     
     2000.0000     44.3394       136.0309      -147.8468     141.9388      61.6911       -198.2419     
     2200.0000     45.1252       144.9810      -176.6665     146.2034      70.6413       -227.0616     
     2400.0000     45.7039       154.0671      -206.3073     150.1560      79.7274       -256.7025     
     2600.0000     46.1060       163.2508      -236.7104     153.8312      88.9110       -287.1055     
 -----------------------------------------------------------------------------------------------------


 ====================================================================================================
   THERMO TABLE FOR MOLECULE CH2O
 ====================================================================================================
   Elemental Composition:
     H 2.0000
     C 1.0000
     O 1.0000
   Formation Enthalpy at 298K =          -25.9497 kcal/mol
   Formation Free Gibbs Energy at 298K = -41.5279 kcal/mol
   Molecular Weight =                    30.0260 kg/kmol
 -----------------------------------------------------------------------------------------------------
   Temperature       Cp             H             G            S             DH            DG         
       [K]       [cal/mol/K]    [kcal/mol]    [kcal/mol]  [cal/(mol-K)]  [kcal/mol]     [kcal/mol]    
 -----------------------------------------------------------------------------------------------------
     300.0000      8.4703        -25.9328      -41.6325      52.3326       0.0169        -0.1046       
     600.0000      11.5243       -22.9558      -58.4082      59.0874       2.9939        -16.8803      
     800.0000      13.3748       -20.4568      -70.5921      62.6691       5.4929        -29.0642      
     1000.0000     14.8153       -17.6354      -83.4465      65.8111       8.3142        -41.9186      
     1200.0000     15.7913       -14.5716      -96.8933      68.6014       11.3781       -55.3653      
     1400.0000     16.5886       -11.3308      -110.8675     71.0976       14.6189       -69.3396      
     1600.0000     17.2312       -7.9465       -125.3165     73.3563       18.0032       -83.7886      
     1800.0000     17.7414       -4.4472       -140.1968     75.4165       21.5025       -98.6689      
     2000.0000     18.1398       -0.8573       -155.4718     77.3072       25.0923       -113.9439     
     2200.0000     18.4454       2.8026        -171.1099     79.0511       28.7523       -129.5820     
     2400.0000     18.6754       6.5158        -187.0837     80.6665       32.4655       -145.5558     
     2600.0000     18.8455       10.2688       -203.3690     82.1684       36.2185       -161.8410     
 -----------------------------------------------------------------------------------------------------


 ====================================================================================================
   THERMO TABLE FOR MOLECULE C5H5
 ====================================================================================================
   Elemental Composition:
     C 5.0000
     H 5.0000
   Formation Enthalpy at 298K =          63.5904 kcal/mol
   Formation Free Gibbs Energy at 298K = 43.6893 kcal/mol
   Molecular Weight =                    65.0950 kg/kmol
 -----------------------------------------------------------------------------------------------------
   Temperature       Cp             H             G            S             DH            DG         
       [K]       [cal/mol/K]    [kcal/mol]    [kcal/mol]  [cal/(mol-K)]  [kcal/mol]     [kcal/mol]    
 -----------------------------------------------------------------------------------------------------
     300.0000      18.4264       63.6271       43.5556       66.9048       0.0367        -0.1337       
     600.0000      33.6282       71.6587       20.7500       84.8478       8.0683        -22.9393      
     800.0000      38.9529       78.9691       2.7078        95.3266       15.3788       -40.9815      
     1000.0000     42.7634       87.1333       -17.2868      104.4201      23.5429       -60.9761      
     1200.0000     45.2060       95.9381       -38.9897      112.4398      32.3477       -82.6790      
     1400.0000     47.2056       105.1861      -62.2032      119.5638      41.5958       -105.8926     
     1600.0000     48.8215       114.7948      -86.7680      125.9767      51.2044       -130.4573     
     1800.0000     50.1087       124.6928      -112.5550     131.8043      61.1025       -156.2443     
     2000.0000     51.1180       134.8197      -139.4568     137.1383      71.2294       -183.1462     
     2200.0000     51.8963       145.1246      -167.3821     142.0485      81.5343       -211.0714     
     2400.0000     52.4861       155.5657      -196.2517     146.5906      91.9753       -239.9410     
     2600.0000     52.9260       166.1091      -225.9968     150.8100      102.5187      -269.6861     
 -----------------------------------------------------------------------------------------------------


 ====================================================================================================
   THERMO TABLE FOR MOLECULE C5H6
 ====================================================================================================
   Elemental Composition:
     C 5.0000
     H 6.0000
   Formation Enthalpy at 298K =          32.0923 kcal/mol
   Formation Free Gibbs Energy at 298K = 12.5709 kcal/mol
   Molecular Weight =                    66.1030 kg/kmol
 -----------------------------------------------------------------------------------------------------
   Temperature       Cp             H             G            S             DH            DG         
       [K]       [cal/mol/K]    [kcal/mol]    [kcal/mol]  [cal/(mol-K)]  [kcal/mol]     [kcal/mol]    
 -----------------------------------------------------------------------------------------------------
     300.0000      18.1318       32.1284       12.4397       65.6290       0.0361        -0.1311       
     600.0000      34.8177       40.2540       -9.9829       83.7281       8.1617        -22.5537      
     800.0000      41.2234       47.9171       -27.8483      94.7067       15.8248       -40.4191      
     1000.0000     45.8668       56.6176       -47.7776      104.3952      24.5253       -60.3484      
     1200.0000     48.8621       66.1002       -69.5374      113.0313      34.0079       -82.1082      
     1400.0000     51.3131       76.1262       -92.9294      120.7540      44.0339       -105.5003     
     1600.0000     53.2926       86.5940       -117.7900     127.7400      54.5017       -130.3608     
     1800.0000     54.8682       97.4163       -143.9845     134.1116      65.3240       -156.5554     
     2000.0000     56.1027       108.5186      -171.3997     139.9591      76.4263       -183.9705     
     2200.0000     57.0535       119.8385      -199.9380     145.3529      87.7462       -212.5088     
     2400.0000     57.7731       131.3246      -229.5144     150.3496      99.2323       -242.0853     
     2600.0000     58.3088       142.9354      -260.0545     154.9961      110.8431      -272.6253     
 -----------------------------------------------------------------------------------------------------


 ====================================================================================================
   THERMO TABLE FOR MOLECULE A1-
 ====================================================================================================
   Elemental Composition:
     C 6.0000
     H 5.0000
   Formation Enthalpy at 298K =          81.1882 kcal/mol
   Formation Free Gibbs Energy at 298K = 60.8181 kcal/mol
   Molecular Weight =                    77.1060 kg/kmol
 -----------------------------------------------------------------------------------------------------
   Temperature       Cp             H             G            S             DH            DG         
       [K]       [cal/mol/K]    [kcal/mol]    [kcal/mol]  [cal/(mol-K)]  [kcal/mol]     [kcal/mol]    
 -----------------------------------------------------------------------------------------------------
     300.0000      18.4415       81.2250       60.6813       68.4790       0.0368        -0.1368       
     600.0000      34.9491       89.4354       37.3665       86.7815       8.2471        -23.4516      
     800.0000      41.0542       97.0947       18.8893       97.7567       15.9064       -41.9288      
     1000.0000     45.3741       105.7305      -1.6438       107.3743      24.5422       -62.4619      
     1200.0000     48.1056       115.0873      -23.9885      115.8965      33.8991       -84.8066      
     1400.0000     50.3378       124.9394      -47.9404      123.4856      43.7512       -108.7586     
     1600.0000     52.1375       135.1936      -73.3331      130.3292      54.0054       -134.1513     
     1800.0000     53.5673       145.7698      -100.0311     136.5560      64.5815       -160.8492     
     2000.0000     54.6848       156.5998      -127.9208     142.2603      75.4115       -188.7389     
     2200.0000     55.5429       167.6264      -156.9052     147.5144      86.4382       -217.7233     
     2400.0000     56.1900       178.8029      -186.9004     152.3764      97.6146       -247.7185     
     2600.0000     56.6695       190.0913      -217.8328     156.8939      108.9030      -278.6509     
 -----------------------------------------------------------------------------------------------------


 ====================================================================================================
   THERMO TABLE FOR MOLECULE A1
 ====================================================================================================
   Elemental Composition:
     C 6.0000
     H 6.0000
   Formation Enthalpy at 298K =          19.9937 kcal/mol
   Formation Free Gibbs Energy at 298K = 0.8032 kcal/mol
   Molecular Weight =                    78.1140 kg/kmol
 -----------------------------------------------------------------------------------------------------
   Temperature       Cp             H             G            S             DH            DG         
       [K]       [cal/mol/K]    [kcal/mol]    [kcal/mol]  [cal/(mol-K)]  [kcal/mol]     [kcal/mol]    
 -----------------------------------------------------------------------------------------------------
     300.0000      19.5862       20.0327       0.6743        64.5280       0.0390        -0.1289       
     600.0000      37.6798       28.8695       -21.6624      84.2199       8.8759        -22.4656      
     800.0000      45.0406       37.1912       -39.7201      96.1391       17.1976       -40.5233      
     1000.0000     50.1342       46.7340       -60.0311      106.7651      26.7403       -60.8343      
     1200.0000     53.4383       57.0976       -82.3464      116.2033      37.1039       -83.1497      
     1400.0000     56.3059       68.0802       -106.4474     124.6625      48.0865       -107.2506     
     1600.0000     58.6472       79.5847       -132.1595     132.3401      59.5910       -132.9627     
     1800.0000     60.4305       91.5017       -159.3394     139.3562      71.5081       -160.1426     
     2000.0000     61.6823       103.7213      -187.8634     145.7924      83.7277       -188.6666     
     2200.0000     62.4870       116.1447      -217.6219     151.7121      96.1510       -218.4252     
     2400.0000     62.9869       128.6957      -248.5176     157.1722      108.7020      -249.3208     
     2600.0000     63.3825       141.3324      -280.4640     162.2294      121.3387      -281.2672     
 -----------------------------------------------------------------------------------------------------


 ====================================================================================================
   THERMO TABLE FOR MOLECULE C6H5CH2
 ====================================================================================================
   Elemental Composition:
     C 7.0000
     H 7.0000
   Formation Enthalpy at 298K =          50.3013 kcal/mol
   Formation Free Gibbs Energy at 298K = 27.4355 kcal/mol
   Molecular Weight =                    91.1330 kg/kmol
 -----------------------------------------------------------------------------------------------------
   Temperature       Cp             H             G            S             DH            DG         
       [K]       [cal/mol/K]    [kcal/mol]    [kcal/mol]  [cal/(mol-K)]  [kcal/mol]     [kcal/mol]    
 -----------------------------------------------------------------------------------------------------
     300.0000      26.2307       50.3536       27.2818       76.9060       0.0523        -0.1536       
     600.0000      46.4634       61.4997       0.3936        101.8435      11.1983       -27.0419      
     800.0000      54.4875       71.6589       -21.4622      116.4014      21.3576       -48.8977      
     1000.0000     60.2176       83.1357       -46.0471      129.1829      32.8344       -73.4826      
     1200.0000     63.9209       95.5617       -73.0385      140.5002      45.2603       -100.4740     
     1400.0000     66.9465       108.6589      -102.1656     150.5889      58.3576       -129.6010     
     1600.0000     69.3856       122.3012      -133.2087     159.6937      71.9998       -160.6441     
     1800.0000     71.3228       136.3797      -165.9887     167.9825      86.0784       -193.4242     
     2000.0000     72.8363       150.8021      -200.3556     175.5788      100.5007      -227.7910     
     2200.0000     73.9980       165.4908      -236.1805     182.5779      115.1895      -263.6160     
     2400.0000     74.8734       180.3822      -273.3520     189.0559      130.0809      -300.7875     
     2600.0000     75.5216       195.4250      -311.7723     195.0759      145.1237      -339.2078     
 -----------------------------------------------------------------------------------------------------


 ====================================================================================================
   THERMO TABLE FOR MOLECULE C6H5CH3
 ====================================================================================================
   Elemental Composition:
     C 7.0000
     H 8.0000
   Formation Enthalpy at 298K =          16.5412 kcal/mol
   Formation Free Gibbs Energy at 298K = -6.7530 kcal/mol
   Molecular Weight =                    92.1410 kg/kmol
 -----------------------------------------------------------------------------------------------------
   Temperature       Cp             H             G            S             DH            DG         
       [K]       [cal/mol/K]    [kcal/mol]    [kcal/mol]  [cal/(mol-K)]  [kcal/mol]     [kcal/mol]    
 -----------------------------------------------------------------------------------------------------
     300.0000      24.8292       16.5907       -6.9095       78.3341       0.0495        -0.1565       
     600.0000      45.8655       27.4228       -34.0898      102.5210      10.8816       -27.3368      
     800.0000      55.9197       37.6381       -56.0784      117.1457      21.0969       -49.3254      
     1000.0000     64.4225       49.6876       -80.8667      130.5543      33.1464       -74.1137      
     1200.0000     72.5946       63.3855       -108.2371     143.0188      46.8442       -101.4841     
     1400.0000     81.5044       78.7750       -138.0328     154.8627      62.2337       -131.2798     
     1600.0000     92.0672       96.0977       -170.1626     166.4127      79.5565       -163.4096     
     1800.0000     105.0463      115.7633      -204.5990     177.9791      99.2220       -197.8460     
     2000.0000     121.0520      138.3184      -241.3743     189.8464      121.7772      -234.6213     
     2200.0000     140.5421      164.4167      -280.5746     202.2688      147.8755      -273.8216     
     2400.0000     163.8218      194.7882      -322.3337     215.4674      178.2470      -315.5807     
     2600.0000     191.0437      230.2086      -366.8259     229.6286      213.6673      -360.0729     
 -----------------------------------------------------------------------------------------------------


 ====================================================================================================
   THERMO TABLE FOR MOLECULE C6H5O
 ====================================================================================================
   Elemental Composition:
     C 6.0000
     H 5.0000
     O 1.0000
   Formation Enthalpy at 298K =          12.9014 kcal/mol
   Formation Free Gibbs Energy at 298K = -9.3053 kcal/mol
   Molecular Weight =                    93.1050 kg/kmol
 -----------------------------------------------------------------------------------------------------
   Temperature       Cp             H             G            S             DH            DG         
       [K]       [cal/mol/K]    [kcal/mol]    [kcal/mol]  [cal/(mol-K)]  [kcal/mol]     [kcal/mol]    
 -----------------------------------------------------------------------------------------------------
     300.0000      23.4799       12.9482       -9.4545       74.6758       0.0468        -0.1492       
     600.0000      40.7108       22.8282       -35.2570      96.8086       9.9268        -25.9517      
     800.0000      46.9357       31.6498       -55.9141      109.4549      18.7484       -46.6088      
     1000.0000     51.2817       41.4723       -78.9240      120.3963      28.5709       -69.6187      
     1200.0000     54.0318       52.0126       -103.9842     129.9973      39.1112       -94.6788      
     1400.0000     56.2779       63.0514       -130.8501     138.5010      50.1500       -121.5447     
     1600.0000     58.0878       74.4947       -159.3270     146.1385      61.5933       -150.0217     
     1800.0000     59.5246       86.2617       -189.2583     153.0666      73.3602       -179.9530     
     2000.0000     60.6466       98.2836       -220.5140     159.3988      85.3822       -211.2086     
     2200.0000     61.5071       110.5029      -252.9838     165.2212      97.6015       -243.6785     
     2400.0000     62.1551       122.8722      -286.5730     170.6022      109.9708      -277.2677     
     2600.0000     62.6344       135.3537      -321.1990     175.5972      122.4523      -311.8937     
 -----------------------------------------------------------------------------------------------------


 ====================================================================================================
   THERMO TABLE FOR MOLECULE C6H5OH
 ====================================================================================================
   Elemental Composition:
     C 6.0000
     H 6.0000
     O 1.0000
   Formation Enthalpy at 298K =          -23.0355 kcal/mol
   Formation Free Gibbs Energy at 298K = -45.4551 kcal/mol
   Molecular Weight =                    94.1130 kg/kmol
 -----------------------------------------------------------------------------------------------------
   Temperature       Cp             H             G            S             DH            DG         
       [K]       [cal/mol/K]    [kcal/mol]    [kcal/mol]  [cal/(mol-K)]  [kcal/mol]     [kcal/mol]    
 -----------------------------------------------------------------------------------------------------
     300.0000      24.9069       -22.9858      -45.6057      75.3996       0.0497        -0.1506       
     600.0000      43.6718       -12.4288      -71.8507      99.0364       10.6066       -26.3956      
     800.0000      50.7235       -2.9306       -93.0508      112.6502      20.1048       -47.5957      
     1000.0000     55.5619       7.7095        -116.7922     124.5018      30.7450       -71.3371      
     1200.0000     58.6715       19.1421       -142.7561     134.9152      42.1776       -97.3010      
     1400.0000     61.2547       31.1430       -170.6807     144.1598      54.1784       -125.2256     
     1600.0000     63.3745       43.6131       -200.3587     152.4824      66.6486       -154.9036     
     1800.0000     65.0903       56.4658       -231.6234     160.0496      79.5013       -186.1683     
     2000.0000     66.4580       69.6260       -264.3362     166.9811      92.6615       -218.8811     
     2200.0000     67.5297       83.0293       -298.3795     173.3677      106.0648      -252.9245     
     2400.0000     68.3536       96.6214       -333.6517     179.2805      119.6569      -288.1966     
     2600.0000     68.9744       110.3572      -370.0640     184.7774      133.3927      -324.6089     
 -----------------------------------------------------------------------------------------------------


 ====================================================================================================
   THERMO TABLE FOR MOLECULE C6H5C3H2
 ====================================================================================================
   Elemental Composition:
     C 9.0000
     H 7.0000
   Formation Enthalpy at 298K =          100.3054 kcal/mol
   Formation Free Gibbs Energy at 298K = 74.4078 kcal/mol
   Molecular Weight =                    115.1550 kg/kmol
 -----------------------------------------------------------------------------------------------------
   Temperature       Cp             H             G            S             DH            DG         
       [K]       [cal/mol/K]    [kcal/mol]    [kcal/mol]  [cal/(mol-K)]  [kcal/mol]     [kcal/mol]    
 -----------------------------------------------------------------------------------------------------
     300.0000      31.1089       100.3674      74.2338       87.1119       0.0620        -0.1740       
     600.0000      54.3947       113.5063      43.5843       116.5367      13.2009       -30.8236      
     800.0000      64.1267       125.4190      18.5350       133.6049      25.1136       -55.8728      
     1000.0000     70.8382       138.9563      -9.7246       148.6810      38.6510       -84.1325      
     1200.0000     76.0508       153.5816      -40.8245      162.0051      53.2762       -115.2323     
     1400.0000     78.9500       169.0913      -74.4436      173.9535      68.7859       -148.8514     
     1600.0000     81.3123       185.1258      -110.3230     184.6555      84.8204       -184.7309     
     1800.0000     83.2118       201.5853      -148.2385     194.3466      101.2800      -222.6464     
     2000.0000     84.7174       218.3843      -188.0056     203.1949      118.0789      -262.4134     
     2200.0000     85.8925       235.4503      -229.4688     211.3268      135.1449      -303.8766     
     2400.0000     86.7951       252.7231      -272.4952     218.8409      152.4177      -346.9030     
     2600.0000     87.4779       270.1537      -316.9693     225.8165      169.8483      -391.3771     
 -----------------------------------------------------------------------------------------------------


 ====================================================================================================
   THERMO TABLE FOR MOLECULE P2-
 ====================================================================================================
   Elemental Composition:
     C 12.0000
     H 9.0000
   Formation Enthalpy at 298K =          101.9811 kcal/mol
   Formation Free Gibbs Energy at 298K = 73.1685 kcal/mol
   Molecular Weight =                    153.2040 kg/kmol
 -----------------------------------------------------------------------------------------------------
   Temperature       Cp             H             G            S             DH            DG         
       [K]       [cal/mol/K]    [kcal/mol]    [kcal/mol]  [cal/(mol-K)]  [kcal/mol]     [kcal/mol]    
 -----------------------------------------------------------------------------------------------------
     300.0000      37.0555       102.0550      72.9749       96.9336       0.0738        -0.1936       
     600.0000      69.6979       118.5697      38.2990       133.7846      16.5886       -34.8695      
     800.0000      82.7357       133.8976      9.3036        155.7425      31.9164       -63.8649      
     1000.0000     91.5371       151.3847      -23.8319      175.2166      49.4035       -97.0004      
     1200.0000     96.7849       170.2176      -60.6263      192.3700      68.2365       -133.7948     
     1400.0000     101.7100      190.0767      -100.6566     207.6666      88.0955       -173.8251     
     1600.0000     105.8763      210.8506      -143.5979     221.5303      108.8694      -216.7664     
     1800.0000     109.0355      232.3596      -189.1889     234.1936      130.3785      -262.3574     
     2000.0000     111.1267      254.3932      -237.2049     245.7990      152.4120      -310.3733     
     2200.0000     112.2766      276.7471      -287.4449     256.4509      174.7660      -360.6134     
     2400.0000     112.7994      299.2616      -339.7281     266.2457      197.2804      -412.8966     
     2600.0000     113.1969      321.8581      -393.8931     275.2889      219.8770      -467.0616     
 -----------------------------------------------------------------------------------------------------


 ====================================================================================================
   THERMO TABLE FOR MOLECULE P2
 ====================================================================================================
   Elemental Composition:
     C 12.0000
     H 10.0000
   Formation Enthalpy at 298K =          43.3867 kcal/mol
   Formation Free Gibbs Energy at 298K = 15.4507 kcal/mol
   Molecular Weight =                    154.2120 kg/kmol
 -----------------------------------------------------------------------------------------------------
   Temperature       Cp             H             G            S             DH            DG         
       [K]       [cal/mol/K]    [kcal/mol]    [kcal/mol]  [cal/(mol-K)]  [kcal/mol]     [kcal/mol]    
 -----------------------------------------------------------------------------------------------------
     300.0000      38.1843       43.4628       15.2630       93.9993       0.0761        -0.1877       
     600.0000      72.3457       60.5363       -18.7108      132.0786      17.1496       -34.1616      
     800.0000      86.0444       76.4680       -47.4524      154.9005      33.0813       -62.9031      
     1000.0000     95.3836       94.6638       -80.4994      175.1632      51.2771       -95.9501      
     1200.0000     100.8770      114.2870      -117.3569     193.0365      70.9003       -132.8076     
     1400.0000     106.1802      135.0013      -157.5870     208.9916      91.6146       -173.0377     
     1600.0000     110.7295      156.7083      -200.8560     223.4777      113.3216      -216.3068     
     1800.0000     114.1911      179.2200      -246.8961     236.7312      135.8333      -262.3469     
     2000.0000     116.4606      202.3047      -295.4756     248.8902      158.9180      -310.9263     
     2200.0000     117.6634      225.7326      -346.3858     260.0539      182.3459      -361.8366     
     2400.0000     118.1546      249.3221      -399.4370     270.3163      205.9354      -414.8878     
     2600.0000     118.5187      272.9855      -454.4595     279.7865      229.5988      -469.9102     
 -----------------------------------------------------------------------------------------------------


 ====================================================================================================
   THERMO TABLE FOR MOLECULE A1C2H
 ====================================================================================================
   Elemental Composition:
     C 8.0000
     H 6.0000
   Formation Enthalpy at 298K =          78.4173 kcal/mol
   Formation Free Gibbs Energy at 298K = 55.0685 kcal/mol
   Molecular Weight =                    102.1360 kg/kmol
 -----------------------------------------------------------------------------------------------------
   Temperature       Cp             H             G            S             DH            DG         
       [K]       [cal/mol/K]    [kcal/mol]    [kcal/mol]  [cal/(mol-K)]  [kcal/mol]     [kcal/mol]    
 -----------------------------------------------------------------------------------------------------
     300.0000      27.8196       78.4728       54.9116       78.5374       0.0555        -0.1569       
     600.0000      48.3242       90.1855       27.3213       104.7736      11.7681       -27.7472      
     800.0000      55.9869       100.6813      4.8268        119.8182      22.2640       -50.2417      
     1000.0000     61.4162       112.4264      -20.4738      132.9001      34.0090       -75.5422      
     1200.0000     64.8919       125.0685      -48.2297      144.4152      46.6512       -103.2982     
     1400.0000     67.7310       138.3407      -78.1541      154.6391      59.9234       -133.2226     
     1600.0000     70.0191       152.1242      -110.0172     163.8384      73.7069       -165.0857     
     1800.0000     71.8357       166.3169      -143.6333     172.1946      87.8996       -198.7018     
     2000.0000     73.2544       180.8320      -178.8477     179.8398      102.4146      -233.9162     
     2200.0000     74.3429       195.5967      -215.5287     186.8751      117.1793      -270.5971     
     2400.0000     75.1627       210.5512      -253.5625     193.3807      132.1339      -308.6310     
     2600.0000     75.7693       225.6475      -292.8500     199.4221      147.2302      -347.9185     
 -----------------------------------------------------------------------------------------------------


 ====================================================================================================
   THERMO TABLE FOR MOLECULE A1C2HP2
 ====================================================================================================
   Elemental Composition:
     C 10.0000
     H 6.0000
   Formation Enthalpy at 298K =          128.9862 kcal/mol
   Formation Free Gibbs Energy at 298K = 103.8065 kcal/mol
   Molecular Weight =                    126.1580 kg/kmol
 -----------------------------------------------------------------------------------------------------
   Temperature       Cp             H             G            S             DH            DG         
       [K]       [cal/mol/K]    [kcal/mol]    [kcal/mol]  [cal/(mol-K)]  [kcal/mol]     [kcal/mol]    
 -----------------------------------------------------------------------------------------------------
     300.0000      35.4479       129.0569      103.6373      84.7319       0.0707        -0.1692       
     600.0000      58.3574       143.5610      73.1639       117.3285      14.5748       -30.6426      
     800.0000      66.8520       156.1371      47.8494       135.3596      27.1509       -55.9571      
     1000.0000     72.6733       170.1285      19.1827       150.9458      41.1423       -84.6239      
     1200.0000     76.0240       184.9954      -12.3910      164.4886      56.0092       -116.1975     
     1400.0000     79.3043       200.5331      -46.5079      176.4578      71.5468       -150.3145     
     1600.0000     82.1308       216.6865      -82.8952      187.2386      87.7003       -186.7018     
     1800.0000     84.2736       233.3395      -121.3385     197.0433      104.3533      -225.1450     
     2000.0000     85.6562       250.3450      -161.6562     206.0006      121.3587      -265.4627     
     2200.0000     86.3553       267.5560      -203.6883     214.2020      138.5698      -307.4949     
     2400.0000     86.6013       284.8565      -247.2919     221.7285      155.8703      -351.0985     
     2600.0000     86.7777       302.1916      -292.3404     228.6662      173.2054      -396.1470     
 -----------------------------------------------------------------------------------------------------


 ====================================================================================================
   THERMO TABLE FOR MOLECULE A2-1
 ====================================================================================================
   Elemental Composition:
     C 10.0000
     H 7.0000
   Formation Enthalpy at 298K =          94.6853 kcal/mol
   Formation Free Gibbs Energy at 298K = 69.9152 kcal/mol
   Molecular Weight =                    127.1660 kg/kmol
 -----------------------------------------------------------------------------------------------------
   Temperature       Cp             H             G            S             DH            DG         
       [K]       [cal/mol/K]    [kcal/mol]    [kcal/mol]  [cal/(mol-K)]  [kcal/mol]     [kcal/mol]    
 -----------------------------------------------------------------------------------------------------
     300.0000      30.3962       94.7458       69.7487       83.3237       0.0606        -0.1664       
     600.0000      56.8190       108.2244      40.1798       113.4078      13.5392       -29.7354      
     800.0000      67.3537       120.7122      15.6740       131.2977      26.0270       -54.2411      
     1000.0000     74.4493       134.9381      -12.2023      147.1404      40.2528       -82.1174      
     1200.0000     78.6050       150.2423      -43.0538      161.0801      55.5571       -112.9690     
     1400.0000     82.5719       166.3670      -76.5336      173.5004      71.6817       -146.4487     
     1600.0000     85.9533       183.2317      -112.3766     184.7552      88.5464       -182.2918     
     1800.0000     88.5176       200.6935      -150.3709     195.0357      106.0082      -220.2860     
     2000.0000     90.1978       218.5794      -190.3337     204.4566      123.8941      -260.2488     
     2200.0000     91.0918       236.7198      -232.1017     213.1007      142.0345      -302.0169     
     2400.0000     91.4627       254.9809      -275.5273     221.0451      160.2956      -345.4425     
     2600.0000     91.7380       273.2981      -320.4788     228.3757      178.6129      -390.3940     
 -----------------------------------------------------------------------------------------------------


 ====================================================================================================
   THERMO TABLE FOR MOLECULE A2
 ====================================================================================================
   Elemental Composition:
     C 10.0000
     H 8.0000
   Formation Enthalpy at 298K =          35.7873 kcal/mol
   Formation Free Gibbs Energy at 298K = 11.8732 kcal/mol
   Molecular Weight =                    128.1740 kg/kmol
 -----------------------------------------------------------------------------------------------------
   Temperature       Cp             H             G            S             DH            DG         
       [K]       [cal/mol/K]    [kcal/mol]    [kcal/mol]  [cal/(mol-K)]  [kcal/mol]     [kcal/mol]    
 -----------------------------------------------------------------------------------------------------
     300.0000      31.7561       35.8505       11.7125       80.4603       0.0633        -0.1607       
     600.0000      59.6243       49.9764       -17.2130      111.9824      14.1891       -29.0862      
     800.0000      70.8141       63.0929       -41.5248      130.7721      27.3056       -53.3980      
     1000.0000     78.4215       78.0652       -69.3802      147.4455      42.2780       -81.2534      
     1200.0000     83.0219       94.2118       -100.3703     162.1517      58.4245       -112.2435     
     1400.0000     87.2785       111.2508      -134.1359     175.2762      75.4635       -146.0090     
     1600.0000     90.8559       129.0775      -170.3993     187.1730      93.2903       -182.2724     
     1800.0000     93.5680       147.5351      -208.9365     198.0398      111.7478      -220.8097     
     2000.0000     95.3783       166.4443      -249.5548     207.9995      130.6570      -261.4280     
     2200.0000     96.3996       185.6335      -292.0820     217.1434      149.8462      -303.9552     
     2400.0000     96.8940       204.9687      -336.3633     225.5550      169.1814      -348.2365     
     2600.0000     97.2732       224.3831      -382.2612     233.3247      188.5958      -394.1343     
 -----------------------------------------------------------------------------------------------------


 ====================================================================================================
   THERMO TABLE FOR MOLECULE A2C2HA
 ====================================================================================================
   Elemental Composition:
     C 12.0000
     H 8.0000
   Formation Enthalpy at 298K =          90.5826 kcal/mol
   Formation Free Gibbs Energy at 298K = 63.4049 kcal/mol
   Molecular Weight =                    152.1960 kg/kmol
 -----------------------------------------------------------------------------------------------------
   Temperature       Cp             H             G            S             DH            DG         
       [K]       [cal/mol/K]    [kcal/mol]    [kcal/mol]  [cal/(mol-K)]  [kcal/mol]     [kcal/mol]    
 -----------------------------------------------------------------------------------------------------
     300.0000      39.6643       90.6617       63.2222       91.4648       0.0790        -0.1827       
     600.0000      70.0049       107.6342      29.9538       129.4673      17.0515       -33.4511      
     800.0000      81.7657       122.8856      1.8264        151.3240      32.3030       -61.5785      
     1000.0000     89.7233       140.0924      -30.3965      170.4889      49.5098       -93.8014      
     1200.0000     94.2901       158.4900      -66.2059      187.2466      67.9074       -129.6108     
     1400.0000     98.7593       177.8016      -105.1695     202.1222      87.2190       -168.5743     
     1600.0000     102.6097      197.9521      -146.9600     215.5700      107.3694      -210.3649     
     1800.0000     105.5287      218.7829      -191.3188     227.8343      128.2003      -254.7237     
     2000.0000     107.4123      240.0941      -238.0245     239.0593      149.5114      -301.4294     
     2200.0000     108.3654      261.6854      -286.8801     249.3479      171.1027      -350.2850     
     2400.0000     108.7012      283.3986      -337.7075     258.7942      192.8160      -401.1124     
     2600.0000     108.9416      305.1590      -390.3485     267.5029      214.5764      -453.7534     
 -----------------------------------------------------------------------------------------------------


 ====================================================================================================
   THERMO TABLE FOR MOLECULE A2C2HP2
 ====================================================================================================
   Elemental Composition:
     C 14.0000
     H 8.0000
   Formation Enthalpy at 298K =          176.2028 kcal/mol
   Formation Free Gibbs Energy at 298K = 145.6111 kcal/mol
   Molecular Weight =                    176.2180 kg/kmol
 -----------------------------------------------------------------------------------------------------
   Temperature       Cp             H             G            S             DH            DG         
       [K]       [cal/mol/K]    [kcal/mol]    [kcal/mol]  [cal/(mol-K)]  [kcal/mol]     [kcal/mol]    
 -----------------------------------------------------------------------------------------------------
     300.0000      49.1614       176.3009      145.4054      102.9847      0.0980        -0.2056       
     600.0000      81.4079       196.4336      107.5080      148.2093      20.2307       -38.1031      
     800.0000      93.4538       214.0073      75.2837       173.4046      37.8045       -70.3274      
     1000.0000     101.6381      233.5594      38.3741       195.1853      57.3565       -107.2370     
     1200.0000     107.1365      254.4595      -2.6080       214.2229      78.2567       -148.2190     
     1400.0000     111.3845      276.3307      -47.1698      231.0717      100.1278      -192.7809     
     1600.0000     114.5952      298.9442      -94.9199      246.1651      122.7414      -240.5310     
     1800.0000     116.9688      322.1130      -145.5392     259.8067      145.9101      -291.1503     
     2000.0000     118.6929      345.6885      -198.7611     272.2248      169.4856      -344.3722     
     2200.0000     119.9421      369.5585      -254.3596     283.5991      193.3557      -399.9707     
     2400.0000     120.8781      393.6444      -312.1411     294.0773      217.4416      -457.7522     
     2600.0000     121.6499      417.8988      -371.9391     303.7838      241.6960      -517.5502     
 -----------------------------------------------------------------------------------------------------


 ====================================================================================================
   THERMO TABLE FOR MOLECULE A2R5
 ====================================================================================================
   Elemental Composition:
     C 12.0000
     H 8.0000
   Formation Enthalpy at 298K =          62.0875 kcal/mol
   Formation Free Gibbs Energy at 298K = 36.3603 kcal/mol
   Molecular Weight =                    152.1960 kg/kmol
 -----------------------------------------------------------------------------------------------------
   Temperature       Cp             H             G            S             DH            DG         
       [K]       [cal/mol/K]    [kcal/mol]    [kcal/mol]  [cal/(mol-K)]  [kcal/mol]     [kcal/mol]    
 -----------------------------------------------------------------------------------------------------
     300.0000      36.6158       62.1605       36.1874       86.5768       0.0730        -0.1729       
     600.0000      68.1935       78.3624       4.7150        122.7456      16.2749       -31.6453      
     800.0000      80.5458       93.3233       -22.0211      144.1805      31.2358       -58.3814      
     1000.0000     88.8468       110.3113      -52.7886      163.0999      48.2238       -89.1489      
     1200.0000     93.6726       128.5621      -87.1065      179.7238      66.4746       -123.4668     
     1400.0000     98.2764       147.7652      -124.5565     194.5155      85.6777       -160.9169     
     1600.0000     102.1945      167.8265      -164.8195     207.9038      105.7390      -201.1798     
     1800.0000     105.1563      188.5788      -207.6402     220.1217      126.4913      -244.0005     
     2000.0000     107.0848      209.8197      -252.7996     231.3097      147.7322      -289.1599     
     2200.0000     108.0964      231.3512      -300.1022     241.5697      169.2636      -336.4626     
     2400.0000     108.5008      253.0174      -349.3719     250.9955      190.9299      -385.7322     
     2600.0000     108.8013      274.7441      -400.4517     259.6907      212.6566      -436.8120     
 -----------------------------------------------------------------------------------------------------


 ====================================================================================================
   THERMO TABLE FOR MOLECULE A2R5-
 ====================================================================================================
   Elemental Composition:
     C 12.0000
     H 7.0000
   Formation Enthalpy at 298K =          119.3996 kcal/mol
   Formation Free Gibbs Energy at 298K = 92.7082 kcal/mol
   Molecular Weight =                    151.1880 kg/kmol
 -----------------------------------------------------------------------------------------------------
   Temperature       Cp             H             G            S             DH            DG         
       [K]       [cal/mol/K]    [kcal/mol]    [kcal/mol]  [cal/(mol-K)]  [kcal/mol]     [kcal/mol]    
 -----------------------------------------------------------------------------------------------------
     300.0000      37.3359       119.4740      92.5289       89.8171       0.0744        -0.1794       
     600.0000      66.4728       135.4938      60.0960       125.6630      16.0942       -32.6122      
     800.0000      77.7905       150.0011      32.8392       146.4524      30.6015       -59.8691      
     1000.0000     85.3320       166.3590      1.6870        164.6720      46.9594       -91.0213      
     1200.0000     90.5809       183.9758      -32.8847      180.7171      64.5762       -125.5929     
     1400.0000     94.4801       202.5015      -70.4818      194.9881      83.1019       -163.1901     
     1600.0000     97.3560       221.6997      -110.7829     207.8016      102.3001      -203.4912     
     1800.0000     99.4830       241.3941      -153.5214     219.3975      121.9945      -246.2297     
     2000.0000     101.0831      261.4579      -198.4735     229.9657      142.0583      -291.1817     
     2200.0000     102.3262      281.8036      -245.4495     239.6605      162.4041      -338.1578     
     2400.0000     103.3298      302.3725      -294.2880     248.6085      182.9730      -386.9962     
     2600.0000     104.1592      323.1241      -344.8501     256.9131      203.7245      -437.5583     
 -----------------------------------------------------------------------------------------------------


 ====================================================================================================
   THERMO TABLE FOR MOLECULE IND
 ====================================================================================================
   Elemental Composition:
     C 9.0000
     H 7.0000
   Formation Enthalpy at 298K =          68.2480 kcal/mol
   Formation Free Gibbs Energy at 298K = 43.8367 kcal/mol
   Molecular Weight =                    115.1550 kg/kmol
 -----------------------------------------------------------------------------------------------------
   Temperature       Cp             H             G            S             DH            DG         
       [K]       [cal/mol/K]    [kcal/mol]    [kcal/mol]  [cal/(mol-K)]  [kcal/mol]     [kcal/mol]    
 -----------------------------------------------------------------------------------------------------
     300.0000      30.8389       68.3095       43.6726       82.1228       0.0615        -0.1640       
     600.0000      55.9543       81.7007       14.4703       112.0507      13.4527       -29.3663      
     800.0000      64.9682       93.8761       -9.7254       129.5019      25.6281       -53.5620      
     1000.0000     71.2292       107.4975      -37.1765      144.6740      39.2495       -81.0131      
     1200.0000     75.1503       122.1484      -67.4744      158.0190      53.9004       -111.3110     
     1400.0000     78.3479       137.5094      -100.2837     169.8522      69.2614       -144.1203     
     1600.0000     80.9197       153.4459      -135.3357     180.4885      85.1979       -179.1723     
     1800.0000     82.9566       169.8417      -172.4137     190.1419      101.5937      -216.2503     
     2000.0000     84.5426       186.5984      -211.3373     198.9679      118.3505      -255.1740     
     2200.0000     85.7547       203.6338      -251.9536     207.0852      135.3858      -295.7903     
     2400.0000     86.6633       220.8801      -294.1305     214.5877      152.6321      -337.9671     
     2600.0000     87.3316       238.2831      -337.7529     221.5523      170.0351      -381.5895     
 -----------------------------------------------------------------------------------------------------


 ====================================================================================================
   THERMO TABLE FOR MOLECULE A3-4
 ====================================================================================================
   Elemental Composition:
     C 14.0000
     H 9.0000
   Formation Enthalpy at 298K =          107.4818 kcal/mol
   Formation Free Gibbs Energy at 298K = 78.5638 kcal/mol
   Molecular Weight =                    177.2260 kg/kmol
 -----------------------------------------------------------------------------------------------------
   Temperature       Cp             H             G            S             DH            DG         
       [K]       [cal/mol/K]    [kcal/mol]    [kcal/mol]  [cal/(mol-K)]  [kcal/mol]     [kcal/mol]    
 -----------------------------------------------------------------------------------------------------
     300.0000      42.7192       107.5669      78.3695       97.3248       0.0851        -0.1944       
     600.0000      78.9052       126.3600      42.7819       139.2968      18.8782       -35.7819      
     800.0000      93.2152       143.6696      12.3925       164.0964      36.1878       -66.1714      
     1000.0000     102.8066      163.3334      -22.6625      185.9959      55.8516       -101.2263     
     1200.0000     108.2986      184.4404      -61.8257      205.2218      76.9586       -140.3895     
     1400.0000     113.6276      206.6415      -104.6103     222.3227      99.1597       -183.1742     
     1600.0000     118.1954      229.8402      -150.6473     237.8047      122.3584      -229.2112     
     1800.0000     121.6466      253.8447      -199.6425     251.9373      146.3629      -278.2063     
     2000.0000     123.8689      278.4163      -251.3430     264.8797      170.9345      -329.9068     
     2200.0000     124.9926      303.3184      -305.5226     276.7459      195.8366      -384.0865     
     2400.0000     125.3914      328.3645      -361.9767     287.6422      220.8827      -440.5405     
     2600.0000     125.6816      353.4672      -420.5228     297.6885      245.9854      -499.0866     
 -----------------------------------------------------------------------------------------------------


 ====================================================================================================
   THERMO TABLE FOR MOLECULE A3
 ====================================================================================================
   Elemental Composition:
     C 14.0000
     H 10.0000
   Formation Enthalpy at 298K =          49.5834 kcal/mol
   Formation Free Gibbs Energy at 298K = 21.0554 kcal/mol
   Molecular Weight =                    178.2340 kg/kmol
 -----------------------------------------------------------------------------------------------------
   Temperature       Cp             H             G            S             DH            DG         
       [K]       [cal/mol/K]    [kcal/mol]    [kcal/mol]  [cal/(mol-K)]  [kcal/mol]     [kcal/mol]    
 -----------------------------------------------------------------------------------------------------
     300.0000      43.9044       49.6709       20.8636       96.0242       0.0875        -0.1918       
     600.0000      81.5464       69.0584       -14.5287      139.3117      19.4749       -35.5841      
     800.0000      96.5575       86.9682       -45.0078      164.9699      37.3847       -66.0631      
     1000.0000     106.6833      107.3582      -80.3192      187.6774      57.7748       -101.3746     
     1200.0000     112.5740      129.2817      -119.8941     207.6465      79.6982       -140.9495     
     1400.0000     118.2229      152.3710      -163.2330     225.4315      102.7876      -184.2884     
     1600.0000     123.0432      176.5150      -209.9557     241.5442      126.9316      -231.0111     
     1800.0000     126.6905      201.5096      -259.7578     256.2596      151.9261      -280.8132     
     2000.0000     129.0629      227.1057      -312.3774     269.7416      177.5223      -333.4328     
     2200.0000     130.3009      253.0585      -367.5801     282.1085      203.4751      -388.6355     
     2400.0000     130.7874      279.1754      -425.1538     293.4705      229.5920      -446.2092     
     2600.0000     131.1477      305.3645      -484.9095     303.9516      255.7811      -505.9649     
 -----------------------------------------------------------------------------------------------------


 ====================================================================================================
   THERMO TABLE FOR MOLECULE A3C2H
 ====================================================================================================
   Elemental Composition:
     C 16.0000
     H 10.0000
   Formation Enthalpy at 298K =          109.0810 kcal/mol
   Formation Free Gibbs Energy at 298K = 77.7111 kcal/mol
   Molecular Weight =                    202.2560 kg/kmol
 -----------------------------------------------------------------------------------------------------
   Temperature       Cp             H             G            S             DH            DG         
       [K]       [cal/mol/K]    [kcal/mol]    [kcal/mol]  [cal/(mol-K)]  [kcal/mol]     [kcal/mol]    
 -----------------------------------------------------------------------------------------------------
     300.0000      52.1745       109.1850      77.5003       105.6159      0.1040        -0.2109       
     600.0000      92.0913       131.4658      38.1674       155.4973      22.3847       -39.5438      
     800.0000      107.5996      151.5406      4.1276        184.2662      42.4595       -73.5836      
     1000.0000     118.0373      174.1708      -35.3011      209.4719      65.0898       -113.0122     
     1200.0000     124.3225      198.4125      -79.4505      231.5525      89.3314       -157.1617     
     1400.0000     130.0169      223.8599      -127.7570     251.1549      114.7789      -205.4681     
     1600.0000     134.7417      250.3542      -179.7850     268.8370      141.2731      -257.4961     
     1800.0000     138.2987      277.6784      -235.1857     284.9245      168.5973      -312.8968     
     2000.0000     140.6704      305.5942      -293.6626     299.6284      196.5132      -371.3738     
     2200.0000     142.0200      333.8780      -354.9553     313.1061      224.7970      -432.6665     
     2400.0000     142.6914      362.3566      -418.8325     325.4955      253.2756      -496.5436     
     2600.0000     143.2090      390.9439      -485.0903     336.9362      281.8629      -562.8014     
 -----------------------------------------------------------------------------------------------------


 ====================================================================================================
   THERMO TABLE FOR MOLECULE A4-
 ====================================================================================================
   Elemental Composition:
     C 16.0000
     H 9.0000
   Formation Enthalpy at 298K =          112.3877 kcal/mol
   Formation Free Gibbs Energy at 298K = 82.7233 kcal/mol
   Molecular Weight =                    201.2480 kg/kmol
 -----------------------------------------------------------------------------------------------------
   Temperature       Cp             H             G            S             DH            DG         
       [K]       [cal/mol/K]    [kcal/mol]    [kcal/mol]  [cal/(mol-K)]  [kcal/mol]     [kcal/mol]    
 -----------------------------------------------------------------------------------------------------
     300.0000      46.8140       112.4810      82.5239       99.8570       0.0933        -0.1994       
     600.0000      86.9525       133.1298      45.5569       145.9548      20.7421       -37.1663      
     800.0000      102.5437      152.1969      13.5780       173.2736      39.8092       -69.1453      
     1000.0000     112.9592      173.7999      -23.5336      197.3335      61.4122       -106.2569     
     1200.0000     119.8962      197.1142      -65.1673      218.5679      84.7265       -147.8906     
     1400.0000     125.2489      221.6528      -110.8059     237.4705      109.2651      -193.5292     
     1600.0000     129.2880      247.1262      -160.0290     254.4720      134.7385      -242.7523     
     1800.0000     132.2681      273.2974      -212.4887     269.8812      160.9097      -295.2120     
     2000.0000     134.4275      299.9788      -267.8912     283.9350      187.5911      -350.6145     
     2200.0000     135.9883      327.0286      -325.9852     296.8244      214.6408      -408.7084     
     2400.0000     137.1563      354.3479      -386.5541     308.7092      241.9602      -469.2773     
     2600.0000     138.1209      381.8775      -449.4110     319.7264      269.4898      -532.1343     
 -----------------------------------------------------------------------------------------------------


 ====================================================================================================
   THERMO TABLE FOR MOLECULE A4
 ====================================================================================================
   Elemental Composition:
     C 16.0000
     H 10.0000
   Formation Enthalpy at 298K =          53.8832 kcal/mol
   Formation Free Gibbs Energy at 298K = 25.3417 kcal/mol
   Molecular Weight =                    202.2560 kg/kmol
 -----------------------------------------------------------------------------------------------------
   Temperature       Cp             H             G            S             DH            DG         
       [K]       [cal/mol/K]    [kcal/mol]    [kcal/mol]  [cal/(mol-K)]  [kcal/mol]     [kcal/mol]    
 -----------------------------------------------------------------------------------------------------
     300.0000      48.7333       53.9803       25.1498       96.1016       0.0971        -0.1919       
     600.0000      90.2233       75.4693       -10.9848      144.0902      21.5861       -36.3265      
     800.0000      106.4776      95.2511       -42.6949      172.4326      41.3679       -68.0366      
     1000.0000     117.3283      117.7028      -79.7345      197.4373      63.8196       -105.0762     
     1200.0000     123.6342      141.7998      -121.4632     219.3858      87.9166       -146.8049     
     1400.0000     129.5522      167.1301      -167.3264     238.8975      113.2469      -192.6681     
     1600.0000     134.5411      193.5582      -216.8978     256.5350      139.6750      -242.2395     
     1800.0000     138.2929      220.8636      -269.8366     272.6112      166.9804      -295.1783     
     2000.0000     140.7333      248.7874      -325.8512     287.3193      194.9042      -351.1929     
     2200.0000     142.0216      277.0795      -384.6826     300.8010      223.1964      -410.0243     
     2400.0000     142.5507      305.5449      -446.0984     313.1847      251.6617      -471.4400     
     2600.0000     142.9467      334.0904      -509.8924     324.6088      280.2072      -535.2341     
 -----------------------------------------------------------------------------------------------------


 ====================================================================================================
   THERMO TABLE FOR MOLECULE BINI-01
 ====================================================================================================
   Elemental Composition:
     H 2.0000
     C 24.0000
   Formation Enthalpy at 298K =          77.3296 kcal/mol
   Formation Free Gibbs Energy at 298K = 36.3687 kcal/mol
   Molecular Weight =                    290.2800 kg/kmol
 -----------------------------------------------------------------------------------------------------
   Temperature       Cp             H             G            S             DH            DG         
       [K]       [cal/mol/K]    [kcal/mol]    [kcal/mol]  [cal/(mol-K)]  [kcal/mol]     [kcal/mol]    
 -----------------------------------------------------------------------------------------------------
     300.0000      69.9389       77.4690       36.0934       137.9188      0.1393        -0.2754       
     600.0000      129.4825      108.3086      -15.7647      206.7889      30.9790       -52.1335      
     800.0000      152.8097      136.6982      -61.2730      247.4640      59.3685       -97.6417      
     1000.0000     168.3820      168.9193      -114.4298     283.3491      91.5897       -150.7985     
     1200.0000     177.4317      203.5018      -174.3161     314.8482      126.1721      -210.6848     
     1400.0000     185.9249      239.8542      -240.1360     342.8501      162.5246      -276.5047     
     1600.0000     193.0846      277.7821      -311.2776     368.1623      200.4524      -347.6463     
     1800.0000     198.4689      316.9689      -387.2519     391.2338      239.6393      -423.6206     
     2000.0000     201.9712      357.0434      -467.6403     412.3419      279.7138      -504.0090     
     2200.0000     203.8201      397.6464      -552.0713     431.6899      320.3168      -588.4400     
     2400.0000     204.5794      438.4981      -640.2112     449.4622      361.1685      -676.5799     
     2600.0000     205.1478      479.4647      -731.7643     465.8573      402.1351      -768.1330     
 -----------------------------------------------------------------------------------------------------


 ====================================================================================================
   THERMO TABLE FOR MOLECULE BINI-02
 ====================================================================================================
   Elemental Composition:
     H 2.0000
     C 48.0000
   Formation Enthalpy at 298K =          154.1265 kcal/mol
   Formation Free Gibbs Energy at 298K = 72.4869 kcal/mol
   Molecular Weight =                    578.5440 kg/kmol
 -----------------------------------------------------------------------------------------------------
   Temperature       Cp             H             G            S             DH            DG         
       [K]       [cal/mol/K]    [kcal/mol]    [kcal/mol]  [cal/(mol-K)]  [kcal/mol]     [kcal/mol]    
 -----------------------------------------------------------------------------------------------------
     300.0000      139.3958      154.4042      71.9380       274.8872      0.2777        -0.5488       
     600.0000      258.0729      215.8709      -31.4208      412.1529      61.7445       -103.9077     
     800.0000      304.5665      272.4545      -122.1238     493.2228      118.3280      -194.6106     
     1000.0000     335.6037      336.6747      -228.0711     564.7458      182.5482      -300.5579     
     1200.0000     353.6408      405.6014      -347.4311     627.5271      251.4749      -419.9179     
     1400.0000     370.5687      478.0558      -478.6173     683.3379      323.9293      -551.1042     
     1600.0000     384.8387      553.6502      -620.4104     733.7878      399.5237      -692.8972     
     1800.0000     395.5703      631.7539      -771.8355     779.7719      477.6274      -844.3223     
     2000.0000     402.5508      711.6268      -932.0585     821.8426      557.5003      -1004.5454    
     2200.0000     406.2359      792.5530      -1100.3387    860.4054      638.4266      -1172.8256    
     2400.0000     407.7492      873.9749      -1276.0112    895.8275      719.8484      -1348.4981    
     2600.0000     408.8821      955.6259      -1458.4866    928.5048      801.4994      -1530.9735    
 -----------------------------------------------------------------------------------------------------


 ====================================================================================================
   THERMO TABLE FOR MOLECULE BINI-03
 ====================================================================================================
   Elemental Composition:
     H 2.0000
     C 96.0000
   Formation Enthalpy at 298K =          307.7201 kcal/mol
   Formation Free Gibbs Energy at 298K = 144.7231 kcal/mol
   Molecular Weight =                    1155.0720 kg/kmol
 -----------------------------------------------------------------------------------------------------
   Temperature       Cp             H             G            S             DH            DG         
       [K]       [cal/mol/K]    [kcal/mol]    [kcal/mol]  [cal/(mol-K)]  [kcal/mol]     [kcal/mol]    
 -----------------------------------------------------------------------------------------------------
     300.0000      278.3097      308.2746      143.6273      548.8242      0.5545        -1.0958       
     600.0000      515.2537      430.9956      -62.7331      822.8810      123.2755      -207.4562     
     800.0000      608.0802      543.9671      -243.8254     984.7406      236.2470      -388.5485     
     1000.0000     670.0472      672.1855      -455.3537     1127.5392     364.4654      -600.0769     
     1200.0000     706.0590      809.8006      -693.6611     1252.8847     502.0805      -838.3842     
     1400.0000     739.8563      954.4589      -955.5801     1364.3136     646.7388      -1100.3032    
     1600.0000     768.3470      1105.3864     -1238.6759    1465.0390     797.6663      -1383.3991    
     1800.0000     789.7731      1261.3238     -1541.0027    1556.8480     953.6037      -1685.7258    
     2000.0000     803.7101      1420.7934     -1860.8949    1640.8442     1113.0733     -2005.6180    
     2200.0000     811.0675      1582.3662     -2196.8736    1717.8363     1274.6461     -2341.5967    
     2400.0000     814.0887      1744.9284     -2547.6113    1788.5582     1437.2083     -2692.3344    
     2600.0000     816.3508      1907.9481     -2911.9312    1853.7997     1600.2280     -3056.6543    
 -----------------------------------------------------------------------------------------------------


 ====================================================================================================
   THERMO TABLE FOR MOLECULE BINI-04
 ====================================================================================================
   Elemental Composition:
     H 2.0000
     C 192.0000
   Formation Enthalpy at 298K =          614.9074 kcal/mol
   Formation Free Gibbs Energy at 298K = 289.1957 kcal/mol
   Molecular Weight =                    2308.1279 kg/kmol
 -----------------------------------------------------------------------------------------------------
   Temperature       Cp             H             G            S             DH            DG         
       [K]       [cal/mol/K]    [kcal/mol]    [kcal/mol]  [cal/(mol-K)]  [kcal/mol]     [kcal/mol]    
 -----------------------------------------------------------------------------------------------------
     300.0000      556.1376      616.0154      287.0060      1096.6981     1.1080        -2.1897       
     600.0000      1029.6153     861.2448      -125.3575     1644.3373     246.3375      -414.5532     
     800.0000      1215.1075     1086.9923     -487.2286     1967.7761     472.0849      -776.4243     
     1000.0000     1338.9343     1343.2071     -909.9190     2253.1262     728.2998      -1199.1147    
     1200.0000     1410.8955     1618.1991     -1386.1211    2503.6001     1003.2917     -1675.3168    
     1400.0000     1478.4316     1907.2652     -1909.5056    2726.2648     1292.3578     -2198.7013    
     1600.0000     1535.3637     2208.8588     -2475.2071    2927.5412     1593.9515     -2764.4028    
     1800.0000     1578.1786     2520.4636     -3079.3372    3111.0004     1905.5562     -3368.5328    
     2000.0000     1606.0285     2839.1267     -3718.5677    3278.8472     2224.2193     -4007.7633    
     2200.0000     1620.7307     3161.9925     -4389.9433    3432.6981     2547.0852     -4679.1389    
     2400.0000     1626.7678     3486.8354     -5090.8113    3574.0195     2871.9280     -5380.0070    
     2600.0000     1631.2880     3812.5926     -5818.8203    3704.3896     3197.6852     -6108.0160    
 -----------------------------------------------------------------------------------------------------


 ====================================================================================================
   THERMO TABLE FOR MOLECULE BINI-05
 ====================================================================================================
   Elemental Composition:
     H 2.0000
     C 384.0000
   Formation Enthalpy at 298K =          1229.2820 kcal/mol
   Formation Free Gibbs Energy at 298K = 578.1407 kcal/mol
   Molecular Weight =                    4614.2399 kg/kmol
 -----------------------------------------------------------------------------------------------------
   Temperature       Cp             H             G            S             DH            DG         
       [K]       [cal/mol/K]    [kcal/mol]    [kcal/mol]  [cal/(mol-K)]  [kcal/mol]     [kcal/mol]    
 -----------------------------------------------------------------------------------------------------
     300.0000      1111.7932     1231.4971     573.7633      2192.4460     2.2151        -4.3775       
     600.0000      2058.3384     1721.7434     -250.6064     3287.2497     492.4615      -828.7472     
     800.0000      2429.1621     2173.0426     -974.0350     3933.8471     943.7607      -1552.1758    
     1000.0000     2676.7084     2685.2504     -1819.0496    4504.3000     1455.9684     -2397.1903    
     1200.0000     2820.5684     3234.9960     -2771.0411    5005.0309     2005.7140     -3349.1818    
     1400.0000     2955.5821     3812.8777     -3817.3566    5450.1673     2583.5957     -4395.4973    
     1600.0000     3069.3970     4415.8037     -4948.2694    5852.5457     3186.5218     -5526.4101    
     1800.0000     3154.9898     5038.7432     -6156.0060    6219.3051     3809.4612     -6734.1467    
     2000.0000     3210.6654     5675.7933     -7433.9131    6554.8532     4446.5113     -8012.0539    
     2200.0000     3240.0570     6321.2452     -8776.0825    6862.4217     5091.9632     -9354.2233    
     2400.0000     3252.1261     6970.6494     -10177.2114   7144.9420     5741.3675     -10755.3521   
     2600.0000     3261.1625     7621.8816     -11632.5986   7405.5693     6392.5997     -12210.7393   
 -----------------------------------------------------------------------------------------------------


 ====================================================================================================
   THERMO TABLE FOR MOLECULE BINI-06
 ====================================================================================================
   Elemental Composition:
     H 2.0000
     C 768.0000
   Formation Enthalpy at 298K =          2458.0311 kcal/mol
   Formation Free Gibbs Energy at 298K = 1156.0309 kcal/mol
   Molecular Weight =                    9226.4638 kg/kmol
 -----------------------------------------------------------------------------------------------------
   Temperature       Cp             H             G            S             DH            DG         
       [K]       [cal/mol/K]    [kcal/mol]    [kcal/mol]  [cal/(mol-K)]  [kcal/mol]     [kcal/mol]    
 -----------------------------------------------------------------------------------------------------
     300.0000      2223.1045     2462.4603     1147.2778     4383.9416     4.4292        -8.7531       
     600.0000      4115.7846     3442.7406     -501.1042     6573.0746     984.7095      -1657.1351    
     800.0000      4857.2712     4345.1434     -1947.6479    7865.9891     1887.1123     -3103.6788    
     1000.0000     5352.2567     5369.3369     -3637.3107    9006.6476     2911.3058     -4793.3416    
     1200.0000     5639.9143     6468.5898     -5540.8810    10007.8923    4010.5587     -6696.9119    
     1400.0000     5909.8831     7624.1027     -7633.0586    10897.9724    5166.0717     -8789.0895    
     1600.0000     6137.4636     8829.6935     -9894.3940    11702.5547    6371.6624     -11050.4249   
     1800.0000     6308.6121     10075.3024    -12309.3437   12435.9145    7617.2713     -13465.3746   
     2000.0000     6419.9391     11349.1265    -14864.6041   13106.8653    8891.0954     -16020.6350   
     2200.0000     6478.7096     12639.7506    -17548.3612   13721.8690    10181.7195    -18704.3921   
     2400.0000     6502.8426     13938.2775    -20350.0115   14286.7871    11480.2464    -21506.0425   
     2600.0000     6520.9115     15240.4597    -23260.1551   14807.9288    12782.4286    -24416.1860   
 -----------------------------------------------------------------------------------------------------


 ====================================================================================================
   THERMO TABLE FOR MOLECULE BINI-07
 ====================================================================================================
   Elemental Composition:
     H 2.0000
     C 1613.0000
   Formation Enthalpy at 298K =          5161.9192 kcal/mol
   Formation Free Gibbs Energy at 298K = 2427.6902 kcal/mol
   Molecular Weight =                    19375.7585 kg/kmol
 -----------------------------------------------------------------------------------------------------
   Temperature       Cp             H             G            S             DH            DG         
       [K]       [cal/mol/K]    [kcal/mol]    [kcal/mol]  [cal/(mol-K)]  [kcal/mol]     [kcal/mol]    
 -----------------------------------------------------------------------------------------------------
     300.0000      4668.5683     5171.2207     2409.3086     9206.3736     9.3015        -18.3816      
     600.0000      8643.2379     7229.8307     -1052.3298    13803.6009    2067.9115     -3480.0201    
     800.0000      10200.3761    9124.8965     -4090.1033    16518.7497    3962.9773     -6517.7936    
     1000.0000     11239.8564    11275.7252    -7638.4323    18914.1575    6113.8061     -10066.1225   
     1200.0000     11843.9437    13584.1804    -11635.9719   21016.7935    8422.2612     -14063.6621   
     1400.0000     12410.8841    16010.7829    -16029.5906   22885.9811    10848.8637    -18457.2808   
     1600.0000     12888.8080    18542.5498    -20778.4446   24575.6215    13380.6307    -23206.1348   
     1800.0000     13248.2236    21158.3558    -25849.8920   26115.6933    15996.4367    -28277.5823   
     2000.0000     13482.0129    23833.4145    -31215.9948   27524.7047    18671.4953    -33643.6851   
     2200.0000     13605.4321    26543.7533    -36851.9436   28816.2259    21381.8341    -39279.6339   
     2400.0000     13656.1120    29270.6883    -42735.4708   30002.5663    24108.7691    -45163.1611   
     2600.0000     13694.0570    32005.2993    -48846.8361   31096.9752    26843.3802    -51274.5263   
 -----------------------------------------------------------------------------------------------------


 ====================================================================================================
   THERMO TABLE FOR MOLECULE BINI-08
 ====================================================================================================
   Elemental Composition:
     H 2.0000
     C 3548.0000
   Formation Enthalpy at 298K =          11353.6629 kcal/mol
   Formation Free Gibbs Energy at 298K = 5339.7149 kcal/mol
   Molecular Weight =                    42617.0429 kg/kmol
 -----------------------------------------------------------------------------------------------------
   Temperature       Cp             H             G            S             DH            DG         
       [K]       [cal/mol/K]    [kcal/mol]    [kcal/mol]  [cal/(mol-K)]  [kcal/mol]     [kcal/mol]    
 -----------------------------------------------------------------------------------------------------
     300.0000      10268.5355    11374.1215    5299.2844     20249.4571    20.4587       -40.4305      
     600.0000      19010.8380    15902.0430    -2314.6038    30361.0779    4548.3801     -7654.3187    
     800.0000      22435.7700    20070.2480    -8996.1992    36333.0590    8716.5851     -14335.9141   
     1000.0000     24722.1113    24801.0049    -16800.7637   41601.7686    13447.3421    -22140.4786   
     1200.0000     26050.8040    29878.4617    -25593.3692   46226.5258    18524.7989    -30933.0841   
     1400.0000     27297.7917    35215.7842    -35257.1521   50337.8117    23862.1214    -40596.8670   
     1600.0000     28348.9875    40784.4163    -45702.2765   54054.1830    29430.7534    -51041.9914   
     1800.0000     29139.5236    46537.8925    -56856.9464   57441.5772    35184.2297    -62196.6613   
     2000.0000     29653.7441    52421.6953    -68659.7121   60540.7037    41068.0324    -73999.4270   
     2200.0000     29925.2054    58383.0969    -81056.0053   63381.4101    47029.4340    -86395.7202   
     2400.0000     30036.6759    64381.0020    -93996.8481   65990.7709    53027.3392    -99336.5630   
     2600.0000     30120.1363    70395.7905    -107438.8217  68397.9278    59042.1277    -112778.5366  
 -----------------------------------------------------------------------------------------------------


 ====================================================================================================
   THERMO TABLE FOR MOLECULE BINI-09
 ====================================================================================================
   Elemental Composition:
     H 2.0000
     C 8161.0000
   Formation Enthalpy at 298K =          26114.6517 kcal/mol
   Formation Free Gibbs Energy at 298K = 12281.9213 kcal/mol
   Molecular Weight =                    98023.7844 kg/kmol
 -----------------------------------------------------------------------------------------------------
   Temperature       Cp             H             G            S             DH            DG         
       [K]       [cal/mol/K]    [kcal/mol]    [kcal/mol]  [cal/(mol-K)]  [kcal/mol]     [kcal/mol]    
 -----------------------------------------------------------------------------------------------------
     300.0000      23618.7417    26161.7089    12188.9269    46575.9402    47.0572       -92.9945      
     600.0000      43726.9823    36576.4176    -5323.8390    69833.7610    10461.7659    -17605.7603   
     800.0000      51604.6961    46163.7397    -20692.2308   83569.9632    20049.0880    -32974.1522   
     1000.0000     56863.5282    57044.9920    -38643.5727   95688.5647    30930.3403    -50925.4940   
     1200.0000     59919.6652    68723.6917    -58867.5163   106326.0067   42609.0400    -71149.4377   
     1400.0000     62787.8717    81000.1104    -81095.2617   115782.4086   54885.4586    -93377.1831   
     1600.0000     65205.7357    93808.5661    -105120.1769  124330.4643   67693.9143    -117402.0982  
     1800.0000     67024.0540    107042.1834   -130777.1237  132121.8373   80927.5317    -143059.0450  
     2000.0000     68206.8167    120575.5657   -157924.7607  139250.1632   94460.9140    -170206.6820  
     2200.0000     68831.2069    134287.4337   -186437.5750  145784.0949   108172.7820   -198719.4963  
     2400.0000     69087.6011    148083.2639   -216202.9124  151785.9068   121968.6121   -228484.8337  
     2600.0000     69279.5688    161917.9275   -247120.9049  157322.6278   135803.2757   -259402.8263  
 -----------------------------------------------------------------------------------------------------


 ====================================================================================================
   THERMO TABLE FOR MOLECULE BINI-10
 ====================================================================================================
   Elemental Composition:
     H 2.0000
     C 19586.0000
   Formation Enthalpy at 298K =          62673.1385 kcal/mol
   Formation Free Gibbs Energy at 298K = 29475.6588 kcal/mol
   Molecular Weight =                    235249.4557 kg/kmol
 -----------------------------------------------------------------------------------------------------
   Temperature       Cp             H             G            S             DH            DG         
       [K]       [cal/mol/K]    [kcal/mol]    [kcal/mol]  [cal/(mol-K)]  [kcal/mol]     [kcal/mol]    
 -----------------------------------------------------------------------------------------------------
     300.0000      56683.1478    62786.0721    29252.4793    111778.6426   112.9336      -223.1795     
     600.0000      104941.3655   87780.5650    -12776.8000   167595.6084   25107.4266    -42252.4588   
     800.0000      123847.2676   110789.3943   -49659.7481   200561.4280   48116.2558    -79135.4069   
     1000.0000     136468.0566   136903.5557   -92741.5757   229645.1315   74230.4173    -122217.2346  
     1200.0000     143802.5478   164931.5285   -141277.4702  255174.1656   102258.3901   -170753.1290  
     1400.0000     150686.0209   194393.9808   -194622.3343  277868.7965   131720.8423   -224097.9931  
     1600.0000     156488.7070   225133.2808   -252280.2666  298383.4671   162460.1423   -281755.9254  
     1800.0000     160852.5300   256892.9357   -313854.9479  317082.1576   194219.7973   -343330.6068  
     2000.0000     163691.0689   289372.0035   -379007.1703  334189.5869   226698.8650   -408482.8291  
     2200.0000     165189.5573   322279.4229   -447435.7123  349870.5160   259606.2844   -476911.3711  
     2400.0000     165804.8838   355388.3452   -518870.2125  364274.3991   292715.2068   -548345.8713  
     2600.0000     166265.5919   388590.4649   -593070.9956  377562.1002   325917.3264   -622546.6544  
 -----------------------------------------------------------------------------------------------------


 ====================================================================================================
   THERMO TABLE FOR MOLECULE BINI-11
 ====================================================================================================
   Elemental Composition:
     H 2.0000
     C 48965.0000
   Formation Enthalpy at 298K =          156682.0470 kcal/mol
   Formation Free Gibbs Energy at 298K = 73688.7709 kcal/mol
   Molecular Weight =                    588120.6153 kg/kmol
 -----------------------------------------------------------------------------------------------------
   Temperature       Cp             H             G            S             DH            DG         
       [K]       [cal/mol/K]    [kcal/mol]    [kcal/mol]  [cal/(mol-K)]  [kcal/mol]     [kcal/mol]    
 -----------------------------------------------------------------------------------------------------
     300.0000      141707.1465   156964.3796   73130.8250    279445.1819   282.3326      -557.9460     
     600.0000      262352.0748   219450.2931   -31941.8375   418986.8843   62768.2461    -105630.6084  
     800.0000      309616.5883   276972.0726   -124148.7374  501401.0125   120290.0256   -197837.5083  
     1000.0000     341168.3991   342257.1428   -231852.7571  574109.9000   185575.0958   -305541.5281  
     1200.0000     359504.5343   412326.7175   -353191.8731  637932.1589   255644.6705   -426880.6441  
     1400.0000     376713.1288   485982.4722   -486553.3529  694668.4465   329300.4252   -560242.1238  
     1600.0000     391219.7694   562830.3296   -630697.4479  745954.8609   406148.2826   -704386.2188  
     1800.0000     402129.2707   642229.0615   -784633.3658  792701.3485   485547.0145   -858322.1367  
     2000.0000     409225.5809   723426.3160   -947513.0905  835469.7032   566744.2690   -1021201.8614 
     2200.0000     412971.7820   805694.4441   -1118583.5722 874671.8256   649012.3971   -1192272.3431 
     2400.0000     414510.0896   888466.3267   -1297168.9112 910681.3491   731784.2797   -1370857.6821 
     2600.0000     415661.8529   971471.2011   -1482669.9222 943900.4320   814789.1541   -1556358.6931 
 -----------------------------------------------------------------------------------------------------


 ====================================================================================================
   THERMO TABLE FOR MOLECULE BINI-12
 ====================================================================================================
   Elemental Composition:
     H 2.0000
     C 127308.0000
   Formation Enthalpy at 298K =          407369.2692 kcal/mol
   Formation Free Gibbs Energy at 298K = 191588.8985 kcal/mol
   Molecular Weight =                    1529098.3632 kg/kmol
 -----------------------------------------------------------------------------------------------------
   Temperature       Cp             H             G            S             DH            DG         
       [K]       [cal/mol/K]    [kcal/mol]    [kcal/mol]  [cal/(mol-K)]  [kcal/mol]     [kcal/mol]    
 -----------------------------------------------------------------------------------------------------
     300.0000      368434.9168   408103.3266   190138.2534   726550.2438   734.0573      -1450.6450    
     600.0000      682108.6125   570565.0863   -83047.9511   1089355.0624  163195.8171   -274636.8496  
     800.0000      804995.1271   720120.2262   -322783.5061  1303629.6654  312750.9569   -514372.4046  
     1000.0000     887029.0219   889859.7216   -602811.1722  1492670.8938  482490.4524   -794400.0707  
     1200.0000     934702.4916   1072038.8014  -918289.7397  1658607.1175  664669.5321   -1109878.6382 
     1400.0000     979444.3921   1263541.8586  -1265026.1385 1806119.9980  856172.5894   -1456615.0370 
     1600.0000     1017161.2822  1463344.3003  -1639797.0583 1939463.3492  1055975.0311  -1831385.9568 
     1800.0000     1045525.7027  1669778.9497  -2040026.4643 2061003.0077  1262409.6804  -2231615.3627 
     2000.0000     1063975.9247  1880889.7110  -2463509.5365 2172199.6237  1473520.4418  -2655098.4350 
     2200.0000     1073715.9491  2094784.7159  -2908288.3652 2274124.1278  1687415.4466  -3099877.2637 
     2400.0000     1077715.5069  2309989.4690  -3372605.6283 2367747.9572  1902620.1998  -3564194.5268 
     2600.0000     1080710.0592  2525799.9944  -3854903.4597 2454116.7131  2118430.7252  -4046492.3582 
 -----------------------------------------------------------------------------------------------------


 ====================================================================================================
   THERMO TABLE FOR MOLECULE BINI-13
 ====================================================================================================
   Elemental Composition:
     H 2.0000
     C 343732.0000
   Formation Enthalpy at 298K =          1099897.4029 kcal/mol
   Formation Free Gibbs Energy at 298K = 517290.2049 kcal/mol
   Molecular Weight =                    4128566.9579 kg/kmol
 -----------------------------------------------------------------------------------------------------
   Temperature       Cp             H             G            S             DH            DG         
       [K]       [cal/mol/K]    [kcal/mol]    [kcal/mol]  [cal/(mol-K)]  [kcal/mol]     [kcal/mol]    
 -----------------------------------------------------------------------------------------------------
     300.0000      994774.6089   1101879.3583  513373.4619   1961686.3214  1981.9555     -3916.7430    
     600.0000      1841693.8680  1540526.2563  -224229.5393  2941259.6593  440628.8534   -741519.7441  
     800.0000      2173487.5649  1944325.2683  -871515.7557  3519801.2800  844427.8655   -1388805.9605 
     1000.0000     2394979.1498  2402622.0577  -1627590.7081 4030212.7659  1302724.6549  -2144880.9130 
     1200.0000     2523697.5954  2894505.7554  -2479383.1579 4478240.7611  1794608.3526  -2996673.3628 
     1400.0000     2644500.7709  3411564.1881  -3415571.7576 4876525.6755  2311666.7852  -3932861.9624 
     1600.0000     2746336.4128  3951030.9672  -4427453.5898 5236552.8481  2851133.5643  -4944743.7946 
     1800.0000     2822920.3799  4508404.7139  -5508073.3585 5564710.0402  3408507.3110  -6025363.5633 
     2000.0000     2872736.0034  5078403.9685  -6651478.0480 5864941.0082  3978506.5656  -7168768.2528 
     2200.0000     2899034.0872  5655920.6849  -7852381.3002 6140137.2659  4556023.2820  -8369671.5050 
     2400.0000     2909832.9081  6236973.7248  -9106038.3438 6392921.6953  5137076.3219  -9623328.5487 
     2600.0000     2917918.2152  6819662.3528  -10408242.93926626117.4200  5719764.9499  -10925533.1441
 -----------------------------------------------------------------------------------------------------


 ====================================================================================================
   THERMO TABLE FOR MOLECULE BINI-14
 ====================================================================================================
   Elemental Composition:
     H 2.0000
     C 962448.0000
   Formation Enthalpy at 298K =          3079706.6506 kcal/mol
   Formation Free Gibbs Energy at 298K = 1448409.7065 kcal/mol
   Molecular Weight =                    11559964.6356 kg/kmol
 -----------------------------------------------------------------------------------------------------
   Temperature       Cp             H             G            S             DH            DG         
       [K]       [cal/mol/K]    [kcal/mol]    [kcal/mol]  [cal/(mol-K)]  [kcal/mol]     [kcal/mol]    
 -----------------------------------------------------------------------------------------------------
     300.0000      2785363.4161  3085256.1150  1437442.8478  5492710.8906  5549.4644     -10966.8587   
     600.0000      5156732.6682  4313465.0089  -627841.4900  8235510.8315  1233758.3583  -2076251.1965 
     800.0000      6085753.1900  5444100.0145  -2440239.3272 9855424.1772  2364393.3639  -3888649.0337 
     1000.0000     6705928.4066  6727328.4964  -4557245.0253 11284573.5217 3647621.8458  -6005654.7317 
     1200.0000     7066339.3005  8104600.1038  -6942259.0226 12539049.2720 5024893.4532  -8390668.7291 
     1400.0000     7404587.5168  9552360.8532  -9563581.9053 13654244.8275 6472654.2026  -11011991.6118
     1600.0000     7689726.7409  11062864.8468 -12396845.420214662318.9169 7983158.1962  -13845255.1267
     1800.0000     7904161.4112  12623508.2485 -15422574.776415581157.2361 9543801.5979  -16870984.4829
     2000.0000     8043644.8631  14219502.9992 -18624101.562716421802.2810 11139796.3486 -20072511.2692
     2200.0000     8117279.3292  15836546.5971 -21986624.005517192350.2739 12756839.9465 -23435033.7120
     2400.0000     8147515.9390  17463491.8763 -25496856.771117900145.2697 14383785.2256 -26945266.4775
     2600.0000     8170154.7195  19095016.7865 -29143022.411118553091.9991 16015310.1359 -30591432.1176
 -----------------------------------------------------------------------------------------------------


 ====================================================================================================
   THERMO TABLE FOR MOLECULE BINI-15
 ====================================================================================================
   Elemental Composition:
     H 2.0000
     C 2791100.0000
   Formation Enthalpy at 298K =          8931150.8250 kcal/mol
   Formation Free Gibbs Energy at 298K = 4200388.8861 kcal/mol
   Molecular Weight =                    33523903.2216 kg/kmol
 -----------------------------------------------------------------------------------------------------
   Temperature       Cp             H             G            S             DH            DG         
       [K]       [cal/mol/K]    [kcal/mol]    [kcal/mol]  [cal/(mol-K)]  [kcal/mol]     [kcal/mol]    
 -----------------------------------------------------------------------------------------------------
     300.0000      8077555.2900  8947244.2744  4168584.9906  15928864.2796 16093.4494    -31803.8956   
     600.0000      14954527.2964 12509050.6768 -1820740.6055 23882985.4705 3577899.8518  -6021129.4916 
     800.0000      17648687.2602 15787892.7532 -7076695.2272 28580734.9756 6856741.9282  -11277084.1134
     1000.0000     19447195.6786 19509255.9838 -13216012.796032725268.7797 10578105.1587 -17416401.6821
     1200.0000     20492387.5593 23503344.3928 -20132554.829036363249.3514 14572193.5677 -24332943.7151
     1400.0000     21473307.5750 27701851.3027 -27734392.539139597317.0299 18770700.4776 -31934781.4253
     1600.0000     22300211.4938 32082313.6567 -35950858.190542520732.4045 23151162.8317 -40151247.0767
     1800.0000     22922072.1794 36608180.3251 -44725474.880845185364.0032 27677029.5000 -48925863.7669
     2000.0000     23326574.3039 41236565.9315 -54009904.209047623235.0703 32305415.1065 -58210293.0951
     2200.0000     23540114.3476 45925993.2150 -63761221.025249857824.6546 36994842.3900 -67961609.9113
     2400.0000     23627800.5991 50644135.3915 -73940897.855451910430.5195 41712984.5664 -78141286.7415
     2600.0000     23693453.1557 55375558.5154 -84514780.094953803976.3886 46444407.6904 -88715168.9810
 -----------------------------------------------------------------------------------------------------


 ====================================================================================================
   THERMO TABLE FOR MOLECULE BINI-16
 ====================================================================================================
   Elemental Composition:
     H 2.0000
     C 8373301.0000
   Formation Enthalpy at 298K =          26793454.6238 kcal/mol
   Formation Free Gibbs Energy at 298K = 12601167.6041 kcal/mol
   Molecular Weight =                    100571717.6439 kg/kmol
 -----------------------------------------------------------------------------------------------------
   Temperature       Cp             H             G            S             DH            DG         
       [K]       [cal/mol/K]    [kcal/mol]    [kcal/mol]  [cal/(mol-K)]  [kcal/mol]     [kcal/mol]    
 -----------------------------------------------------------------------------------------------------
     300.0000      24232667.8710 26841734.9760 12505755.9094 47786596.8888 48280.3522    -95411.6948   
     600.0000      44863585.5910 37527155.0636 -5462222.3932 71648962.4280 10733700.4398 -18063389.9973
     800.0000      52946066.1761 47363682.1068 -21230087.580585742212.1091 20570227.4830 -33831255.1846
     1000.0000     58341591.9239 58527772.7294 -39648041.828998175814.5583 31734318.1056 -52249209.4330
     1200.0000     61477167.3788 70510038.6286 -60397669.0406109089756.391043716584.0048 -72998836.6448
     1400.0000     64419927.6339 83105560.3199 -83203183.9139118791960.167056312105.6960 -95804351.5181
     1600.0000     66900639.5620 96246948.3817 -107852582.7514127562206.958269453493.7578 -120453750.3555
     1800.0000     68766221.7434 109824549.4161-134176434.8325135556102.360383031094.7923 -146777602.4366
     2000.0000     69979728.1931 123709707.2848-162029724.9434142869716.114196916252.6610 -174630892.5476
     2200.0000     70620348.3602 137777990.1958-191283677.6241149573485.3727110984535.5720-203884845.2282
     2400.0000     70883407.1282 151932417.7902-221822710.4434155731303.4307125138963.1664-234423878.0475
     2600.0000     71080364.8152 166126688.2296-253544359.5794161411941.4650139333233.6058-266145527.1835
 -----------------------------------------------------------------------------------------------------


 ====================================================================================================
   THERMO TABLE FOR MOLECULE BINI-17
 ====================================================================================================
   Elemental Composition:
     H 2.0000
     C 25957232.0000
   Formation Enthalpy at 298K =          83059704.5816 kcal/mol
   Formation Free Gibbs Energy at 298K = 39063617.7308 kcal/mol
   Molecular Weight =                    311772307.2504 kg/kmol
 -----------------------------------------------------------------------------------------------------
   Temperature       Cp             H             G            S             DH            DG         
       [K]       [cal/mol/K]    [kcal/mol]    [kcal/mol]  [cal/(mol-K)]  [kcal/mol]     [kcal/mol]    
 -----------------------------------------------------------------------------------------------------
     300.0000      75121265.9293 83209373.6644 38767841.4966 148138440.5596149669.0829   -295776.2342  
     600.0000      139077107.3411116334174.0034-16932887.6409222111769.407133274469.4218 -55996505.3716
     800.0000      164132795.9918146827406.1100-65813266.6437265800840.942263767701.5285 -104876884.3745
     1000.0000     180858925.3152181436085.1500-122908921.2779304345006.427998376380.5685 -161972539.0086
     1200.0000     190579208.7951218581107.9531-187232762.1932338178225.1220135521403.3715-226296379.9240
     1400.0000     199701765.2161257627223.1416-257929854.2010368255055.2448174567518.5600-296993471.9318
     1600.0000     207391971.9291298365524.0150-334342986.1987395442818.8835215305819.4334-373406603.9295
     1800.0000     213175276.5612340456085.0638-415946922.9835420223893.3596257396380.4822-455010540.7142
     2000.0000     216937146.5654383500072.2869-502292117.4196442896094.8532300440367.7053-541355735.1504
     2200.0000     218923069.2211427111747.1560-592979365.6049463677778.5277344052042.5744-632042983.3356
     2400.0000     219738551.6335470990470.5817-687650362.0254482767013.5863387930766.0001-726713979.7562
     2600.0000     220349120.7341514992706.8779-785987468.8532500376990.6658431933002.2963-825051086.5839
 -----------------------------------------------------------------------------------------------------


 ====================================================================================================
   THERMO TABLE FOR MOLECULE BINI-18
 ====================================================================================================
   Elemental Composition:
     H 2.0000
     C 83063141.0000
   Formation Enthalpy at 298K =          265791049.6719 kcal/mol
   Formation Free Gibbs Energy at 298K = 125003573.1529 kcal/mol
   Molecular Weight =                    997671361.9507 kg/kmol
 -----------------------------------------------------------------------------------------------------
   Temperature       Cp             H             G            S             DH            DG         
       [K]       [cal/mol/K]    [kcal/mol]    [kcal/mol]  [cal/(mol-K)]  [kcal/mol]     [kcal/mol]    
 -----------------------------------------------------------------------------------------------------
     300.0000      240388046.5057266269990.7282124057089.2129474043005.0509478941.0563   -946483.9400  
     600.0000      445046734.6429372269349.7611-54185241.9172710757652.7973106478300.0892-179188815.0702
     800.0000      525224936.2475469847690.5187-210602452.5776850562678.8704204056640.8468-335606025.7305
     1000.0000     578748548.2123580595461.0735-393308544.7112973904005.7846314804411.4015-518312117.8641
     1200.0000     609853454.4909699459530.3319-599144827.17501082170297.9224433668480.6600-724148400.3279
     1400.0000     639045633.9992824407096.1017-825375516.88531178416152.1336558616046.4298-950379090.0383
     1600.0000     663654294.3834954769655.8491-1069897534.14251265416993.7447688978606.1772-1194901107.2955
     1800.0000     682160868.05041089459447.9330-1331030126.32311344716430.1423823668398.2611-1456033699.4761
     2000.0000     694198850.82441227200203.5354-1607334742.61111417267473.0733961409153.8635-1732338315.7641
     2200.0000     700553801.94581366757559.3450-1897533930.53221483768859.03511100966509.6731-2022537503.6852
     2400.0000     703163344.07201507169470.2398-2200481112.45021544854409.45421241378420.5679-2325484685.6031
     2600.0000     705117163.27691647976621.9714-2515159847.31821601206334.34221382185572.2995-2640163420.4711
 -----------------------------------------------------------------------------------------------------


 ====================================================================================================
   THERMO TABLE FOR MOLECULE BINI-19
 ====================================================================================================
   Elemental Composition:
     H 2.0000
     C 274108366.0000
   Formation Enthalpy at 298K =          877110464.6907 kcal/mol
   Formation Free Gibbs Energy at 298K = 412511790.3784 kcal/mol
   Molecular Weight =                    3292315498.2082 kg/kmol
 -----------------------------------------------------------------------------------------------------
   Temperature       Cp             H             G            S             DH            DG         
       [K]       [cal/mol/K]    [kcal/mol]    [kcal/mol]  [cal/(mol-K)]  [kcal/mol]     [kcal/mol]    
 -----------------------------------------------------------------------------------------------------
     300.0000      793280554.9044878690970.1792409388393.36431564341922.71651580505.4885  -3123397.0142 
     600.0000      1468654224.93601228488855.3821-178811301.34932345500261.2189351378390.6914-591323091.7277
     800.0000      1733242287.49621550497379.7645-694988097.92332806856847.1097673386915.0738-1107499888.3017
     1000.0000     1909870202.06661915965021.7192-1297918203.25033213883224.96961038854557.0285-1710429993.6288
     1200.0000     2012516405.15322308216454.6994-1977177950.09233571162003.99311431105990.0087-2389689740.4708
     1400.0000     2108850598.75182720543422.9230-2723739230.39643888773323.79961843432958.2323-3136251020.7748
     1600.0000     2190059179.58963150739871.5510-3530661891.79294175876102.08992273629406.8603-3943173682.1713
     1800.0000     2251130874.66943595216187.2432-4392399450.64034437564243.26862718105722.5526-4804911241.0187
     2000.0000     2290856220.27834049760682.9889-5304204689.26694676982686.12793172650218.2982-5716716479.6454
     2200.0000     2311827561.98784510299959.9629-6261862014.53454896437261.13523633189495.2722-6674373804.9130
     2400.0000     2320439054.65364973659269.3827-7261587720.27515098019579.02414096548804.6920-7674099510.6535
     2600.0000     2326886662.41555438322874.3656-8300027551.07175283980932.86054561212409.6749-8712539341.4501
 -----------------------------------------------------------------------------------------------------


 ====================================================================================================
   THERMO TABLE FOR MOLECULE BINI-20
 ====================================================================================================
   Elemental Composition:
     H 2.0000
     C 931968443.0000
   Formation Enthalpy at 298K =          2982175565.6994 kcal/mol
   Formation Free Gibbs Energy at 298K = 1402540079.9288 kcal/mol
   Molecular Weight =                    11193872672.2541 kg/kmol
 -----------------------------------------------------------------------------------------------------
   Temperature       Cp             H             G            S             DH            DG         
       [K]       [cal/mol/K]    [kcal/mol]    [kcal/mol]  [cal/(mol-K)]  [kcal/mol]     [kcal/mol]    
 -----------------------------------------------------------------------------------------------------
     300.0000      2697153880.25062987549284.34761391920530.12695318762514.06885373718.6482  -10619549.8018
     600.0000      4993424358.37174176862091.8540-607958424.11187974700859.94301194686526.1547-2010498504.0405
     800.0000      5893023777.32385271691074.0060-2362959526.67629543313250.85272289515508.3066-3765499606.6049
     1000.0000     6493558698.94836514281057.7242-4412921878.998410927202936.72263532105492.0248-5815461958.9272
     1200.0000     6842555770.54987847935932.2678-6722405007.533412141950783.16774865760366.5684-8124945087.4622
     1400.0000     7170092031.59999249847623.1014-9260713354.388413221829269.63566267672057.4020-10663253434.3172
     1600.0000     7446201210.138110712515547.9591-12004250396.838814197978715.49877730339982.2597-13406790476.7676
     1800.0000     7653844978.019912223735021.6650-14934158090.609915087718395.70839241559455.9656-16336698170.5387
     2000.0000     7788911158.642913769186308.5686-18034295895.722715901741102.145610787010742.8692-19436835975.6515
     2200.0000     7860213726.946715335019852.8530-21290330795.608416647886658.391612352844287.1536-22692870875.5372
     2400.0000     7889492809.413316910441508.8436-24689398189.396317333266540.933313928265943.1442-26091938269.3251
     2600.0000     7911414684.066518490297771.3162-28220093608.767917965535146.186215508122205.6169-29622633688.6967
 -----------------------------------------------------------------------------------------------------


 ====================================================================================================
   THERMO TABLE FOR MOLECULE BINJ-01
 ====================================================================================================
   Elemental Composition:
     H 1.0000
     C 24.0000
   Formation Enthalpy at 298K =          77.0632 kcal/mol
   Formation Free Gibbs Energy at 298K = 36.2434 kcal/mol
   Molecular Weight =                    289.2720 kg/kmol
 -----------------------------------------------------------------------------------------------------
   Temperature       Cp             H             G            S             DH            DG         
       [K]       [cal/mol/K]    [kcal/mol]    [kcal/mol]  [cal/(mol-K)]  [kcal/mol]     [kcal/mol]    
 -----------------------------------------------------------------------------------------------------
     300.0000      69.6979       77.2021       35.9690       137.4436      0.1389        -0.2744       
     600.0000      129.0365      107.9355      -15.7104      206.0765      30.8722       -51.9539      
     800.0000      152.2833      136.2272      -61.0619      246.6114      59.1640       -97.3053      
     1000.0000     167.8019      168.3374      -114.0355     282.3729      91.2741       -150.2790     
     1200.0000     176.8204      202.8007      -173.7155     313.7635      125.7375      -209.9590     
     1400.0000     185.2843      239.0279      -239.3087     341.6690      161.9647      -275.5521     
     1600.0000     192.4194      276.8251      -310.2052     366.8939      199.7619      -346.4486     
     1800.0000     197.7851      315.8769      -385.9177     389.8859      238.8137      -422.1612     
     2000.0000     201.2754      355.8134      -466.0293     410.9213      278.7501      -502.2727     
     2200.0000     203.1180      396.2765      -550.1694     430.2027      319.2133      -586.4128     
     2400.0000     203.8746      436.9874      -638.0056     447.9138      359.9242      -674.2490     
     2600.0000     204.4411      477.8129      -729.2433     464.2524      400.7497      -765.4867     
 -----------------------------------------------------------------------------------------------------


 ====================================================================================================
   THERMO TABLE FOR MOLECULE BINJ-02
 ====================================================================================================
   Elemental Composition:
     H 1.0000
     C 48.0000
   Formation Enthalpy at 298K =          153.8601 kcal/mol
   Formation Free Gibbs Energy at 298K = 72.3616 kcal/mol
   Molecular Weight =                    577.5360 kg/kmol
 -----------------------------------------------------------------------------------------------------
   Temperature       Cp             H             G            S             DH            DG         
       [K]       [cal/mol/K]    [kcal/mol]    [kcal/mol]  [cal/(mol-K)]  [kcal/mol]     [kcal/mol]    
 -----------------------------------------------------------------------------------------------------
     300.0000      139.1549      154.1373      71.8137       274.4121      0.2772        -0.5479       
     600.0000      257.6269      215.4978      -31.3665      411.4405      61.6377       -103.7281     
     800.0000      304.0401      271.9835      -121.9127     492.3703      118.1235      -194.2743     
     1000.0000     335.0236      336.0928      -227.6769     563.7696      182.2327      -300.0384     
     1200.0000     353.0295      404.9003      -346.8305     626.4424      251.0403      -419.1921     
     1400.0000     369.9282      477.2295      -477.7900     682.1568      323.3694      -550.1516     
     1600.0000     384.1735      552.6932      -619.3380     732.5195      398.8332      -691.6995     
     1800.0000     394.8865      630.6619      -770.5014     778.4240      476.8018      -842.8629     
     2000.0000     401.8550      710.3967      -930.4475     820.4221      556.5367      -1002.8090    
     2200.0000     405.5338      791.1831      -1098.4368    858.9181      637.3231      -1170.7984    
     2400.0000     407.0444      872.4642      -1273.8056    894.2791      718.6041      -1346.1672    
     2600.0000     408.1754      953.9741      -1455.9656    926.8999      800.1140      -1528.3272    
 -----------------------------------------------------------------------------------------------------


 ====================================================================================================
   THERMO TABLE FOR MOLECULE BINJ-03
 ====================================================================================================
   Elemental Composition:
     H 1.0000
     C 96.0000
   Formation Enthalpy at 298K =          307.4537 kcal/mol
   Formation Free Gibbs Energy at 298K = 144.5978 kcal/mol
   Molecular Weight =                    1154.0640 kg/kmol
 -----------------------------------------------------------------------------------------------------
   Temperature       Cp             H             G            S             DH            DG         
       [K]       [cal/mol/K]    [kcal/mol]    [kcal/mol]  [cal/(mol-K)]  [kcal/mol]     [kcal/mol]    
 -----------------------------------------------------------------------------------------------------
     300.0000      278.0688      308.0077      143.5030      548.3491      0.5540        -1.0948       
     600.0000      514.8076      430.6224      -62.6788      822.1686      123.1687      -207.2766     
     800.0000      607.5537      543.4961      -243.6143     983.8880      236.0424      -388.2121     
     1000.0000     669.4672      671.6036      -454.9595     1126.5631     364.1499      -599.5573     
     1200.0000     705.4477      809.0995      -693.0605     1251.8001     501.6458      -837.6584     
     1400.0000     739.2158      953.6326      -954.7528     1363.1324     646.1789      -1099.3506    
     1600.0000     767.6818      1104.4294     -1237.6035    1463.7706     796.9757      -1382.2014    
     1800.0000     789.0893      1260.2318     -1539.6686    1555.5002     952.7781      -1684.2664    
     2000.0000     803.0142      1419.5634     -1859.2838    1639.4236     1112.1097     -2003.8817    
     2200.0000     810.3653      1580.9963     -2194.9716    1716.3490     1273.5426     -2339.5694    
     2400.0000     813.3839      1743.4177     -2545.4056    1787.0097     1435.9640     -2690.0035    
     2600.0000     815.6440      1906.2963     -2909.4101    1852.1948     1598.8426     -3054.0080    
 -----------------------------------------------------------------------------------------------------


 ====================================================================================================
   THERMO TABLE FOR MOLECULE BINJ-04
 ====================================================================================================
   Elemental Composition:
     H 1.0000
     C 192.0000
   Formation Enthalpy at 298K =          614.6410 kcal/mol
   Formation Free Gibbs Energy at 298K = 289.0704 kcal/mol
   Molecular Weight =                    2307.1199 kg/kmol
 -----------------------------------------------------------------------------------------------------
   Temperature       Cp             H             G            S             DH            DG         
       [K]       [cal/mol/K]    [kcal/mol]    [kcal/mol]  [cal/(mol-K)]  [kcal/mol]     [kcal/mol]    
 -----------------------------------------------------------------------------------------------------
     300.0000      555.8966      615.7485      286.8816      1096.2230     1.1075        -2.1887       
     600.0000      1029.1692     860.8717      -125.3032     1643.6249     246.2307      -414.3736     
     800.0000      1214.5810     1086.5213     -487.0175     1966.9236     471.8803      -776.0879     
     1000.0000     1338.3542     1342.6252     -909.5248     2252.1500     727.9842      -1198.5952    
     1200.0000     1410.2842     1617.4980     -1385.5205    2502.5154     1002.8570     -1674.5909    
     1400.0000     1477.7910     1906.4388     -1908.6783    2725.0837     1291.7979     -2197.7487    
     1600.0000     1534.6985     2207.9019     -2474.1347    2926.2729     1593.2609     -2763.2051    
     1800.0000     1577.4949     2519.3716     -3078.0030    3109.6526     1904.7306     -3367.0734    
     2000.0000     1605.3327     2837.8967     -3716.9566    3277.4266     2223.2557     -4006.0270    
     2200.0000     1620.0285     3160.6226     -4388.0413    3431.2109     2545.9816     -4677.1117    
     2400.0000     1626.0631     3485.3247     -5088.6057    3572.4710     2870.6837     -5377.6761    
     2600.0000     1630.5813     3810.9408     -5816.2993    3702.7847     3196.2998     -6105.3697    
 -----------------------------------------------------------------------------------------------------


 ====================================================================================================
   THERMO TABLE FOR MOLECULE BINJ-05
 ====================================================================================================
   Elemental Composition:
     H 1.0000
     C 384.0000
   Formation Enthalpy at 298K =          1229.0155 kcal/mol
   Formation Free Gibbs Energy at 298K = 578.0155 kcal/mol
   Molecular Weight =                    4613.2319 kg/kmol
 -----------------------------------------------------------------------------------------------------
   Temperature       Cp             H             G            S             DH            DG         
       [K]       [cal/mol/K]    [kcal/mol]    [kcal/mol]  [cal/(mol-K)]  [kcal/mol]     [kcal/mol]    
 -----------------------------------------------------------------------------------------------------
     300.0000      1111.5523     1231.2302     573.6389      2191.9708     2.2146        -4.3765       
     600.0000      2057.8923     1721.3703     -250.5521     3286.5373     492.3548      -828.5676     
     800.0000      2428.6356     2172.5717     -973.8240     3932.9946     943.5562      -1551.8394    
     1000.0000     2676.1283     2684.6685     -1818.6554    4503.3238     1455.6529     -2396.6708    
     1200.0000     2819.9572     3234.2949     -2770.4406    5003.9463     2005.2794     -3348.4561    
     1400.0000     2954.9416     3812.0514     -3816.5294    5448.9863     2583.0358     -4394.5449    
     1600.0000     3068.7318     4414.8468     -4947.1972    5851.2774     3185.8312     -5525.2126    
     1800.0000     3154.3061     5037.6512     -6154.6721    6217.9574     3808.6357     -6732.6875    
     2000.0000     3209.9696     5674.5633     -7432.3023    6553.4328     4445.5477     -8010.3177    
     2200.0000     3239.3548     6319.8753     -8774.1808    6860.9346     5090.8598     -9352.1963    
     2400.0000     3251.4213     6969.1388     -10175.0060   7143.3937     5740.1233     -10753.0215   
     2600.0000     3260.4558     7620.2299     -11630.0778   7403.9645     6391.2143     -12208.0933   
 -----------------------------------------------------------------------------------------------------


 ====================================================================================================
   THERMO TABLE FOR MOLECULE BINJ-06
 ====================================================================================================
   Elemental Composition:
     H 1.0000
     C 768.0000
   Formation Enthalpy at 298K =          2457.7647 kcal/mol
   Formation Free Gibbs Energy at 298K = 1155.9056 kcal/mol
   Molecular Weight =                    9225.4558 kg/kmol
 -----------------------------------------------------------------------------------------------------
   Temperature       Cp             H             G            S             DH            DG         
       [K]       [cal/mol/K]    [kcal/mol]    [kcal/mol]  [cal/(mol-K)]  [kcal/mol]     [kcal/mol]    
 -----------------------------------------------------------------------------------------------------
     300.0000      2222.8636     2462.1934     1147.1535     4383.4665     4.4288        -8.7521       
     600.0000      4115.3385     3442.3675     -501.0499     6572.3622     984.6028      -1656.9555    
     800.0000      4856.7448     4344.6725     -1947.4368    7865.1366     1886.9078     -3103.3424    
     1000.0000     5351.6766     5368.7550     -3636.9165    9005.6714     2910.9903     -4792.8221    
     1200.0000     5639.3031     6467.8887     -5540.2807    10006.8079    4010.1240     -6696.1863    
     1400.0000     5909.2426     7623.2765     -7632.2315    10896.7914    5165.5118     -8788.1372    
     1600.0000     6136.7984     8828.7365     -9893.3219    11701.2865    6370.9718     -11049.2275   
     1800.0000     6307.9284     10074.2104    -12308.0099   12434.5669    7616.4457     -13463.9156   
     2000.0000     6419.2434     11347.8965    -14862.9934   13105.4450    8890.1318     -16018.8990   
     2200.0000     6478.0075     12638.3807    -17546.4597   13720.3820    10180.6160    -18702.3653   
     2400.0000     6502.1379     13936.7669    -20347.8064   14285.2389    11479.0022    -21503.7120   
     2600.0000     6520.2048     15238.8079    -23257.6346   14806.3241    12781.0433    -24413.5402   
 -----------------------------------------------------------------------------------------------------


 ====================================================================================================
   THERMO TABLE FOR MOLECULE BINJ-07
 ====================================================================================================
   Elemental Composition:
     H 1.0000
     C 1613.0000
   Formation Enthalpy at 298K =          5161.6527 kcal/mol
   Formation Free Gibbs Energy at 298K = 2427.5650 kcal/mol
   Molecular Weight =                    19374.7505 kg/kmol
 -----------------------------------------------------------------------------------------------------
   Temperature       Cp             H             G            S             DH            DG         
       [K]       [cal/mol/K]    [kcal/mol]    [kcal/mol]  [cal/(mol-K)]  [kcal/mol]     [kcal/mol]    
 -----------------------------------------------------------------------------------------------------
     300.0000      4668.3273     5170.9538     2409.1843     9205.8983     9.3010        -18.3807      
     600.0000      8642.7918     7229.4576     -1052.2755    13802.8884    2067.8048     -3479.8404    
     800.0000      10199.8496    9124.4255     -4089.8921    16517.8970    3962.7727     -6517.4571    
     1000.0000     11239.2763    11275.1433    -7638.0380    18913.1812    6113.4905     -10065.6029   
     1200.0000     11843.3325    13583.4793    -11635.3714   21015.7089    8421.8265     -14062.9364   
     1400.0000     12410.2436    16009.9566    -16028.7634   22884.8000    10848.3038    -18456.3284   
     1600.0000     12888.1429    18541.5929    -20777.3723   24574.3533    13379.9401    -23204.9373   
     1800.0000     13247.5400    21157.2639    -25848.5580   26114.3455    15995.6111    -28276.1230   
     2000.0000     13481.3172    23832.1845    -31214.3839   27523.2842    18670.5317    -33641.9489   
     2200.0000     13604.7301    26542.3834    -36850.0419   28814.7388    21380.7307    -39277.6068   
     2400.0000     13655.4074    29269.1778    -42733.2654   30001.0180    24107.5250    -45160.8304   
     2600.0000     13693.3506    32003.6477    -48844.3153   31095.3704    26841.9950    -51271.8803   
 -----------------------------------------------------------------------------------------------------


 ====================================================================================================
   THERMO TABLE FOR MOLECULE BINJ-08
 ====================================================================================================
   Elemental Composition:
     H 1.0000
     C 3548.0000
   Formation Enthalpy at 298K =          11353.3965 kcal/mol
   Formation Free Gibbs Energy at 298K = 5339.5896 kcal/mol
   Molecular Weight =                    42616.0349 kg/kmol
 -----------------------------------------------------------------------------------------------------
   Temperature       Cp             H             G            S             DH            DG         
       [K]       [cal/mol/K]    [kcal/mol]    [kcal/mol]  [cal/(mol-K)]  [kcal/mol]     [kcal/mol]    
 -----------------------------------------------------------------------------------------------------
     300.0000      10268.2946    11373.8547    5299.1601     20248.9819    20.4582       -40.4295      
     600.0000      19010.3919    15901.6698    -2314.5494    30360.3655    4548.2734     -7654.1391    
     800.0000      22435.2435    20069.7770    -8995.9881    36332.2065    8716.3806     -14335.5778   
     1000.0000     24721.5311    24800.4230    -16800.3694   41600.7924    13447.0265    -22139.9591   
     1200.0000     26050.1927    29877.7606    -25592.7678   46225.4403    18524.3641    -30932.3574   
     1400.0000     27297.1511    35214.9578    -35256.3238   50336.6297    23861.5613    -40595.9134   
     1600.0000     28348.3223    40783.4592    -45701.2029   54052.9138    29430.0627    -51040.7925   
     1800.0000     29138.8398    46536.8005    -56855.6109   57440.2285    35183.4040    -62195.2005   
     2000.0000     29653.0483    52420.4652    -68658.0995   60539.2823    41067.0687    -73997.6891   
     2200.0000     29924.5032    58381.7268    -81054.1016   63379.9220    47028.3304    -86393.6912   
     2400.0000     30035.9712    64379.4913    -93994.6406   65989.2216    53026.0948    -99334.2302   
     2600.0000     30119.4296    70394.1387    -107436.2987  68396.3221    59040.7422    -112775.8883  
 -----------------------------------------------------------------------------------------------------


 ====================================================================================================
   THERMO TABLE FOR MOLECULE BINJ-09
 ====================================================================================================
   Elemental Composition:
     H 1.0000
     C 8161.0000
   Formation Enthalpy at 298K =          26114.3855 kcal/mol
   Formation Free Gibbs Energy at 298K = 12281.7962 kcal/mol
   Molecular Weight =                    98022.7764 kg/kmol
 -----------------------------------------------------------------------------------------------------
   Temperature       Cp             H             G            S             DH            DG         
       [K]       [cal/mol/K]    [kcal/mol]    [kcal/mol]  [cal/(mol-K)]  [kcal/mol]     [kcal/mol]    
 -----------------------------------------------------------------------------------------------------
     300.0000      23618.5008    26161.4422    12188.8027    46575.4650    47.0567       -92.9935      
     600.0000      43726.5363    36576.0447    -5323.7845    69833.0486    10461.6592    -17605.5807   
     800.0000      51604.1698    46163.2690    -20692.0195   83569.1106    20048.8835    -32973.8158   
     1000.0000     56862.9482    57044.4103    -38643.1782   95687.5885    30930.0248    -50924.9745   
     1200.0000     59919.0538    68722.9905    -58866.9134   106324.9200   42608.6050    -71148.7097   
     1400.0000     62787.2310    80999.2839    -81094.4316   115781.2254   54884.8984    -93376.2279   
     1600.0000     65205.0703    93807.6088    -105119.1013  124329.1938   67693.2233    -117400.8975  
     1800.0000     67023.3702    107041.0912   -130775.7859  132120.4873   80926.7056    -143057.5821  
     2000.0000     68206.1209    120574.3354   -157923.1455  139248.7405   94459.9499    -170204.9418  
     2200.0000     68830.5048    134286.0635   -186435.6685  145782.6055   108171.6780   -198717.4648  
     2400.0000     69086.8966    148081.7530   -216200.7018  151784.3562   121967.3675   -228482.4981  
     2600.0000     69278.8625    161916.2756   -247118.3785  157321.0208   135801.8900   -259400.1748  
 -----------------------------------------------------------------------------------------------------


 ====================================================================================================
   THERMO TABLE FOR MOLECULE BINJ-10
 ====================================================================================================
   Elemental Composition:
     H 1.0000
     C 19586.0000
   Formation Enthalpy at 298K =          62672.8721 kcal/mol
   Formation Free Gibbs Energy at 298K = 29475.5332 kcal/mol
   Molecular Weight =                    235248.4477 kg/kmol
 -----------------------------------------------------------------------------------------------------
   Temperature       Cp             H             G            S             DH            DG         
       [K]       [cal/mol/K]    [kcal/mol]    [kcal/mol]  [cal/(mol-K)]  [kcal/mol]     [kcal/mol]    
 -----------------------------------------------------------------------------------------------------
     300.0000      56682.9071    62785.8052    29252.3547    111778.1685   112.9331      -223.1786     
     600.0000      104940.9196   87780.1920    -12776.7463   167594.8972   25107.3199    -42252.2795   
     800.0000      123846.7412   110788.9235   -49659.5378   200560.5766   48116.0514    -79135.0711   
     1000.0000     136467.4764   136902.9739   -92741.1826   229644.1565   74230.1018    -122216.7158  
     1200.0000     143801.9365   164930.8275   -141276.8688  255173.0802   102257.9554   -170752.4020  
     1400.0000     150685.3803   194393.1545   -194621.5060  277867.6147   131720.2824   -224097.0392  
     1600.0000     156488.0417   225132.3238   -252279.1930  298382.1980   162459.4517   -281754.7262  
     1800.0000     160851.8462   256891.8438   -313853.6125  317080.8090   194218.9717   -343329.1457  
     2000.0000     163690.3729   289370.7734   -379005.5578  334188.1656   226697.9013   -408481.0910  
     2200.0000     165188.8550   322278.0529   -447433.8087  349869.0280   259605.1809   -476909.3420  
     2400.0000     165804.1788   355386.8345   -518868.0051  364272.8498   292713.9624   -548343.5384  
     2600.0000     166264.8849   388588.8130   -593068.4727  377560.4945   325915.9409   -622544.0059  
 -----------------------------------------------------------------------------------------------------


 ====================================================================================================
   THERMO TABLE FOR MOLECULE BINJ-11
 ====================================================================================================
   Elemental Composition:
     H 1.0000
     C 48965.0000
   Formation Enthalpy at 298K =          156681.7806 kcal/mol
   Formation Free Gibbs Energy at 298K = 73688.6453 kcal/mol
   Molecular Weight =                    588119.6073 kg/kmol
 -----------------------------------------------------------------------------------------------------
   Temperature       Cp             H             G            S             DH            DG         
       [K]       [cal/mol/K]    [kcal/mol]    [kcal/mol]  [cal/(mol-K)]  [kcal/mol]     [kcal/mol]    
 -----------------------------------------------------------------------------------------------------
     300.0000      141706.9056   156964.1126   73130.7003    279444.7078   282.3321      -557.9450     
     600.0000      262351.6289   219449.9200   -31941.7839   418986.1730   62768.1394    -105630.4292  
     800.0000      309616.0623   276971.6017   -124148.5272  501400.1612   120289.8212   -197837.1725  
     1000.0000     341167.8199   342256.5611   -231852.3641  574108.9252   185574.7805   -305541.0094  
     1200.0000     359503.9223   412326.0159   -353191.2688  637931.0706   255644.2353   -426879.9141  
     1400.0000     376712.4874   485981.6452   -486552.5210  694667.2616   329299.8646   -560241.1663  
     1600.0000     391219.1031   562829.3717   -630696.3702  745953.5887   406147.5911   -704385.0155  
     1800.0000     402128.5855   642227.9684   -784632.0256  792699.9966   485546.1878   -858320.6709  
     2000.0000     409224.8833   723425.0844   -947511.4725  835468.2784   566743.3039   -1021200.1178 
     2200.0000     412971.0776   805693.0723   -1118581.6625 874670.3340   649011.2917   -1192270.3078 
     2400.0000     414509.3821   888464.8136   -1297166.6969 910679.7961   731783.0331   -1370855.3422 
     2600.0000     415661.1430   971469.5464   -1482667.3915 943898.8223   814787.7658   -1556356.0368 
 -----------------------------------------------------------------------------------------------------


 ====================================================================================================
   THERMO TABLE FOR MOLECULE BINJ-12
 ====================================================================================================
   Elemental Composition:
     H 1.0000
     C 127308.0000
   Formation Enthalpy at 298K =          407369.0040 kcal/mol
   Formation Free Gibbs Energy at 298K = 191588.7741 kcal/mol
   Molecular Weight =                    1529097.3552 kg/kmol
 -----------------------------------------------------------------------------------------------------
   Temperature       Cp             H             G            S             DH            DG         
       [K]       [cal/mol/K]    [kcal/mol]    [kcal/mol]  [cal/(mol-K)]  [kcal/mol]     [kcal/mol]    
 -----------------------------------------------------------------------------------------------------
     300.0000      368434.6760   408103.0608   190138.1300   726549.7694   734.0569      -1450.6441    
     600.0000      682108.1677   570564.7145   -83047.8962   1089354.3512  163195.7105   -274636.6703  
     800.0000      804994.6032   720119.7570   -322783.2947  1303628.8146  312750.7530   -514372.0688  
     1000.0000     887028.4457   889859.1420   -602810.7781  1492669.9202  482490.1381   -794399.5522  
     1200.0000     934701.8827   1072038.1014  -918289.1268  1658606.0236  664669.0975   -1109877.9009 
     1400.0000     979443.7548   1263541.0340  -1265025.2971 1806118.8079  856172.0300   -1456614.0712 
     1600.0000     1017160.6212  1463343.3458  -1639795.9701 1939462.0724  1055974.3418  -1831384.7442 
     1800.0000     1045525.0245  1669777.8611  -2040025.1127 2061001.6521  1262408.8571  -2231613.8868 
     2000.0000     1063975.2360  1880888.4856  -2463507.9065 2172198.1960  1473519.4816  -2655096.6805 
     2200.0000     1073715.2560  2094783.3522  -2908286.4430 2274122.6342  1687414.3482  -3099875.2171 
     2400.0000     1077714.8135  2309987.9667  -3372603.4012 2367746.4033  1902618.9627  -3564192.1753 
     2600.0000     1080709.3666  2525798.3535  -3854900.9162 2454115.1037  2118429.3495  -4046489.6903 
 -----------------------------------------------------------------------------------------------------


 ====================================================================================================
   THERMO TABLE FOR MOLECULE BINJ-13
 ====================================================================================================
   Elemental Composition:
     H 1.0000
     C 343732.0000
   Formation Enthalpy at 298K =          1099897.1365 kcal/mol
   Formation Free Gibbs Energy at 298K = 517290.0782 kcal/mol
   Molecular Weight =                    4128565.9499 kg/kmol
 -----------------------------------------------------------------------------------------------------
   Temperature       Cp             H             G            S             DH            DG         
       [K]       [cal/mol/K]    [kcal/mol]    [kcal/mol]  [cal/(mol-K)]  [kcal/mol]     [kcal/mol]    
 -----------------------------------------------------------------------------------------------------
     300.0000      994774.3743   1101879.0915  513373.3362   1961685.8512  1981.9550     -3916.7420    
     600.0000      1841693.4373  1540525.8864  -224229.4888  2941258.9588  440628.7499   -741519.5670  
     800.0000      2173487.0620  1944324.8045  -871515.5514  3519800.4448  844427.6680   -1388805.6295 
     1000.0000     2394978.6033  2402621.4886  -1627590.3248 4030211.8134  1302724.3521  -2144880.4030 
     1200.0000     2523696.9747  2894505.0457  -2479382.5000 4478239.6214  1794607.9091  -2996672.5781 
     1400.0000     2644500.1193  3411563.3511  -3415570.8617 4876524.4377  2311666.2146  -3932860.9398 
     1600.0000     2746335.7346  3951029.9971  -4427452.4373 5236551.5215  2851132.8605  -4944742.5155 
     1800.0000     2822919.6806  4508403.6059  -5508071.9324 5564708.6324  3408506.4694  -6025362.0106 
     2000.0000     2872735.2889  5078402.7191  -6651476.3328 5864939.5259  3978505.5825  -7168766.4110 
     2200.0000     2899033.3626  5655919.2914  -7852379.2816 6140135.7150  4556022.1549  -8369669.3598 
     2400.0000     2909832.1765  6236972.1857  -9106036.0087 6392920.0810  5137075.0492  -9623326.0869 
     2600.0000     2917917.4766  6819660.6667  -10408240.27536626115.7469  5719763.5302  -10925530.3534
 -----------------------------------------------------------------------------------------------------


 ====================================================================================================
   THERMO TABLE FOR MOLECULE BINJ-14
 ====================================================================================================
   Elemental Composition:
     H 1.0000
     C 962448.0000
   Formation Enthalpy at 298K =          3079706.3913 kcal/mol
   Formation Free Gibbs Energy at 298K = 1448409.5886 kcal/mol
   Molecular Weight =                    11559963.6276 kg/kmol
 -----------------------------------------------------------------------------------------------------
   Temperature       Cp             H             G            S             DH            DG         
       [K]       [cal/mol/K]    [kcal/mol]    [kcal/mol]  [cal/(mol-K)]  [kcal/mol]     [kcal/mol]    
 -----------------------------------------------------------------------------------------------------
     300.0000      2785363.1756  3085255.8552  1437442.7309  5492710.4144  5549.4639     -10966.8577   
     600.0000      5156732.2259  4313464.6434  -627841.4280  8235510.1191  1233758.2521  -2076251.0167 
     800.0000      6085752.6720  5444099.5524  -2440239.1086 9855423.3263  2364393.1611  -3888648.6973 
     1000.0000     6705927.8422  6727327.9257  -4557244.6241 11284572.5498 3647621.5344  -6005654.2128 
     1200.0000     7066338.6825  8104599.3976  -6942258.2969 12539048.0787 5024893.0062  -8390667.8856 
     1400.0000     7404586.8695  9552360.0204  -9563580.9311 13654243.5367 6472653.6290  -11011990.5197
     1600.0000     7689726.0698  11062863.8820 -12396844.178814662317.5380 7983157.4907  -13845253.7675
     1800.0000     7904160.7238  12623507.1477 -15422573.251215581155.7771 9543800.7563  -16870982.8398
     2000.0000     8043644.1676  14219501.7600 -18624099.738316421800.7491 11139795.3687 -20072509.3269
     2200.0000     8117278.6335  15836545.2186 -21986621.868017192348.6757 12756838.8273 -23435031.4566
     2400.0000     8147515.2495  17463490.3592 -25496854.307717900143.6112 14383783.9679 -26945263.8964
     2600.0000     8170154.0398  19095015.1325 -29143019.610618553090.2858 16015308.7412 -30591429.1992
 -----------------------------------------------------------------------------------------------------


 ====================================================================================================
   THERMO TABLE FOR MOLECULE BINJ-15
 ====================================================================================================
   Elemental Composition:
     H 1.0000
     C 2791100.0000
   Formation Enthalpy at 298K =          8931150.5700 kcal/mol
   Formation Free Gibbs Energy at 298K = 4200388.7539 kcal/mol
   Molecular Weight =                    33523902.2136 kg/kmol
 -----------------------------------------------------------------------------------------------------
   Temperature       Cp             H             G            S             DH            DG         
       [K]       [cal/mol/K]    [kcal/mol]    [kcal/mol]  [cal/(mol-K)]  [kcal/mol]     [kcal/mol]    
 -----------------------------------------------------------------------------------------------------
     300.0000      8077555.0751  8947244.0190  4168584.8592  15928863.8659 16093.4490    -31803.8947   
     600.0000      14954526.9029 12509050.3269 -1820740.5806 23882984.8458 3577899.7569  -6021129.3345 
     800.0000      17648686.8031 15787892.3177 -7076695.0648 28580734.2281 6856741.7477  -11277083.8187
     1000.0000     19447195.1819 19509255.4526 -13216012.473232725267.9258 10578104.8826 -17416401.2271
     1200.0000     20492386.9460 23503343.6836 -20132554.094736363248.1486 14572193.1136 -24332942.8486
     1400.0000     21473306.9388 27701850.4685 -27734391.554539597315.7307 18770699.8985 -31934780.3084
     1600.0000     22300210.8418 32082312.6936 -35950856.937342520731.0193 23151162.1236 -40151245.6912
     1800.0000     22922071.5206 36608179.2307 -44725473.342645185362.5407 27677028.6607 -48925862.0965
     2000.0000     23326573.6482 41236564.7055 -54009902.371347623233.5384 32305414.1355 -58210291.1252
     2200.0000     23540113.7044 45925991.8590 -63761218.874849857823.0608 36994841.2890 -67961607.6288
     2400.0000     23627799.9764 50644133.9088 -73940895.380651910428.8706 41712983.3388 -78141284.1346
     2600.0000     23693452.5586 55375556.9106 -84514777.285353803974.6908 46444406.3406 -88715166.0392
 -----------------------------------------------------------------------------------------------------


 ====================================================================================================
   THERMO TABLE FOR MOLECULE BINJ-16
 ====================================================================================================
   Elemental Composition:
     H 1.0000
     C 8373301.0000
   Formation Enthalpy at 298K =          26793454.4001 kcal/mol
   Formation Free Gibbs Energy at 298K = 12601167.5204 kcal/mol
   Molecular Weight =                    100571716.6359 kg/kmol
 -----------------------------------------------------------------------------------------------------
   Temperature       Cp             H             G            S             DH            DG         
       [K]       [cal/mol/K]    [kcal/mol]    [kcal/mol]  [cal/(mol-K)]  [kcal/mol]     [kcal/mol]    
 -----------------------------------------------------------------------------------------------------
     300.0000      24232667.6018 26841734.7517 12505755.8265 47786596.4173 48280.3516    -95411.6938   
     600.0000      44863585.1212 37527154.7241 -5462222.2949 71648961.6983 10733700.3240 -18063389.8153
     800.0000      52946065.6618 47363681.6678 -21230087.321585742211.2366 20570227.2677 -33831254.8419
     1000.0000     58341591.4271 58527772.1883 -39648041.383598175813.5718 31734317.7882 -52249208.9039
     1200.0000     61477166.7098 70510037.8710 -60397667.1664109089754.197843716583.4709 -72998834.6868
     1400.0000     64419926.9297 83105559.4249 -83203181.5903118791957.868056312105.0248 -95804349.1107
     1600.0000     66900638.8199 96246947.3421 -107852579.9582127562204.562769453492.9420 -120453747.4786
     1800.0000     68766220.9590 109824548.2240-134176431.5511135556099.875183031093.8240 -146777599.0715
     2000.0000     69979727.3585 123709705.9310-162029721.1565142869713.543896916251.5309 -174630888.6768
     2200.0000     70620347.4626 137777988.6690-191283673.3148149573482.7199110984534.2689-203884840.8351
     2400.0000     70883406.1484 151932416.0761-221822705.5954155731300.6965125138961.6760-234423873.1157
     2600.0000     71080363.7256 166126686.3091-253544354.1763161411938.6482139333231.9090-266145521.6967
 -----------------------------------------------------------------------------------------------------


 ====================================================================================================
   THERMO TABLE FOR MOLECULE BINJ-17
 ====================================================================================================
   Elemental Composition:
     H 1.0000
     C 25957232.0000
   Formation Enthalpy at 298K =          83059704.3676 kcal/mol
   Formation Free Gibbs Energy at 298K = 39063617.3347 kcal/mol
   Molecular Weight =                    311772306.2424 kg/kmol
 -----------------------------------------------------------------------------------------------------
   Temperature       Cp             H             G            S             DH            DG         
       [K]       [cal/mol/K]    [kcal/mol]    [kcal/mol]  [cal/(mol-K)]  [kcal/mol]     [kcal/mol]    
 -----------------------------------------------------------------------------------------------------
     300.0000      75121265.6587 83209373.4499 38767841.0993 148138441.1688149669.0823   -295776.2354  
     600.0000      139077106.6595116334173.6480-16932888.1762222111769.707033274469.2805 -55996505.5109
     800.0000      164132794.9367146827405.5831-65813267.2152265800840.997963767701.2156 -104876884.5499
     1000.0000     180858923.7256181436084.3619-122908921.8325304345006.194398376379.9943 -161972539.1672
     1200.0000     190579208.1261218581107.1955-187232762.7034338178224.9157135521402.8279-226296380.0381
     1400.0000     199701764.5118257627222.2467-257929854.6592368255054.9328174567517.8791-296993471.9939
     1600.0000     207391971.1870298365522.9754-334342986.5847395442818.4751215305818.6079-373406603.9194
     1800.0000     213175275.7768340456083.8717-415946923.2787420223892.8614257396379.5042-455010540.6134
     2000.0000     216937145.7309383500070.9330-502292117.6066442896094.2698300440366.5655-541355734.9413
     2200.0000     218923068.3235427111745.6293-592979365.6669463677777.8619344052041.2617-632042983.0016
     2400.0000     219738550.6536470990468.8676-687650361.9462482767012.8391387930764.5000-726713979.2809
     2600.0000     220349119.6445514992704.9574-785987468.6163500376989.8360431933000.5898-825051085.9510
 -----------------------------------------------------------------------------------------------------


 ====================================================================================================
   THERMO TABLE FOR MOLECULE BINJ-18
 ====================================================================================================
   Elemental Composition:
     H 1.0000
     C 83063141.0000
   Formation Enthalpy at 298K =          265791049.5974 kcal/mol
   Formation Free Gibbs Energy at 298K = 125003573.8258 kcal/mol
   Molecular Weight =                    997671360.9427 kg/kmol
 -----------------------------------------------------------------------------------------------------
   Temperature       Cp             H             G            S             DH            DG         
       [K]       [cal/mol/K]    [kcal/mol]    [kcal/mol]  [cal/(mol-K)]  [kcal/mol]     [kcal/mol]    
 -----------------------------------------------------------------------------------------------------
     300.0000      240388046.0364266269990.6527124057089.8908474043002.5397478941.0553   -946483.9350  
     600.0000      445046733.7626372269349.4853-54185240.4182710757649.8391106478299.8879-179188814.2440
     800.0000      525224934.9937469847690.0315-210602450.4572850562675.6108204056640.4341-335606024.2830
     1000.0000     578748546.4240580595460.2853-393308541.9062973904002.1914314804410.6879-518312115.7320
     1200.0000     609853454.4909699459530.3319-599144827.17501082170297.9224433668480.7345-724148401.0008
     1400.0000     639045633.9992824407096.1017-825375516.88531178416152.1336558616046.5043-950379090.7111
     1600.0000     663654294.3834954769655.8491-1069897534.14251265416993.7448688978606.2517-1194901107.9683
     1800.0000     682160868.05041089459447.9330-1331030126.32311344716430.1423823668398.3356-1456033700.1489
     2000.0000     694198850.82441227200203.5354-1607334742.61111417267473.0733961409153.9381-1732338316.4369
     2200.0000     700553801.94581366757559.3450-1897533930.53221483768859.03511100966509.7476-2022537504.3581
     2400.0000     703163344.07201507169470.2398-2200481112.45021544854409.45421241378420.6424-2325484686.2760
     2600.0000     705117163.27691647976621.9714-2515159847.31821601206334.34221382185572.3740-2640163421.1440
 -----------------------------------------------------------------------------------------------------


 ====================================================================================================
   THERMO TABLE FOR MOLECULE BINJ-19
 ====================================================================================================
   Elemental Composition:
     H 1.0000
     C 274108366.0000
   Formation Enthalpy at 298K =          877110464.6907 kcal/mol
   Formation Free Gibbs Energy at 298K = 412511790.3784 kcal/mol
   Molecular Weight =                    3292315497.2002 kg/kmol
 -----------------------------------------------------------------------------------------------------
   Temperature       Cp             H             G            S             DH            DG         
       [K]       [cal/mol/K]    [kcal/mol]    [kcal/mol]  [cal/(mol-K)]  [kcal/mol]     [kcal/mol]    
 -----------------------------------------------------------------------------------------------------
     300.0000      793280554.9044878690970.1792409388393.36431564341922.71651580505.4885  -3123397.0142 
     600.0000      1468654224.93601228488855.3821-178811301.34932345500261.2189351378390.6914-591323091.7277
     800.0000      1733242287.49621550497379.7645-694988097.92332806856847.1097673386915.0738-1107499888.3017
     1000.0000     1909870202.06661915965021.7192-1297918203.25033213883224.96961038854557.0285-1710429993.6288
     1200.0000     2012516403.16622308216452.3150-1977177935.57123571161989.90511431105987.6243-2389689725.9496
     1400.0000     2108850596.76482720543420.1412-2723739213.02623888773309.40531843432955.4505-3136251003.4046
     1600.0000     2190059177.60263150739868.3718-3530661871.51674175876087.43032273629403.6811-3943173661.8952
     1800.0000     2251130872.68243595216183.6666-4392399427.40834437564228.37502718105718.9760-4804911217.7868
     2000.0000     2290856218.29134049760679.0149-5304204663.03504676982671.02493172650214.3242-5716716453.4134
     2200.0000     2311827560.00084510299955.5915-6261861985.26274896437245.84283633189490.9008-6674373775.6412
     2400.0000     2320439052.66664973659264.6139-7261587687.92725098019563.55884096548799.9232-7674099478.3057
     2600.0000     2326886660.42855438322869.1994-8300027515.61475283980917.23624561212404.5087-8712539305.9931
 -----------------------------------------------------------------------------------------------------


 ====================================================================================================
   THERMO TABLE FOR MOLECULE BINJ-20
 ====================================================================================================
   Elemental Composition:
     H 1.0000
     C 931968443.0000
   Formation Enthalpy at 298K =          2982175565.7003 kcal/mol
   Formation Free Gibbs Energy at 298K = 1402540079.9286 kcal/mol
   Molecular Weight =                    11193872671.2461 kg/kmol
 -----------------------------------------------------------------------------------------------------
   Temperature       Cp             H             G            S             DH            DG         
       [K]       [cal/mol/K]    [kcal/mol]    [kcal/mol]  [cal/(mol-K)]  [kcal/mol]     [kcal/mol]    
 -----------------------------------------------------------------------------------------------------
     300.0000      2697153880.26672987549284.34851391920530.12675318762514.07285373718.6483  -10619549.8019
     600.0000      4993424358.62924176862091.8849-607958424.11957974700860.00731194686526.1846-2010498504.0480
     800.0000      5893023778.13765271691074.1362-2362959526.70879543313251.05622289515508.4359-3765499606.6373
     1000.0000     6493558700.93536514281058.1216-4412921879.097810927202937.21933532105492.4213-5815461959.0263
     1200.0000     6842555770.54987847935932.2678-6722405007.533412141950783.16774865760366.5675-8124945087.4620
     1400.0000     7170092031.59999249847623.1014-9260713354.388413221829269.63566267672057.4011-10663253434.3170
     1600.0000     7446201210.138110712515547.9591-12004250396.838814197978715.49877730339982.2588-13406790476.7673
     1800.0000     7653844978.019912223735021.6650-14934158090.609915087718395.70839241559455.9647-16336698170.5385
     2000.0000     7788911158.642913769186308.5686-18034295895.722715901741102.145610787010742.8683-19436835975.6512
     2200.0000     7860213726.946715335019852.8530-21290330795.608416647886658.391612352844287.1527-22692870875.5370
     2400.0000     7889492809.413316910441508.8436-24689398189.396317333266540.933313928265943.1433-26091938269.3248
     2600.0000     7911414684.066518490297771.3162-28220093608.767917965535146.186215508122205.6159-29622633688.6965
 -----------------------------------------------------------------------------------------------------


